source_file,source_sheet,project_name,unit_code,unit_type,price,bua,land_area,garden_area,roof_area,bedrooms,bathrooms,finishing,delivery_status,status,location,price_per_sqm,has_garden,has_roof
9-3-2026 (1).xlsx,lvls,Phase-2,LV-SM-SV-135,Villa,114531610.0,320.0,373.56,0.0,70.0,,,,OFF PLAN - 4,Available,,357911.28125,False,True
9-3-2026 (1).xlsx,lvls,Phase-2,LV-SM-SV-136,Villa,114528796.0,320.0,373.53,0.0,70.0,,,,OFF PLAN - 4,Available,,357902.4875,False,True
9-3-2026 (1).xlsx,lvls,Phase-2,LV-SM-TH-131-C,Town House,33897724.0,180.0,120.0,0.0,15.0,,,,OFF PLAN - 4,Available,,188320.6888888889,False,True
9-3-2026 (1).xlsx,lvls,Phase-2,LV-SM-TH-131-D,Town House,33897724.0,180.0,120.0,0.0,15.0,,,,OFF PLAN - 4,Available,,188320.6888888889,False,True
9-3-2026 (1).xlsx,lvls,Phase-2,LV-SM-TH-132-B,Town House,33897724.0,180.0,120.0,0.0,15.0,,,,OFF PLAN - 4,Available,,188320.6888888889,False,True
9-3-2026 (1).xlsx,lvls,Phase-2,LV-SM-TH-132-C,Town House,33897724.0,180.0,120.0,0.0,15.0,,,,OFF PLAN - 4,Available,,188320.6888888889,False,True
9-3-2026 (1).xlsx,lvls,Phase-2,LV-SM-TH-133-B,Town House,33897724.0,180.0,120.0,0.0,15.0,,,,OFF PLAN - 4,Available,,188320.6888888889,False,True
9-3-2026 (1).xlsx,aliva,2026-08-25,C-M-12-A0-1,Garden Millennial,14847995.0,110.0,0.0,122.49,0.0,,,,OFF PLAN - 4.5,Available,,134981.77272727274,True,False
9-3-2026 (1).xlsx,aliva,2026-08-25,C-M-12-A0-4,Garden Millennial,15728603.0,120.0,0.0,131.87,0.0,,,,OFF PLAN - 4.5,Available,,131071.69166666667,True,False
9-3-2026 (1).xlsx,aliva,2026-08-25,C-M-13-A0-4,Garden Millennial,14365966.0,130.0,0.0,57.46,0.0,,,,OFF PLAN - 4.5,Available,,110507.43076923076,True,False
9-3-2026 (1).xlsx,aliva,2026-08-25,C-M2-15-A0-1,Garden Millennial,15480544.0,115.0,0.0,125.02,0.0,,,,OFF PLAN - 4.5,Available,,134613.42608695652,True,False
9-3-2026 (1).xlsx,aliva,2026-08-25,C-M2-15-A0-4,Garden Millennial,15478738.0,115.0,0.0,124.87,0.0,,,,OFF PLAN - 4.5,Available,,134597.72173913044,True,False
9-3-2026 (1).xlsx,aliva,2026-08-25,C-M2-16-B0-4,Garden Millennial,16264096.0,115.0,0.0,122.59,0.0,,,,OFF PLAN - 4.5,Available,,141426.92173913043,True,False
9-3-2026 (1).xlsx,aliva,2026-08-25,C-M2-16-B4-4,Millennial,12992598.0,130.0,0.0,0.0,0.0,,,,OFF PLAN - 4.5,Available,,99943.06153846154,False,False
9-3-2026 (1).xlsx,aliva,2026-08-25,C-iV-01-A0-2,I-Villa Garden,22033180.0,205.0,0.0,111.86,0.0,,,,OFF PLAN - 4.5,Available,,107478.9268292683,True,False
9-3-2026 (1).xlsx,aliva,2026-08-25,C-iV-01-B2-2,Apartment,12678923.0,120.0,0.0,0.0,0.0,,,,OFF PLAN - 4.5,Available,,105657.69166666667,False,False
9-3-2026 (1).xlsx,aliva,2026-08-25,C-iV-01-B3-3,I-Villa Roof,22520094.0,255.0,0.0,0.0,25.0,,,,OFF PLAN - 4.5,Available,,88314.09411764707,False,True
9-3-2026 (1).xlsx,aliva,2026-08-25,C-iV-04-B3-2,I-Villa Roof,22642661.0,230.0,0.0,0.0,15.0,,,,OFF PLAN - 4.5,Available,,98446.35217391304,False,True
9-3-2026 (1).xlsx,aliva,2026-08-25,C-iV-06-A0-2,I-Villa Garden,23542691.0,205.0,0.0,111.86,0.0,,,,OFF PLAN - 4.5,Available,,114842.39512195122,True,False
9-3-2026 (1).xlsx,aliva,2026-08-25,C-iV-06-B0-3,I-Villa Garden,22893988.0,205.0,0.0,120.08,0.0,,,,OFF PLAN - 4.5,Available,,111677.99024390244,True,False
9-3-2026 (1).xlsx,aliva,2026-08-25,C-iV-06-B3-3,I-Villa Roof,22650725.0,255.0,0.0,0.0,25.0,,,,OFF PLAN - 4.5,Available,,88826.37254901961,False,True
9-3-2026 (1).xlsx,aliva,2026-08-25,C-iV-07-A0-2,I-Villa Garden,22452489.0,205.0,0.0,111.86,0.0,,,,OFF PLAN - 4.5,Available,,109524.33658536585,True,False
9-3-2026 (1).xlsx,aliva,2026-08-25,C-iV-07-B0-3,I-Villa Garden,22789355.0,205.0,0.0,111.97,0.0,,,,OFF PLAN - 4.5,Available,,111167.58536585367,True,False
9-3-2026 (1).xlsx,aliva,2026-08-25,C-iV-44-A3-2,I-Villa Roof,21431504.0,255.0,0.0,0.0,25.0,,,,OFF PLAN - 4.5,Available,,84045.1137254902,False,True
9-3-2026 (1).xlsx,aliva,2026-08-25,C-iV-44-A3-4,I-Villa Roof,20334851.0,230.0,0.0,0.0,15.0,,,,OFF PLAN - 4.5,Available,,88412.39565217392,False,True
9-3-2026 (1).xlsx,aliva,2026-08-25,C-iV-44-B3-4,I-Villa Roof,21866940.0,255.0,0.0,0.0,25.0,,,,OFF PLAN - 4.5,Available,,85752.70588235294,False,True
9-3-2026 (1).xlsx,aliva,2026-08-25,C-iVGR2P-03-A3-1,I-Villa Roof,20960285.0,255.0,0.0,0.0,60.0,,,,OFF PLAN - 4.5,Available,,82197.19607843137,False,True
9-3-2026 (1).xlsx,aliva,2026-08-25,C-iVGR2P-03-B0-3,I-Villa Garden,25710064.0,230.0,0.0,117.1,0.0,,,,OFF PLAN - 4.5,Available,,111782.88695652173,True,False
9-3-2026 (1).xlsx,aliva,2026-08-25,C-iVGR2P-03-B2-2,Apartment,13638817.0,115.0,0.0,0.0,0.0,,,,OFF PLAN - 4.5,Available,,118598.40869565218,False,False
9-3-2026 (1).xlsx,aliva,2026-08-25,C-iVGR2P-03-B3-2,I-Villa Roof,24640524.0,255.0,0.0,0.0,55.0,,,,OFF PLAN - 4.5,Available,,96629.50588235294,False,True
9-3-2026 (1).xlsx,aliva,2026-08-25,C-iVGR2P-05-A3-4,I-Villa Roof,20568393.0,255.0,0.0,0.0,60.0,,,,OFF PLAN - 4.5,Available,,80660.36470588236,False,True
9-3-2026 (1).xlsx,aliva,2026-08-25,C-iVGR2P-08-A2-2,Apartment,12797781.0,115.0,0.0,0.0,0.0,,,,OFF PLAN - 4.5,Available,,111285.05217391305,False,False
9-3-2026 (1).xlsx,aliva,2026-08-25,C-iVGR2P-31-A0-2,I-Villa Garden,24890994.0,230.0,0.0,123.49,0.0,,,,OFF PLAN - 4.5,Available,,108221.71304347826,True,False
9-3-2026 (1).xlsx,aliva,2026-08-25,C-iVGR2P-31-A0-3,I-Villa Garden,24533549.0,230.0,0.0,113.66,0.0,,,,OFF PLAN - 4.5,Available,,106667.60434782608,True,False
9-3-2026 (1).xlsx,aliva,2026-08-25,C-iVGR2P-32-A3-3,I-Villa Roof,20525656.0,255.0,0.0,0.0,55.0,,,,OFF PLAN - 4.5,Available,,80492.76862745098,False,True
9-3-2026 (1).xlsx,aliva,2026-08-25,C-iVGR2P-34-A0-2,I-Villa Garden,24533549.0,230.0,0.0,113.66,0.0,,,,OFF PLAN - 4.5,Available,,106667.60434782608,True,False
9-3-2026 (1).xlsx,aliva,2026-08-25,C-iVGR2P-35-A2-2,Apartment,13158225.0,115.0,0.0,0.0,0.0,,,,OFF PLAN - 4.5,Available,,114419.34782608696,False,False
9-3-2026 (1).xlsx,aliva,2026-08-25,C-iVGR2P-36-A3-3,I-Villa Roof,20525656.0,255.0,0.0,0.0,55.0,,,,OFF PLAN - 4.5,Available,,80492.76862745098,False,True
9-3-2026 (1).xlsx,aliva,2026-08-25,C-iVGR2P-37-A2-2,Apartment,12088907.0,115.0,0.0,0.0,0.0,,,,OFF PLAN - 4.5,Available,,105120.93043478261,False,False
9-3-2026 (1).xlsx,aliva,2026-08-25,C-iVGR2P-38-A0-2,I-Villa Garden,23862655.0,230.0,0.0,113.66,0.0,,,,OFF PLAN - 4.5,Available,,103750.67391304347,True,False
9-3-2026 (1).xlsx,aliva,2026-08-25,C-iVGR2P-38-A0-3,I-Villa Garden,24118498.0,230.0,0.0,123.74,0.0,,,,OFF PLAN - 4.5,Available,,104863.0347826087,True,False
9-3-2026 (1).xlsx,aliva,2026-08-25,C-iVGR2P-38-A3-3,I-Villa Roof,23769653.0,255.0,0.0,0.0,55.0,,,,OFF PLAN - 4.5,Available,,93214.32549019608,False,True
9-3-2026 (1).xlsx,aliva,2026-08-25,C-iVGR2P-39-A0-2,I-Villa Garden,24547031.0,230.0,0.0,122.83,0.0,,,,OFF PLAN - 4.5,Available,,106726.22173913043,True,False
9-3-2026 (1).xlsx,aliva,2026-08-25,C-iVGR2P-39-A0-3,I-Villa Garden,24197715.0,230.0,0.0,113.63,0.0,,,,OFF PLAN - 4.5,Available,,105207.45652173914,True,False
9-3-2026 (1).xlsx,aliva,2026-08-25,C-iVGR2P-40-A0-2,I-Villa Garden,20917561.0,230.0,0.0,103.14,0.0,,,,OFF PLAN - 4.5,Available,,90945.91739130435,True,False
9-3-2026 (1).xlsx,aliva,2026-08-25,C-iVGR2P-41-A2-2,Apartment,12929943.0,115.0,0.0,0.0,0.0,,,,OFF PLAN - 4.5,Available,,112434.28695652174,False,False
9-3-2026 (1).xlsx,aliva,2026-08-25,C-iVGR2P-43-A2-2,Apartment,12052863.0,115.0,0.0,0.0,0.0,,,,OFF PLAN - 4.5,Available,,104807.50434782609,False,False
9-3-2026 (1).xlsx,aliva,2026-08-25,C-iVGR2P-43-A3-2,I-Villa Roof,22637519.0,255.0,0.0,0.0,55.0,,,,OFF PLAN - 4.5,Available,,88774.58431372549,False,True
9-3-2026 (1).xlsx,aliva,2026-08-25,C-iVGR2P-45-A2-2,Apartment,11884656.0,115.0,0.0,0.0,0.0,,,,OFF PLAN - 4.5,Available,,103344.8347826087,False,False
9-3-2026 (1).xlsx,aliva,2026-08-25,CP-MNS-70-00-1,Villa,66125397.0,350.0,634.98,0.0,30.9,,,,OFF PLAN - 4.5,Available,,188929.70571428572,False,True
9-3-2026 (1).xlsx,aliva,2026-08-25,CP-MNS-88-00-1,Villa,63839385.0,350.0,641.9,0.0,30.9,,,,OFF PLAN - 4.5,Available,,182398.24285714285,False,True
9-3-2026 (1).xlsx,aliva,2026-08-25,CP-TG-4-42-A0-1,Town House,32887231.0,220.0,189.72,0.0,0.0,,,,OFF PLAN - 4.5,Available,,149487.41363636364,False,False
9-3-2026 (1).xlsx,aliva,2026-08-25,CP-TG-4-42-A0-4,Town House,34663687.0,220.0,210.45,0.0,0.0,,,,OFF PLAN - 4.5,Available,,157562.21363636362,False,False
9-3-2026 (1).xlsx,aliva,2026-08-25,CP-TG-4-42-B0-1,Town House,33770178.0,220.0,213.84,0.0,0.0,,,,OFF PLAN - 4.5,Available,,153500.80909090908,False,False
9-3-2026 (1).xlsx,aliva,2026-08-25,CP-TG-4-45-A0-1,Town House,33223146.0,220.0,212.02,0.0,0.0,,,,OFF PLAN - 4.5,Available,,151014.3,False,False
9-3-2026 (1).xlsx,aliva,2026-08-25,CP-TG-4-47-A0-4,Town House,33544754.0,220.0,209.62,0.0,0.0,,,,OFF PLAN - 4.5,Available,,152476.15454545454,False,False
9-3-2026 (1).xlsx,aliva,2026-08-25,CP-TG-6-62-B0-2,Town House,31454440.0,210.0,186.69,0.0,0.0,,,,OFF PLAN - 4.5,Available,,149783.04761904763,False,False
9-3-2026 (1).xlsx,aliva,2026-08-25,CP-TG-6-62-B0-3,Town House,31399954.0,210.0,182.12,0.0,0.0,,,,OFF PLAN - 4.5,Available,,149523.59047619047,False,False
9-3-2026 (1).xlsx,aliva,2026-08-25,CP-TG-6-62-B0-4,Town House,31337123.0,210.0,176.85,0.0,0.0,,,,OFF PLAN - 4.5,Available,,149224.39523809523,False,False
9-3-2026 (1).xlsx,aliva,2026-08-25,CP-TG-6-62-B0-5,Town House,31265946.0,210.0,170.88,0.0,0.0,,,,OFF PLAN - 4.5,Available,,148885.45714285714,False,False
9-3-2026 (1).xlsx,aliva,2026-08-25,CP-TH-4-02-00-4,Town House,37866138.0,210.0,274.56,0.0,34.58,,,,OFF PLAN - 4.5,Available,,180314.94285714286,False,True
9-3-2026 (1).xlsx,aliva,2026-08-25,CP-TH-4-05-00-2,Town House,33992348.0,210.0,190.03,0.0,34.58,,,,OFF PLAN - 4.5,Available,,161868.3238095238,False,True
9-3-2026 (1).xlsx,aliva,2026-08-25,CP-TH-4-05-00-3,Town House,32636010.0,210.0,189.85,0.0,34.58,,,,OFF PLAN - 4.5,Available,,155409.57142857142,False,True
9-3-2026 (1).xlsx,aliva,2026-08-25,CP-TH-4-06-00-1,Town House,35086432.0,210.0,277.88,0.0,34.58,,,,OFF PLAN - 4.5,Available,,167078.24761904762,False,True
9-3-2026 (1).xlsx,aliva,2026-08-25,CP-TH-4-06-00-2,Town House,32627784.0,210.0,189.16,0.0,34.58,,,,OFF PLAN - 4.5,Available,,155370.4,False,True
9-3-2026 (1).xlsx,aliva,2026-08-25,CP-TH-4-07-00-3,Town House,36107010.0,210.0,188.7,0.0,34.58,,,,OFF PLAN - 4.5,Available,,171938.14285714287,False,True
9-3-2026 (1).xlsx,aliva,2026-08-25,CP-TH-4-09-00-2,Town House,32490988.0,210.0,185.03,0.0,34.58,,,,OFF PLAN - 4.5,Available,,154718.99047619046,False,True
9-3-2026 (1).xlsx,aliva,2026-08-25,CP-TH-4-09-00-3,Town House,30529387.0,210.0,185.0,0.0,34.58,,,,OFF PLAN - 4.5,Available,,145378.03333333333,False,True
9-3-2026 (1).xlsx,aliva,2026-08-25,CP-TH-4-48-00-3,Town House,31372304.0,210.0,185.2,0.0,34.58,,,,OFF PLAN - 4.5,Available,,149391.9238095238,False,True
9-3-2026 (1).xlsx,aliva,2026-08-25,CP-TH-6-03-00-2,Town House,32992059.0,210.0,188.87,0.0,34.58,,,,OFF PLAN - 4.5,Available,,157105.04285714286,False,True
9-3-2026 (1).xlsx,aliva,2026-08-25,CP-TH-6-03-00-4,Town House,32990390.0,210.0,188.73,0.0,34.58,,,,OFF PLAN - 4.5,Available,,157097.09523809524,False,True
9-3-2026 (1).xlsx,aliva,2026-08-25,CP-TH-6-03-00-5,Town House,34346490.0,210.0,188.89,0.0,34.58,,,,OFF PLAN - 4.5,Available,,163554.7142857143,False,True
9-3-2026 (1).xlsx,aliva,2026-08-25,CP-TH-6-41-00-2,Town House,32437427.0,210.0,177.6,0.0,34.58,,,,OFF PLAN - 4.5,Available,,154463.9380952381,False,True
9-3-2026 (1).xlsx,aliva,2026-08-25,CP-TH-6-41-00-3,Town House,33207915.0,210.0,177.6,0.0,34.58,,,,OFF PLAN - 4.5,Available,,158132.92857142858,False,True
9-3-2026 (1).xlsx,aliva,2026-08-25,CP-TH-6-41-00-4,Town House,33873337.0,210.0,177.6,0.0,34.58,,,,OFF PLAN - 4.5,Available,,161301.60476190477,False,True
9-3-2026 (1).xlsx,aliva,2026-08-25,CP-TH-6-41-00-5,Town House,34083471.0,210.0,177.6,0.0,34.58,,,,OFF PLAN - 4.5,Available,,162302.24285714285,False,True
9-3-2026 (1).xlsx,aliva,2026-08-25,CP-TH-6-58-00-2,Town House,32343507.0,210.0,184.41,0.0,34.58,,,,OFF PLAN - 4.5,Available,,154016.7,False,True
9-3-2026 (1).xlsx,aliva,2026-08-25,CP-TH-6-58-00-3,Town House,32344938.0,210.0,184.53,0.0,34.58,,,,OFF PLAN - 4.5,Available,,154023.51428571428,False,True
9-3-2026 (1).xlsx,aliva,2026-08-25,CP-TH-6-58-00-4,Town House,32346250.0,210.0,184.64,0.0,34.58,,,,OFF PLAN - 4.5,Available,,154029.7619047619,False,True
9-3-2026 (1).xlsx,aliva,2026-08-25,CP-TH-6-58-00-5,Town House,32348157.0,210.0,184.8,0.0,34.58,,,,OFF PLAN - 4.5,Available,,154038.84285714285,False,True
9-3-2026 (1).xlsx,aliva,2026-08-25,CP-TH-6-59-00-2,Town House,31790186.0,210.0,185.0,0.0,34.58,,,,OFF PLAN - 4.5,Available,,151381.83809523808,False,True
9-3-2026 (1).xlsx,aliva,2026-08-25,CP-TH-6-60-00-4,Town House,33926541.0,210.0,185.0,0.0,34.58,,,,OFF PLAN - 4.5,Available,,161554.95714285714,False,True
9-3-2026 (1).xlsx,aliva,2026-08-25,CP-iVGR2-51-A0-2,I-Villa Garden,24366759.0,230.0,0.0,152.48,0.0,,,,OFF PLAN - 4.5,Available,,105942.43043478261,True,False
9-3-2026 (1).xlsx,aliva,2026-08-25,CP-iVGR2-51-A0-3,I-Villa Garden,22291107.0,230.0,0.0,71.73,0.0,,,,OFF PLAN - 4.5,Available,,96917.85652173913,True,False
9-3-2026 (1).xlsx,aliva,2026-08-25,CP-iVGR2-51-A2-3,I-Villa Roof,23835389.0,255.0,0.0,0.0,55.0,,,,OFF PLAN - 4.5,Available,,93472.1137254902,False,True
9-3-2026 (1).xlsx,aliva,2026-08-25,CP-iVGR2-51-A2-4,I-Villa Roof,22116550.0,250.0,0.0,0.0,60.0,,,,OFF PLAN - 4.5,Available,,88466.2,False,True
9-3-2026 (1).xlsx,aliva,2026-08-25,CP-iVGR2-51-B0-2,I-Villa Garden,22562148.0,230.0,0.0,71.73,0.0,,,,OFF PLAN - 4.5,Available,,98096.29565217391,True,False
9-3-2026 (1).xlsx,aliva,2026-08-25,CP-iVGR2-51-B2-4,I-Villa Roof,22776901.0,255.0,0.0,0.0,60.0,,,,OFF PLAN - 4.5,Available,,89321.18039215686,False,True
9-3-2026 (1).xlsx,aliva,2026-08-25,CP-iVGR2-52-A0-2,I-Villa Garden,24635313.0,230.0,0.0,113.58,0.0,,,,OFF PLAN - 4.5,Available,,107110.05652173913,True,False
9-3-2026 (1).xlsx,aliva,2026-08-25,CP-iVGR2-53-A0-2,I-Villa Garden,24139432.0,230.0,0.0,113.66,0.0,,,,OFF PLAN - 4.5,Available,,104954.05217391305,True,False
9-3-2026 (1).xlsx,aliva,2026-08-25,CP-iVGR2-54-A0-2,I-Villa Garden,28869979.0,230.0,0.0,115.89,0.0,,,,OFF PLAN - 4.5,Available,,125521.64782608696,True,False
9-3-2026 (1).xlsx,aliva,2026-08-25,CP-iVGR2-54-A0-3,I-Villa Garden,29231051.0,230.0,0.0,71.73,0.0,,,,OFF PLAN - 4.5,Available,,127091.52608695652,True,False
9-3-2026 (1).xlsx,aliva,2026-08-25,CP-iVGR2-54-A2-1,I-Villa Roof,22776901.0,255.0,0.0,0.0,60.0,,,,OFF PLAN - 4.5,Available,,89321.18039215686,False,True
9-3-2026 (1).xlsx,aliva,2026-08-25,CP-iVGR2-54-A2-4,I-Villa Roof,22116550.0,250.0,0.0,0.0,60.0,,,,OFF PLAN - 4.5,Available,,88466.2,False,True
9-3-2026 (1).xlsx,aliva,2026-08-25,CP-iVGR2-54-B0-3,I-Villa Garden,28856628.0,230.0,0.0,114.85,0.0,,,,OFF PLAN - 4.5,Available,,125463.6,True,False
9-3-2026 (1).xlsx,aliva,2026-08-25,CP-iVGR2-54-B0-4,I-Villa Garden,20741505.0,230.0,0.0,105.85,0.0,,,,OFF PLAN - 4.5,Available,,90180.45652173914,True,False
9-3-2026 (1).xlsx,aliva,2026-08-25,CP-iVGR2-54-B2-1,I-Villa Roof,22116550.0,250.0,0.0,0.0,60.0,,,,OFF PLAN - 4.5,Available,,88466.2,False,True
9-3-2026 (1).xlsx,aliva,2026-08-25,CP-iVGR2-56-A2-4,I-Villa Roof,22776901.0,255.0,0.0,0.0,60.0,,,,OFF PLAN - 4.5,Available,,89321.18039215686,False,True
9-3-2026 (1).xlsx,aliva,2026-08-25,CP-iVGR2-57-A2-1,I-Villa Roof,22776901.0,255.0,0.0,0.0,60.0,,,,OFF PLAN - 4.5,Available,,89321.18039215686,False,True
9-3-2026 (1).xlsx,aliva,2026-08-25,CP-iVGR2-57-A2-4,I-Villa Roof,22116550.0,250.0,0.0,0.0,60.0,,,,OFF PLAN - 4.5,Available,,88466.2,False,True
9-3-2026 (1).xlsx,aliva,2026-08-25,CP-iVGR2-57-B0-2,I-Villa Garden,22291107.0,230.0,0.0,71.73,0.0,,,,OFF PLAN - 4.5,Available,,96917.85652173913,True,False
9-3-2026 (1).xlsx,aliva,2026-08-25,CP-iVGR2-57-B0-3,I-Villa Garden,23787384.0,230.0,0.0,107.35,0.0,,,,OFF PLAN - 4.5,Available,,103423.40869565218,True,False
9-3-2026 (1).xlsx,aliva,2026-08-25,CP-iVGR2-57-B2-1,I-Villa Roof,22116550.0,250.0,0.0,0.0,60.0,,,,OFF PLAN - 4.5,Available,,88466.2,False,True
9-3-2026 (1).xlsx,aliva,2026-08-25,CP-iVGR2-97-B0-4,I-Villa Garden,25026725.0,230.0,0.0,140.55,0.0,,,,OFF PLAN - 4.5,Available,,108811.84782608696,True,False
9-3-2026 (1).xlsx,aliva,2026-08-25,CP-iVGR2-97-B2-1,I-Villa Roof,24642573.0,250.0,0.0,0.0,60.0,,,,OFF PLAN - 4.5,Available,,98570.292,False,True
9-3-2026 (1).xlsx,aliva,2026-08-25,F-M-49-A0-4,Garden Millennial,14811939.0,130.0,0.0,171.76,0.0,,,,OFF PLAN - 4,Available,,113937.9923076923,True,False
9-3-2026 (1).xlsx,aliva,2026-08-25,F-M2-35-A3-1,Millennial,10599058.0,125.0,0.0,0.0,0.0,,,,OFF PLAN - 4,Available,,84792.464,False,False
9-3-2026 (1).xlsx,aliva,2026-08-25,F-M2-35-B1-4,Millennial,10660636.0,125.0,0.0,0.0,0.0,,,,OFF PLAN - 4,Available,,85285.088,False,False
9-3-2026 (1).xlsx,aliva,2026-08-25,F-TG-6-06-B0-1,Town House,30697369.0,220.0,345.4,0.0,0.0,,,,OFF PLAN - 4,Available,,139533.49545454545,False,False
9-3-2026 (1).xlsx,aliva,2026-08-25,F-TH-4-01-00-1,Town House,32243113.0,210.0,266.49,0.0,34.58,,,,OFF PLAN - 4,Available,,153538.63333333333,False,True
9-3-2026 (1).xlsx,aliva,2026-08-25,F-TH-4-22-00-2,Town House,26510600.0,210.0,186.87,0.0,34.58,,,,OFF PLAN - 4,Available,,126240.95238095238,False,True
9-3-2026 (1).xlsx,aliva,2026-08-25,F-iV-09-B0-4,I-Villa Garden,20449861.0,205.0,0.0,70.86,0.0,,,,OFF PLAN - 4,Available,,99755.41951219512,True,False
9-3-2026 (1).xlsx,aliva,2026-08-25,F-iV-12-B3-3,I-Villa Roof,18455474.0,220.0,0.0,0.0,0.0,,,,OFF PLAN - 4,Available,,83888.51818181819,False,False
9-3-2026 (1).xlsx,aliva,2026-08-25,F-iV-14-B3-4,I-Villa Roof,16609613.0,220.0,0.0,0.0,0.0,,,,OFF PLAN - 4,Available,,75498.2409090909,False,False
9-3-2026 (1).xlsx,aliva,2026-08-25,F-iV-15-B3-3,I-Villa Roof,16760913.0,220.0,0.0,0.0,0.0,,,,OFF PLAN - 4,Available,,76185.96818181819,False,False
9-3-2026 (1).xlsx,aliva,2026-08-25,F-iV-16-A0-1,I-Villa Garden,19067070.0,205.0,0.0,70.86,0.0,,,,OFF PLAN - 4,Available,,93010.09756097561,True,False
9-3-2026 (1).xlsx,aliva,2026-08-25,F-iV-19-B3-3,I-Villa Roof,16760913.0,220.0,0.0,0.0,0.0,,,,OFF PLAN - 4,Available,,76185.96818181819,False,False
9-3-2026 (1).xlsx,aliva,2026-08-25,F-iV-22-B0-3,I-Villa Garden,19233960.0,205.0,0.0,81.67,0.0,,,,OFF PLAN - 4,Available,,93824.19512195123,True,False
9-3-2026 (1).xlsx,aliva,2026-08-25,F-iV-58-A0-1,I-Villa Garden,19251662.0,205.0,0.0,87.31,0.0,,,,OFF PLAN - 4,Available,,93910.54634146341,True,False
9-3-2026 (1).xlsx,aliva,2026-08-25,F-iV-64-A0-2,I-Villa Garden,19124149.0,205.0,0.0,78.29,0.0,,,,OFF PLAN - 4,Available,,93288.53170731707,True,False
9-3-2026 (1).xlsx,aliva,2026-08-25,F-iVGR-01-A0-4,I-Villa Garden,19645145.0,250.0,0.0,102.75,0.0,,,,OFF PLAN - 4,Available,,78580.58,True,False
9-3-2026 (1).xlsx,aliva,2026-08-25,F-iVGR-05-B0-4,I-Villa Garden,21773505.0,250.0,0.0,106.03,0.0,,,,OFF PLAN - 4,Available,,87094.02,True,False
9-3-2026 (1).xlsx,aliva,2026-08-25,F-iVGR-05-B2-4,I-Villa Roof,17320540.0,210.0,0.0,0.0,25.0,,,,OFF PLAN - 4,Available,,82478.76190476191,False,True
9-3-2026 (1).xlsx,aliva,2026-08-25,F-iVGR-13-B0-3,I-Villa Garden,22468757.0,250.0,0.0,115.07,0.0,,,,OFF PLAN - 4,Available,,89875.028,True,False
9-3-2026 (1).xlsx,aliva,2026-08-25,F-iVGR-27-B0-3,I-Villa Garden,22965804.0,250.0,0.0,115.1,0.0,,,,OFF PLAN - 4,Available,,91863.216,True,False
9-3-2026 (1).xlsx,aliva,2026-08-25,F-iVGR-28-A0-1,I-Villa Garden,21682613.0,250.0,0.0,103.51,0.0,,,,OFF PLAN - 4,Available,,86730.452,True,False
9-3-2026 (1).xlsx,aliva,2026-08-25,F-iVGR-32-A0-1,I-Villa Garden,20055808.0,250.0,0.0,103.7,0.0,,,,OFF PLAN - 4,Available,,80223.232,True,False
9-3-2026 (1).xlsx,aliva,2026-08-25,F-iVGR-32-B0-4,I-Villa Garden,19992406.0,250.0,0.0,106.98,0.0,,,,OFF PLAN - 4,Available,,79969.624,True,False
9-3-2026 (1).xlsx,aliva,2026-08-25,F-iVGR-62-A0-3,I-Villa Garden,21241209.0,250.0,0.0,115.68,0.0,,,,OFF PLAN - 4,Available,,84964.836,True,False
9-3-2026 (1).xlsx,aliva,2026-08-25,F-iVGR-67-A2-2,I-Villa Roof,16775860.0,210.0,0.0,0.0,25.0,,,,OFF PLAN - 4,Available,,79885.04761904762,False,True
9-3-2026 (1).xlsx,aliva,2026-08-25,F-iVGR-69-B0-3,I-Villa Garden,21831282.0,250.0,0.0,144.25,0.0,,,,OFF PLAN - 4,Available,,87325.128,True,False
9-3-2026 (1).xlsx,aliva,2026-08-25,L-M-06-A0-4,Garden Millennial,14901874.0,130.0,0.0,59.57,0.0,,,,OFF PLAN - 4.5,Available,,114629.8,True,False
9-3-2026 (1).xlsx,aliva,2026-08-25,L-M-08-A0-4,Garden Millennial,16568085.0,130.0,0.0,66.4,0.0,,,,OFF PLAN - 4.5,Available,,127446.80769230769,True,False
9-3-2026 (1).xlsx,aliva,2026-08-25,L-M2-01-A0-2,Garden Millennial,14417522.0,115.0,0.0,107.7,0.0,,,,OFF PLAN - 4.5,Available,,125369.75652173912,True,False
9-3-2026 (1).xlsx,aliva,2026-08-25,L-M2-01-B1-4,Millennial,13666864.0,125.0,0.0,0.0,0.0,,,,OFF PLAN - 4.5,Available,,109334.912,False,False
9-3-2026 (1).xlsx,aliva,2026-08-25,L-M2-02-A2-1,Millennial,13666864.0,125.0,0.0,0.0,0.0,,,,OFF PLAN - 4.5,Available,,109334.912,False,False
9-3-2026 (1).xlsx,aliva,2026-08-25,L-M2-02-A4-1,Millennial,13666864.0,125.0,0.0,0.0,0.0,,,,OFF PLAN - 4.5,Available,,109334.912,False,False
9-3-2026 (1).xlsx,aliva,2026-08-25,L-M2-02-B0-4,Garden Millennial,16153990.0,115.0,0.0,133.05,0.0,,,,OFF PLAN - 4.5,Available,,140469.47826086957,True,False
9-3-2026 (1).xlsx,aliva,2026-08-25,L-M2-02-B2-4,Millennial,13501641.0,125.0,0.0,0.0,0.0,,,,OFF PLAN - 4.5,Available,,108013.128,False,False
9-3-2026 (1).xlsx,aliva,2026-08-25,L-M2-03-A1-2,Millennial,11959557.0,125.0,0.0,0.0,0.0,,,,OFF PLAN - 4.5,Available,,95676.456,False,False
9-3-2026 (1).xlsx,aliva,2026-08-25,L-M2-03-A3-4,Millennial,14079922.0,125.0,0.0,0.0,0.0,,,,OFF PLAN - 4.5,Available,,112639.376,False,False
9-3-2026 (1).xlsx,aliva,2026-08-25,L-M2-03-A4-4,Millennial,14079922.0,125.0,0.0,0.0,0.0,,,,OFF PLAN - 4.5,Available,,112639.376,False,False
9-3-2026 (1).xlsx,aliva,2026-08-25,L-M2-04-A0-1,Garden Millennial,16355984.0,115.0,0.0,109.41,0.0,,,,OFF PLAN - 4.5,Available,,142225.94782608695,True,False
9-3-2026 (1).xlsx,aliva,2026-08-25,L-M2-04-A2-1,Millennial,13914699.0,125.0,0.0,0.0,0.0,,,,OFF PLAN - 4.5,Available,,111317.592,False,False
9-3-2026 (1).xlsx,aliva,2026-08-25,L-M2-04-A5-4,Millennial,13088583.0,125.0,0.0,0.0,0.0,,,,OFF PLAN - 4.5,Available,,104708.664,False,False
9-3-2026 (1).xlsx,aliva,2026-08-25,L-M2-04-B0-4,Garden Millennial,16258338.0,115.0,0.0,125.54,0.0,,,,OFF PLAN - 4.5,Available,,141376.85217391304,True,False
9-3-2026 (1).xlsx,aliva,2026-08-25,L-M2-05-A0-1,Garden Millennial,16041080.0,115.0,0.0,123.72,0.0,,,,OFF PLAN - 4.5,Available,,139487.65217391305,True,False
9-3-2026 (1).xlsx,aliva,2026-08-25,L-M2-05-A3-4,Millennial,13088583.0,125.0,0.0,0.0,0.0,,,,OFF PLAN - 4.5,Available,,104708.664,False,False
9-3-2026 (1).xlsx,aliva,2026-08-25,L-M2-05-A5-4,Millennial,13088583.0,125.0,0.0,0.0,0.0,,,,OFF PLAN - 4.5,Available,,104708.664,False,False
9-3-2026 (1).xlsx,aliva,2026-08-25,L-M2-05-B0-1,Garden Millennial,15610146.0,115.0,0.0,69.29,0.0,,,,OFF PLAN - 4.5,Available,,135740.4,True,False
9-3-2026 (1).xlsx,aliva,2026-08-25,L-M2-05-B0-3,Garden Millennial,14421879.0,115.0,0.0,108.06,0.0,,,,OFF PLAN - 4.5,Available,,125407.64347826087,True,False
9-3-2026 (1).xlsx,aliva,2026-08-25,L-M2-05-B1-1,Millennial,13694401.0,125.0,0.0,0.0,0.0,,,,OFF PLAN - 4.5,Available,,109555.208,False,False
9-3-2026 (1).xlsx,aliva,2026-08-25,L-M2-05-B4-4,Millennial,14603129.0,125.0,0.0,0.0,0.0,,,,OFF PLAN - 4.5,Available,,116825.032,False,False
9-3-2026 (1).xlsx,aliva,2026-08-25,L-iV-32-A3-1,I-Villa Roof,22517617.0,260.0,0.0,0.0,25.0,,,,OFF PLAN - 4.5,Available,,86606.21923076923,False,True
9-3-2026 (1).xlsx,aliva,2026-08-25,L-iV-34-A3-3,Roof IVilla  Lagoon View,24973112.0,230.0,0.0,0.0,15.0,,,,OFF PLAN - 4.5,Available,,108578.74782608695,False,True
9-3-2026 (1).xlsx,aliva,2026-08-25,L-iV-34-B0-3,IV Beach House,24334165.0,205.0,0.0,111.86,0.0,,,,OFF PLAN - 4.5,Available,,118703.24390243902,True,False
9-3-2026 (1).xlsx,aliva,2026-08-25,L-iV-34-B3-2,Roof IVilla  Lagoon View,23806144.0,230.0,0.0,0.0,15.0,,,,OFF PLAN - 4.5,Available,,103504.97391304348,False,True
9-3-2026 (1).xlsx,aliva,2026-08-25,L-iV-36-A2-2,Apartment,13253804.0,120.0,0.0,0.0,0.0,,,,OFF PLAN - 4.5,Available,,110448.36666666667,False,False
9-3-2026 (1).xlsx,aliva,2026-08-25,L-iV-36-B0-4,I-Villa Garden,21983471.0,205.0,0.0,77.38,0.0,,,,OFF PLAN - 4.5,Available,,107236.44390243903,True,False
9-3-2026 (1).xlsx,aliva,2026-08-25,L-iV-36-B3-4,I-Villa Roof,22282603.0,255.0,0.0,0.0,25.0,,,,OFF PLAN - 4.5,Available,,87382.7568627451,False,True
9-3-2026 (1).xlsx,aliva,2026-08-25,L-iV-44-A2-2,Apartment,13253804.0,120.0,0.0,0.0,0.0,,,,OFF PLAN - 4.5,Available,,110448.36666666667,False,False
9-3-2026 (1).xlsx,aliva,2026-08-25,L-iV-44-B3-3,I-Villa Roof,22987646.0,255.0,0.0,0.0,25.0,,,,OFF PLAN - 4.5,Available,,90147.63137254902,False,True
9-3-2026 (1).xlsx,aliva,2026-08-25,L-iV-46-A0-2,I-Villa Garden,22921486.0,205.0,0.0,97.16,0.0,,,,OFF PLAN - 4.5,Available,,111812.1268292683,True,False
9-3-2026 (1).xlsx,aliva,2026-08-25,L-iV-46-A3-2,I-Villa Roof,22987646.0,255.0,0.0,0.0,25.0,,,,OFF PLAN - 4.5,Available,,90147.63137254902,False,True
9-3-2026 (1).xlsx,aliva,2026-08-25,L-iV-46-B0-3,I-Villa Garden,22920189.0,205.0,0.0,97.06,0.0,,,,OFF PLAN - 4.5,Available,,111805.8,True,False
9-3-2026 (1).xlsx,aliva,2026-08-25,L-iV-46-B3-3,I-Villa Roof,22987646.0,255.0,0.0,0.0,25.0,,,,OFF PLAN - 4.5,Available,,90147.63137254902,False,True
9-3-2026 (1).xlsx,aliva,2026-08-25,L-iV-46-B3-4,I-Villa Roof,22355538.0,255.0,0.0,0.0,25.0,,,,OFF PLAN - 4.5,Available,,87668.77647058823,False,True
9-3-2026 (1).xlsx,aliva,2026-08-25,L-iV-48-A2-1,Apartment 360,17802821.0,190.0,0.0,0.0,0.0,,,,OFF PLAN - 4.5,Available,,93699.05789473685,False,False
9-3-2026 (1).xlsx,aliva,2026-08-25,L-iV-50-A0-2,I-Villa Garden,22967419.0,205.0,0.0,98.89,0.0,,,,OFF PLAN - 4.5,Available,,112036.19024390244,True,False
9-3-2026 (1).xlsx,aliva,2026-08-25,L-iV-50-B0-4,I-Villa Garden,23333955.0,210.0,0.0,103.7,0.0,,,,OFF PLAN - 4.5,Available,,111114.07142857143,True,False
9-3-2026 (1).xlsx,aliva,2026-08-25,L-iV-51-A0-1,I-Villa Garden,24679894.0,205.0,0.0,86.32,0.0,,,,OFF PLAN - 4.5,Available,,120389.72682926829,True,False
9-3-2026 (1).xlsx,aliva,2026-08-25,L-iV-51-A0-2,I-Villa Garden,23844604.0,210.0,0.0,101.15,0.0,,,,OFF PLAN - 4.5,Available,,113545.73333333334,True,False
9-3-2026 (1).xlsx,aliva,2026-08-25,L-iV-51-A2-3,Apartment,13642794.0,130.0,0.0,0.0,0.0,,,,OFF PLAN - 4.5,Available,,104944.56923076924,False,False
9-3-2026 (1).xlsx,aliva,2026-08-25,L-iV-51-B0-1,I-Villa Garden,19819134.0,180.0,0.0,36.21,0.0,,,,OFF PLAN - 4.5,Available,,110106.3,True,False
9-3-2026 (1).xlsx,aliva,2026-08-25,L-iV-51-B3-3,I-Villa Roof,22663488.0,255.0,0.0,0.0,25.0,,,,OFF PLAN - 4.5,Available,,88876.42352941177,False,True
9-3-2026 (1).xlsx,aliva,2026-08-25,L-iV-53-A2-1,Apartment 360,18514199.0,190.0,0.0,0.0,0.0,,,,OFF PLAN - 4.5,Available,,97443.15263157895,False,False
9-3-2026 (1).xlsx,aliva,2026-08-25,L-iV-53-B0-1,I-Villa Garden,19161094.0,180.0,0.0,36.21,0.0,,,,OFF PLAN - 4.5,Available,,106450.52222222222,True,False
9-3-2026 (1).xlsx,aliva,2026-08-25,L-iV-53-B3-2,I-Villa Roof,22444681.0,230.0,0.0,0.0,15.0,,,,OFF PLAN - 4.5,Available,,97585.56956521739,False,True
9-3-2026 (1).xlsx,aliva,2026-08-25,L-iV-53-B3-3,I-Villa Roof,25146584.0,255.0,0.0,0.0,25.0,,,,OFF PLAN - 4.5,Available,,98614.05490196079,False,True
9-3-2026 (1).xlsx,aliva,2026-08-25,L-iV-54-A0-3,IV Beach House,23286520.0,190.0,0.0,38.0,0.0,,,,OFF PLAN - 4.5,Available,,122560.63157894737,True,False
9-3-2026 (1).xlsx,aliva,2026-08-25,L-iV-57-A0-2,I-Villa Garden,22829425.0,205.0,0.0,133.56,0.0,,,,OFF PLAN - 4.5,Available,,111363.0487804878,True,False
9-3-2026 (1).xlsx,aliva,2026-08-25,L-iV-57-A3-1,I-Villa Roof,24618705.0,255.0,0.0,0.0,25.0,,,,OFF PLAN - 4.5,Available,,96543.94117647059,False,True
9-3-2026 (1).xlsx,aliva,2026-08-25,L-iV-57-A3-4,I-Villa Roof,22398224.0,230.0,0.0,0.0,15.0,,,,OFF PLAN - 4.5,Available,,97383.58260869565,False,True
9-3-2026 (1).xlsx,aliva,2026-08-25,L-iV-57-B3-1,I-Villa Roof,22276665.0,230.0,0.0,0.0,15.0,,,,OFF PLAN - 4.5,Available,,96855.06521739131,False,True
9-3-2026 (1).xlsx,aliva,2026-08-25,L-iV-69-A3-1,I-Villa Roof,25705756.0,255.0,0.0,0.0,25.0,,,,OFF PLAN - 4.5,Available,,100806.8862745098,False,True
9-3-2026 (1).xlsx,aliva,2026-08-25,L-iV-69-A3-2,I-Villa Roof,22379850.0,255.0,0.0,0.0,25.0,,,,OFF PLAN - 4.5,Available,,87764.11764705883,False,True
9-3-2026 (1).xlsx,aliva,2026-08-25,L-iV-69-B0-4,I-Villa Garden,23703873.0,205.0,0.0,92.25,0.0,,,,OFF PLAN - 4.5,Available,,115628.6487804878,True,False
9-3-2026 (1).xlsx,aliva,2026-08-25,L-iV-69-B3-3,I-Villa Roof,22598656.0,255.0,0.0,0.0,25.0,,,,OFF PLAN - 4.5,Available,,88622.18039215686,False,True
9-3-2026 (1).xlsx,aliva,2026-08-25,L-iV-72-A3-1,I-Villa Roof,23109205.0,255.0,0.0,0.0,25.0,,,,OFF PLAN - 4.5,Available,,90624.33333333333,False,True
9-3-2026 (1).xlsx,aliva,2026-08-25,L-iV-73-A0-3,IV Beach House,21672755.0,190.0,0.0,38.0,0.0,,,,OFF PLAN - 4.5,Available,,114067.13157894737,True,False
9-3-2026 (1).xlsx,aliva,2026-08-25,L-iV-73-A2-3,Apartment,13697868.0,130.0,0.0,0.0,0.0,,,,OFF PLAN - 4.5,Available,,105368.21538461538,False,False
9-3-2026 (1).xlsx,aliva,2026-08-25,L-iV-73-A3-1,I-Villa Roof,22963334.0,255.0,0.0,0.0,25.0,,,,OFF PLAN - 4.5,Available,,90052.29019607844,False,True
9-3-2026 (1).xlsx,aliva,2026-08-25,L-iV-73-B3-4,I-Villa Roof,22622968.0,255.0,0.0,0.0,25.0,,,,OFF PLAN - 4.5,Available,,88717.52156862745,False,True
9-3-2026 (1).xlsx,aliva,2026-08-25,L-iV-76-B3-4,I-Villa Roof,23109205.0,255.0,0.0,0.0,25.0,,,,OFF PLAN - 4.5,Available,,90624.33333333333,False,True
9-3-2026 (1).xlsx,aliva,2026-08-25,L-iV-79-A0-1,I-Villa Garden,21584649.0,205.0,0.0,92.67,0.0,,,,OFF PLAN - 4.5,Available,,105290.97073170732,True,False
9-3-2026 (1).xlsx,aliva,2026-08-25,L-iV-79-B3-4,I-Villa Roof,23109205.0,255.0,0.0,0.0,25.0,,,,OFF PLAN - 4.5,Available,,90624.33333333333,False,True
9-3-2026 (1).xlsx,aliva,2026-08-25,L-iV-82-B3-1,I-Villa Roof,20888724.0,230.0,0.0,0.0,15.0,,,,OFF PLAN - 4.5,Available,,90820.53913043479,False,True
9-3-2026 (1).xlsx,aliva,2026-08-25,L-iV-82-B3-4,I-Villa Roof,23109205.0,255.0,0.0,0.0,25.0,,,,OFF PLAN - 4.5,Available,,90624.33333333333,False,True
9-3-2026 (1).xlsx,aliva,2026-08-25,L-iVGR2-37-A0-4,I-Villa Garden,22677989.0,230.0,0.0,58.36,0.0,,,,OFF PLAN - 4.5,Available,,98599.95217391304,True,False
9-3-2026 (1).xlsx,aliva,2026-08-25,L-iVGR2-37-B0-3,I-Villa Garden,22994032.0,230.0,0.0,103.88,0.0,,,,OFF PLAN - 4.5,Available,,99974.05217391305,True,False
9-3-2026 (1).xlsx,aliva,2026-08-25,L-iVGR2-38-A0-2,IV Beach House,29091213.0,230.0,0.0,108.3,0.0,,,,OFF PLAN - 4.5,Available,,126483.5347826087,True,False
9-3-2026 (1).xlsx,aliva,2026-08-25,L-iVGR2-40-B2-4,I-Villa Roof,22911826.0,255.0,0.0,0.0,60.0,,,,OFF PLAN - 4.5,Available,,89850.29803921569,False,True
9-3-2026 (1).xlsx,aliva,2026-08-25,L-iVGR2-41-A0-3,IV Beach House,26172496.0,230.0,0.0,71.7,0.0,,,,OFF PLAN - 4.5,Available,,113793.46086956521,True,False
9-3-2026 (1).xlsx,aliva,2026-08-25,L-iVGR2-41-A2-1,I-Villa Roof,22911826.0,255.0,0.0,0.0,60.0,,,,OFF PLAN - 4.5,Available,,89850.29803921569,False,True
9-3-2026 (1).xlsx,aliva,2026-08-25,L-iVGR2-41-B0-4,I-Villa Garden,25292797.0,230.0,0.0,101.73,0.0,,,,OFF PLAN - 4.5,Available,,109968.68260869566,True,False
9-3-2026 (1).xlsx,aliva,2026-08-25,L-iVGR2-42-B2-1,I-Villa Roof,22231095.0,250.0,0.0,0.0,60.0,,,,OFF PLAN - 4.5,Available,,88924.38,False,True
9-3-2026 (1).xlsx,aliva,2026-08-25,L-iVGR2-43-A0-1,I-Villa Garden,24339460.0,230.0,0.0,108.56,0.0,,,,OFF PLAN - 4.5,Available,,105823.73913043478,True,False
9-3-2026 (1).xlsx,aliva,2026-08-25,L-iVGR2-58-A0-1,I-Villa Garden,22796426.0,230.0,0.0,88.64,0.0,,,,OFF PLAN - 4.5,Available,,99114.89565217392,True,False
9-3-2026 (1).xlsx,aliva,2026-08-25,L-iVGR2-58-B0-3,I-Villa Garden,23942324.0,230.0,0.0,158.89,0.0,,,,OFF PLAN - 4.5,Available,,104097.06086956522,True,False
9-3-2026 (1).xlsx,aliva,2026-08-25,L-iVGR2-58-B2-2,I-Villa Roof,21898834.0,255.0,0.0,0.0,55.0,,,,OFF PLAN - 4.5,Available,,85877.78039215686,False,True
9-3-2026 (1).xlsx,aliva,2026-08-25,L-iVGR2-59-A0-2,IV Beach House,26646934.0,230.0,0.0,108.29,0.0,,,,OFF PLAN - 4.5,Available,,115856.23478260869,True,False
9-3-2026 (1).xlsx,aliva,2026-08-25,L-iVGR2-59-B0-3,IV Beach House,29044080.0,230.0,0.0,108.29,0.0,,,,OFF PLAN - 4.5,Available,,126278.60869565218,True,False
9-3-2026 (1).xlsx,aliva,2026-08-25,L-iVGR2-59-B2-1,I-Villa Roof,22376966.0,250.0,0.0,0.0,60.0,,,,OFF PLAN - 4.5,Available,,89507.864,False,True
9-3-2026 (1).xlsx,aliva,2026-08-25,L-iVGR2-60-B2-2,Roof IVilla  Lagoon View,26299275.0,255.0,0.0,0.0,55.0,,,,OFF PLAN - 4.5,Available,,103134.41176470589,False,True
9-3-2026 (1).xlsx,aliva,2026-08-25,L-iVGR2-60-B2-3,Roof IVilla  Lagoon View,28876329.0,255.0,0.0,0.0,55.0,,,,OFF PLAN - 4.5,Available,,113240.50588235294,False,True
9-3-2026 (1).xlsx,aliva,2026-08-25,L-iVGR2-60-B2-4,I-Villa Roof,22449902.0,255.0,0.0,0.0,60.0,,,,OFF PLAN - 4.5,Available,,88038.83137254902,False,True
9-3-2026 (1).xlsx,aliva,2026-08-25,L-iVGR2-61-A2-2,Roof IVilla  Lagoon View,28876329.0,255.0,0.0,0.0,55.0,,,,OFF PLAN - 4.5,Available,,113240.50588235294,False,True
9-3-2026 (1).xlsx,aliva,2026-08-25,L-iVGR2-63-B2-1,I-Villa Roof,22376966.0,250.0,0.0,0.0,60.0,,,,OFF PLAN - 4.5,Available,,89507.864,False,True
9-3-2026 (1).xlsx,aliva,2026-08-25,L-iVGR2-63-B2-3,Roof IVilla  Lagoon View,28228013.0,255.0,0.0,0.0,55.0,,,,OFF PLAN - 4.5,Available,,110698.09019607842,False,True
9-3-2026 (1).xlsx,aliva,2026-08-25,L-iVGR2-66-A2-3,Roof IVilla  Lagoon View,28211805.0,255.0,0.0,0.0,55.0,,,,OFF PLAN - 4.5,Available,,110634.5294117647,False,True
9-3-2026 (1).xlsx,aliva,2026-08-25,L-iVGR2-67-A2-1,I-Villa Roof,22717332.0,255.0,0.0,0.0,60.0,,,,OFF PLAN - 4.5,Available,,89087.57647058823,False,True
9-3-2026 (1).xlsx,aliva,2026-08-25,L-iVGR2P-31-A3-4,I-Villa Roof,21647611.0,250.0,0.0,0.0,60.0,,,,OFF PLAN - 4.5,Available,,86590.444,False,True
9-3-2026 (1).xlsx,aliva,2026-08-25,L-iVGR2P-31-B0-1,I-Villa Garden,21353113.0,230.0,0.0,58.89,0.0,,,,OFF PLAN - 4.5,Available,,92839.62173913044,True,False
9-3-2026 (1).xlsx,aliva,2026-08-25,L-iVGR2P-31-B3-1,I-Villa Roof,21647611.0,250.0,0.0,0.0,60.0,,,,OFF PLAN - 4.5,Available,,86590.444,False,True
9-3-2026 (1).xlsx,aliva,2026-08-25,L-iVGR2P-33-A0-1,I-Villa Garden,24195674.0,230.0,0.0,101.7,0.0,,,,OFF PLAN - 4.5,Available,,105198.58260869565,True,False
9-3-2026 (1).xlsx,aliva,2026-08-25,L-iVGR2P-33-B3-3,Roof IVilla  Lagoon View,31258888.0,255.0,0.0,0.0,55.0,,,,OFF PLAN - 4.5,Available,,122583.87450980392,False,True
9-3-2026 (1).xlsx,aliva,2026-08-25,L-iVGR2P-33-B3-4,I-Villa Roof,22911826.0,255.0,0.0,0.0,60.0,,,,OFF PLAN - 4.5,Available,,89850.29803921569,False,True
9-3-2026 (1).xlsx,aliva,2026-08-25,L-iVGR2P-35-A0-2,I-Villa Garden,25706228.0,230.0,0.0,108.24,0.0,,,,OFF PLAN - 4.5,Available,,111766.20869565217,True,False
9-3-2026 (1).xlsx,aliva,2026-08-25,L-iVGR2P-35-A3-4,I-Villa Roof,22474214.0,250.0,0.0,0.0,60.0,,,,OFF PLAN - 4.5,Available,,89896.856,False,True
9-3-2026 (1).xlsx,aliva,2026-08-25,L-iVGR2P-35-B0-1,I-Villa Garden,22144901.0,230.0,0.0,58.33,0.0,,,,OFF PLAN - 4.5,Available,,96282.17826086956,True,False
9-3-2026 (1).xlsx,aliva,2026-08-25,L-iVGR2P-35-B3-1,I-Villa Roof,22474214.0,250.0,0.0,0.0,60.0,,,,OFF PLAN - 4.5,Available,,89896.856,False,True
9-3-2026 (1).xlsx,aliva,2026-08-25,L-iVGR2P-45-A3-1,I-Villa Roof,22741644.0,255.0,0.0,0.0,60.0,,,,OFF PLAN - 4.5,Available,,89182.91764705883,False,True
9-3-2026 (1).xlsx,aliva,2026-08-25,L-iVGR2P-45-B2-1,Apartment,12541306.0,130.0,0.0,0.0,0.0,,,,OFF PLAN - 4.5,Available,,96471.58461538462,False,False
9-3-2026 (1).xlsx,aliva,2026-08-25,L-iVGR2P-47-B0-2,IV Beach House,28429023.0,230.0,0.0,71.73,0.0,,,,OFF PLAN - 4.5,Available,,123604.44782608695,True,False
9-3-2026 (1).xlsx,aliva,2026-08-25,L-iVGR2P-47-B3-4,I-Villa Roof,22911826.0,255.0,0.0,0.0,60.0,,,,OFF PLAN - 4.5,Available,,89850.29803921569,False,True
9-3-2026 (1).xlsx,aliva,2026-08-25,L-iVGR2P-49-A3-2,Roof IVilla  Lagoon View,30335039.0,255.0,0.0,0.0,55.0,,,,OFF PLAN - 4.5,Available,,118960.93725490196,False,True
9-3-2026 (1).xlsx,aliva,2026-08-25,L-iVGR2P-52-A3-3,Roof IVilla  Lagoon View,28317157.0,255.0,0.0,0.0,55.0,,,,OFF PLAN - 4.5,Available,,111047.67450980392,False,True
9-3-2026 (1).xlsx,aliva,2026-08-25,L-iVGR2P-52-A3-4,I-Villa Roof,23580041.0,250.0,0.0,0.0,60.0,,,,OFF PLAN - 4.5,Available,,94320.164,False,True
9-3-2026 (1).xlsx,aliva,2026-08-25,L-iVGR2P-56-A3-2,I-Villa Roof,24581239.0,255.0,0.0,0.0,55.0,,,,OFF PLAN - 4.5,Available,,96397.0156862745,False,True
9-3-2026 (1).xlsx,aliva,2026-08-25,L-iVGR2P-74-A3-2,Roof IVilla  Lagoon View,26736888.0,255.0,0.0,0.0,55.0,,,,OFF PLAN - 4.5,Available,,104850.5411764706,False,True
9-3-2026 (1).xlsx,aliva,2026-08-25,L-iVGR2P-74-A3-4,I-Villa Roof,24516407.0,255.0,0.0,0.0,60.0,,,,OFF PLAN - 4.5,Available,,96142.7725490196,False,True
9-3-2026 (1).xlsx,aliva,2026-08-25,L-iVGR2P-75-A0-1,I-Villa Garden,24475725.0,230.0,0.0,100.34,0.0,,,,OFF PLAN - 4.5,Available,,106416.19565217392,True,False
9-3-2026 (1).xlsx,aliva,2026-08-25,L-iVGR2P-75-A0-4,I-Villa Garden,24419851.0,230.0,0.0,100.26,0.0,,,,OFF PLAN - 4.5,Available,,106173.26521739131,True,False
9-3-2026 (1).xlsx,aliva,2026-08-25,L-iVGR2P-75-A3-4,I-Villa Roof,24459680.0,255.0,0.0,0.0,60.0,,,,OFF PLAN - 4.5,Available,,95920.3137254902,False,True
9-3-2026 (1).xlsx,aliva,2026-08-25,L-iVGR2P-77-A0-4,I-Villa Garden,24474947.0,230.0,0.0,100.28,0.0,,,,OFF PLAN - 4.5,Available,,106412.81304347827,True,False
9-3-2026 (1).xlsx,aliva,2026-08-25,L-iVGR2P-80-A0-1,I-Villa Garden,24419851.0,230.0,0.0,100.26,0.0,,,,OFF PLAN - 4.5,Available,,106173.26521739131,True,False
9-3-2026 (1).xlsx,aliva,2026-08-25,L-iVGR2P-80-A0-4,I-Villa Garden,24474817.0,230.0,0.0,100.27,0.0,,,,OFF PLAN - 4.5,Available,,106412.24782608695,True,False
9-3-2026 (1).xlsx,aliva,2026-08-25,L-iVGR2P-80-A3-1,I-Villa Roof,24459680.0,255.0,0.0,0.0,60.0,,,,OFF PLAN - 4.5,Available,,95920.3137254902,False,True
9-3-2026 (1).xlsx,aliva,2026-08-25,L-iVGR2P-81-A2-1,Apartment,14716744.0,130.0,0.0,0.0,0.0,,,,OFF PLAN - 4.5,Available,,113205.72307692308,False,False
9-3-2026 (1).xlsx,aliva,2026-08-25,L-iVGR2P-81-A3-4,I-Villa Roof,24459680.0,255.0,0.0,0.0,60.0,,,,OFF PLAN - 4.5,Available,,95920.3137254902,False,True
9-3-2026 (1).xlsx,aliva,2026-08-25,R-M-02-A1-2,Millennial,12277886.0,140.0,0.0,0.0,0.0,,,,OFF PLAN - 4,Available,,87699.18571428572,False,False
9-3-2026 (1).xlsx,aliva,2026-08-25,R-M-11-A5-2,Millennial,11353930.0,140.0,0.0,0.0,0.0,,,,OFF PLAN - 4,Available,,81099.5,False,False
9-3-2026 (1).xlsx,aliva,2026-08-25,R-M-14-B3-3,Millennial,11353930.0,140.0,0.0,0.0,0.0,,,,OFF PLAN - 4,Available,,81099.5,False,False
9-3-2026 (1).xlsx,aliva,2026-08-25,R-M-15-A1-4,Millennial,13291843.0,130.0,0.0,0.0,0.0,,,,OFF PLAN - 4,Available,,102244.94615384615,False,False
9-3-2026 (1).xlsx,aliva,2026-08-25,R-M-15-B0-1,Garden Millennial,13354532.0,130.0,0.0,60.28,0.0,,,,OFF PLAN - 4,Available,,102727.16923076923,True,False
9-3-2026 (1).xlsx,aliva,2026-08-25,R-M-16-A1-2,Millennial,11353930.0,140.0,0.0,0.0,0.0,,,,OFF PLAN - 4,Available,,81099.5,False,False
9-3-2026 (1).xlsx,aliva,2026-08-25,R-M-16-A2-2,Millennial,11655414.0,145.0,0.0,0.0,0.0,,,,OFF PLAN - 4,Available,,80382.16551724137,False,False
9-3-2026 (1).xlsx,aliva,2026-08-25,R-M-16-A2-3,Millennial,11334425.0,155.0,0.0,0.0,0.0,,,,OFF PLAN - 4,Available,,73125.32258064517,False,False
9-3-2026 (1).xlsx,aliva,2026-08-25,R-M-16-A5-3,Millennial,11334425.0,155.0,0.0,0.0,0.0,,,,OFF PLAN - 4,Available,,73125.32258064517,False,False
9-3-2026 (1).xlsx,aliva,2026-08-25,R-M-16-B0-1,Garden Millennial,13346950.0,130.0,0.0,59.91,0.0,,,,OFF PLAN - 4,Available,,102668.84615384616,True,False
9-3-2026 (1).xlsx,aliva,2026-08-25,R-M-16-B0-4,Garden Millennial,16390117.0,140.0,0.0,115.78,0.0,,,,OFF PLAN - 4,Available,,117072.2642857143,True,False
9-3-2026 (1).xlsx,aliva,2026-08-25,R-M-16-B1-4,Millennial,13432832.0,140.0,0.0,0.0,0.0,,,,OFF PLAN - 4,Available,,95948.8,False,False
9-3-2026 (1).xlsx,aliva,2026-08-25,R-M-16-B2-2,Millennial,11334425.0,155.0,0.0,0.0,0.0,,,,OFF PLAN - 4,Available,,73125.32258064517,False,False
9-3-2026 (1).xlsx,aliva,2026-08-25,R-M-16-B2-3,Millennial,11794007.0,145.0,0.0,0.0,0.0,,,,OFF PLAN - 4,Available,,81337.97931034483,False,False
9-3-2026 (1).xlsx,aliva,2026-08-25,R-M-16-B2-4,Millennial,13734315.0,145.0,0.0,0.0,0.0,,,,OFF PLAN - 4,Available,,94719.41379310345,False,False
9-3-2026 (1).xlsx,aliva,2026-08-25,R-M-16-B5-2,Millennial,11334425.0,155.0,0.0,0.0,0.0,,,,OFF PLAN - 4,Available,,73125.32258064517,False,False
9-3-2026 (1).xlsx,aliva,2026-08-25,R-M-16-B5-4,Millennial,13432832.0,140.0,0.0,0.0,0.0,,,,OFF PLAN - 4,Available,,95948.8,False,False
9-3-2026 (1).xlsx,aliva,2026-08-25,R-M2-06-A0-2,Garden Millennial,13001093.0,115.0,0.0,120.54,0.0,,,,OFF PLAN - 4,Available,,113052.98260869565,True,False
9-3-2026 (1).xlsx,aliva,2026-08-25,R-M2-07-A0-2,Garden Millennial,13399319.0,115.0,0.0,139.59,0.0,,,,OFF PLAN - 4,Available,,116515.81739130434,True,False
9-3-2026 (1).xlsx,aliva,2026-08-25,R-M2-07-B0-3,Garden Millennial,13001093.0,115.0,0.0,120.54,0.0,,,,OFF PLAN - 4,Available,,113052.98260869565,True,False
9-3-2026 (1).xlsx,aliva,2026-08-25,R-M2-07-B1-4,Millennial,11696820.0,125.0,0.0,0.0,0.0,,,,OFF PLAN - 4,Available,,93574.56,False,False
9-3-2026 (1).xlsx,aliva,2026-08-25,R-TH-4-37-00-1,Town House,29771447.0,210.0,272.14,0.0,34.58,,,,OFF PLAN - 4,Available,,141768.79523809525,False,True
9-3-2026 (1).xlsx,aliva,2026-08-25,R-TH-6-01-00-1,Town House,43369583.0,210.0,292.9,0.0,34.58,,,,OFF PLAN - 4,Available,,206521.8238095238,False,True
9-3-2026 (1).xlsx,aliva,2026-08-25,R-TH-6-01-00-2,Town House,38907236.0,210.0,191.87,0.0,34.58,,,,OFF PLAN - 4,Available,,185272.55238095237,False,True
9-3-2026 (1).xlsx,aliva,2026-08-25,R-TH-6-01-00-4,Town House,38856282.0,210.0,189.39,0.0,34.58,,,,OFF PLAN - 4,Available,,185029.91428571427,False,True
9-3-2026 (1).xlsx,aliva,2026-08-25,R-TH-6-02-00-3,Town House,39430789.0,210.0,188.7,0.0,34.58,,,,OFF PLAN - 4,Available,,187765.66190476192,False,True
9-3-2026 (1).xlsx,aliva,2026-08-25,R-TH-6-02-00-4,Town House,39430789.0,210.0,188.7,0.0,34.58,,,,OFF PLAN - 4,Available,,187765.66190476192,False,True
9-3-2026 (1).xlsx,aliva,2026-08-25,R-TH-6-02-00-6,Town House,39535646.0,210.0,289.23,0.0,34.58,,,,OFF PLAN - 4,Available,,188264.98095238095,False,True
9-3-2026 (1).xlsx,aliva,2026-08-25,R-TH-6-29-00-6,Town House,31097199.0,210.0,293.6,0.0,34.58,,,,OFF PLAN - 4,Available,,148081.9,False,True
9-3-2026 (1).xlsx,aliva,2026-08-25,R-TH-6-30-00-2,Town House,26397194.0,210.0,181.41,0.0,34.58,,,,OFF PLAN - 4,Available,,125700.92380952381,False,True
9-3-2026 (1).xlsx,aliva,2026-08-25,R-TH-6-32-00-2,Town House,26397194.0,210.0,181.41,0.0,34.58,,,,OFF PLAN - 4,Available,,125700.92380952381,False,True
9-3-2026 (1).xlsx,aliva,2026-08-25,R-TH-6-38-00-1,Town House,30706518.0,210.0,277.49,0.0,34.58,,,,OFF PLAN - 4,Available,,146221.51428571428,False,True
9-3-2026 (1).xlsx,aliva,2026-08-25,R-TH-6-44-00-2,Town House,26855660.0,210.0,183.52,0.0,34.58,,,,OFF PLAN - 4,Available,,127884.09523809524,False,True
9-3-2026 (1).xlsx,aliva,2026-08-25,R-iV-17-A0-1,I-Villa Garden,20697853.0,205.0,0.0,108.62,0.0,,,,OFF PLAN - 4,Available,,100965.13658536585,True,False
9-3-2026 (1).xlsx,aliva,2026-08-25,R-iV-17-A0-2,I-Villa Garden,21355341.0,205.0,0.0,94.2,0.0,,,,OFF PLAN - 4,Available,,104172.39512195122,True,False
9-3-2026 (1).xlsx,aliva,2026-08-25,R-iV-17-A2-1,Apartment,15877233.0,190.0,0.0,0.0,0.0,,,,OFF PLAN - 4,Available,,83564.38421052632,False,False
9-3-2026 (1).xlsx,aliva,2026-08-25,R-iV-17-A3-1,I-Villa Roof,16701311.0,220.0,0.0,0.0,0.0,,,,OFF PLAN - 4,Available,,75915.05,False,False
9-3-2026 (1).xlsx,aliva,2026-08-25,R-iV-17-A3-2,I-Villa Roof,17507096.0,220.0,0.0,0.0,0.0,,,,OFF PLAN - 4,Available,,79577.70909090909,False,False
9-3-2026 (1).xlsx,aliva,2026-08-25,R-iV-17-B0-3,I-Villa Garden,21583662.0,205.0,0.0,81.31,0.0,,,,OFF PLAN - 4,Available,,105286.15609756098,True,False
9-3-2026 (1).xlsx,aliva,2026-08-25,R-iV-17-B2-3,Apartment,16201257.0,190.0,0.0,0.0,0.0,,,,OFF PLAN - 4,Available,,85269.77368421052,False,False
9-3-2026 (1).xlsx,aliva,2026-08-25,R-iV-17-B3-4,I-Villa Roof,16825278.0,220.0,0.0,0.0,0.0,,,,OFF PLAN - 4,Available,,76478.53636363636,False,False
9-3-2026 (1).xlsx,aliva,2026-08-25,R-iV-19-B0-3,I-Villa Garden,20944361.0,205.0,0.0,109.79,0.0,,,,OFF PLAN - 4,Available,,102167.61463414635,True,False
9-3-2026 (1).xlsx,aliva,2026-08-25,R-iV-19-B0-4,I-Villa Garden,20299099.0,205.0,0.0,90.98,0.0,,,,OFF PLAN - 4,Available,,99019.99512195121,True,False
9-3-2026 (1).xlsx,aliva,2026-08-25,R-iV-20-A3-2,I-Villa Roof,16887262.0,220.0,0.0,0.0,0.0,,,,OFF PLAN - 4,Available,,76760.28181818181,False,False
9-3-2026 (1).xlsx,aliva,2026-08-25,R-iV-24-B0-4,I-Villa Garden,18903645.0,205.0,0.0,69.7,0.0,,,,OFF PLAN - 4,Available,,92212.90243902439,True,False
9-3-2026 (1).xlsx,aliva,2026-08-25,R-iV-25-B0-2,I-Villa Garden,22328742.0,190.0,0.0,39.17,0.0,,,,OFF PLAN - 4,Available,,117519.69473684211,True,False
9-3-2026 (1).xlsx,aliva,2026-08-25,R-iV-25-B0-3,I-Villa Garden,26675150.0,205.0,0.0,78.29,0.0,,,,OFF PLAN - 4,Available,,130122.68292682926,True,False
9-3-2026 (1).xlsx,aliva,2026-08-25,R-iV-25-B3-3,I-Villa Roof,22310809.0,220.0,0.0,0.0,0.0,,,,OFF PLAN - 4,Available,,101412.76818181819,False,False
9-3-2026 (1).xlsx,aliva,2026-08-25,R-iV-26-A0-1,I-Villa Garden,19993145.0,205.0,0.0,70.71,0.0,,,,OFF PLAN - 4,Available,,97527.53658536586,True,False
9-3-2026 (1).xlsx,aliva,2026-08-25,R-iV-36-A0-2,I-Villa Garden,22262230.0,205.0,0.0,78.29,0.0,,,,OFF PLAN - 4,Available,,108596.24390243902,True,False
9-3-2026 (1).xlsx,aliva,2026-08-25,R-iV-36-B3-3,I-Villa Roof,17817013.0,220.0,0.0,0.0,0.0,,,,OFF PLAN - 4,Available,,80986.42272727273,False,False
9-3-2026 (1).xlsx,aliva,2026-08-25,R-iV-39-B2-3,Apartment,16386414.0,190.0,0.0,0.0,0.0,,,,OFF PLAN - 4,Available,,86244.28421052631,False,False
9-3-2026 (1).xlsx,aliva,2026-08-25,R-iV-44-A0-2,I-Villa Garden,25309144.0,205.0,0.0,73.22,0.0,,,,OFF PLAN - 4,Available,,123459.23902439025,True,False
9-3-2026 (1).xlsx,aliva,2026-08-25,R-iV-45-A0-1,I-Villa Garden,20745706.0,205.0,0.0,86.06,0.0,,,,OFF PLAN - 4,Available,,101198.56585365854,True,False
9-3-2026 (1).xlsx,aliva,2026-08-25,R-iV-47-B0-3,I-Villa Garden,22433074.0,205.0,0.0,81.31,0.0,,,,OFF PLAN - 4,Available,,109429.62926829269,True,False
9-3-2026 (1).xlsx,aliva,2026-08-25,R-iV-47-B0-4,I-Villa Garden,19835517.0,205.0,0.0,71.65,0.0,,,,OFF PLAN - 4,Available,,96758.61951219512,True,False
9-3-2026 (1).xlsx,aliva,2026-08-25,R-iV-48-A0-3,I-Villa Garden,22402291.0,190.0,0.0,39.17,0.0,,,,OFF PLAN - 4,Available,,117906.7947368421,True,False
9-3-2026 (1).xlsx,aliva,2026-08-25,R-iVGR-18-B0-3,I-Villa Garden,28084737.0,250.0,0.0,115.07,0.0,,,,OFF PLAN - 4,Available,,112338.948,True,False
9-3-2026 (1).xlsx,aliva,2026-08-25,R-iVGR-21-A0-2,I-Villa Garden,28092494.0,250.0,0.0,115.41,0.0,,,,OFF PLAN - 4,Available,,112369.976,True,False
9-3-2026 (1).xlsx,aliva,2026-08-25,R-iVGR-28-A0-2,I-Villa Garden,28092494.0,250.0,0.0,115.41,0.0,,,,OFF PLAN - 4,Available,,112369.976,True,False
9-3-2026 (1).xlsx,aliva,2026-08-25,R-iVGR-38-A0-1,I-Villa Garden,22746579.0,250.0,0.0,103.53,0.0,,,,OFF PLAN - 4,Available,,90986.316,True,False
9-3-2026 (1).xlsx,aliva,2026-08-25,R-iVGR-38-B2-3,I-Villa Roof,22171159.0,210.0,0.0,0.0,25.0,,,,OFF PLAN - 4,Available,,105576.94761904761,False,True
9-3-2026 (1).xlsx,aliva,2026-08-25,R-iVGR-42-A0-1,I-Villa Garden,22069354.0,250.0,0.0,102.86,0.0,,,,OFF PLAN - 4,Available,,88277.416,True,False
9-3-2026 (1).xlsx,aliva,2026-08-25,R-iVGR-46-A0-1,I-Villa Garden,21136546.0,250.0,0.0,103.74,0.0,,,,OFF PLAN - 4,Available,,84546.184,True,False
9-3-2026 (1).xlsx,aliva,2026-08-25,R-iVGR-46-A0-4,I-Villa Garden,21580281.0,250.0,0.0,103.84,0.0,,,,OFF PLAN - 4,Available,,86321.124,True,False
9-3-2026 (1).xlsx,aliva,2026-08-25,R-iVGR-60-B0-3,I-Villa Garden,26981278.0,250.0,0.0,115.06,0.0,,,,OFF PLAN - 4,Available,,107925.112,True,False
9-3-2026 (1).xlsx,aliva,2026-08-25,R-iVGR-60-B2-3,I-Villa Roof,21272400.0,210.0,0.0,0.0,25.0,,,,OFF PLAN - 4,Available,,101297.14285714286,False,True
9-3-2026 (1).xlsx,aliva,2026-08-25,R-iVGR-69-A0-1,I-Villa Garden,22001516.0,250.0,0.0,124.58,0.0,,,,OFF PLAN - 4,Available,,88006.064,True,False
9-3-2026 (1).xlsx,aliva,2026-08-25,R-iVGR-69-A0-2,I-Villa Garden,25673440.0,250.0,0.0,143.72,0.0,,,,OFF PLAN - 4,Available,,102693.76,True,False
9-3-2026 (1).xlsx,aliva,2026-08-25,R-iVGR-70-A2-2,I-Villa Roof,22047192.0,210.0,0.0,0.0,25.0,,,,OFF PLAN - 4,Available,,104986.62857142858,False,True
9-3-2026 (1).xlsx,i city new cairo,Phase 4B,CA-01-03-CG-1,Garden Apartment,16872695.0,140.0,0.0,75.66,0.0,,,,READY TO MOVE - 3,Available,,120519.25,True,False
9-3-2026 (1).xlsx,i city new cairo,Phase 4B,CA-01-05-BG-1,Garden Apartment,16004154.0,140.0,0.0,65.15,0.0,,,,READY TO MOVE - 3,Available,,114315.38571428572,True,False
9-3-2026 (1).xlsx,i city new cairo,Phase 01,CA-01-14-AG-4,Garden Apartment,16479047.0,160.0,0.0,26.43,,,,,READY TO MOVE - 3,Available,,102994.04375,True,False
9-3-2026 (1).xlsx,i city new cairo,Phase 4B,CA-01-14-CG-1,Garden Apartment,16165936.0,140.0,0.0,78.6,0.0,,,,READY TO MOVE - 3,Available,,115470.97142857143,True,False
9-3-2026 (1).xlsx,i city new cairo,Phase 4B,CA-01-15-BG-4,Garden Apartment,16765820.0,155.0,0.0,39.66,0.0,,,,READY TO MOVE - 6,Available,,108166.58064516129,True,False
9-3-2026 (1).xlsx,i city new cairo,Phase 4B,CA-01-15-BG-5,Garden Apartment,14050639.0,110.0,0.0,82.05,0.0,,,,READY TO MOVE - 6,Available,,127733.08181818182,True,False
9-3-2026 (1).xlsx,i city new cairo,Phase 4B,CA-01-16-CG-1,Garden Apartment,14704323.0,140.0,0.0,33.52,0.0,,,,READY TO MOVE - 3,Available,,105030.87857142858,True,False
9-3-2026 (1).xlsx,i city new cairo,Phase 4B,CA-01-16-DG-4,Garden Apartment,16583348.0,160.0,0.0,26.6,0.0,,,,READY TO MOVE - 3,Available,,103645.925,True,False
9-3-2026 (1).xlsx,i city new cairo,Phase 03 A,CA-01-22-AG-6,Garden Apartment,19390288.0,155.0,0.0,88.76,0.0,,,,READY TO MOVE - 3,Available,,125098.63225806452,True,False
9-3-2026 (1).xlsx,i city new cairo,Phase 4B,CA-01-22-BG-2,Garden Apartment,17121652.0,130.0,0.0,65.73,0.0,,,,READY TO MOVE - 3,Available,,131705.0153846154,True,False
9-3-2026 (1).xlsx,i city new cairo,Phase 4B,CA-01-27-CG-1,Garden Apartment,15138865.0,140.0,0.0,36.76,0.0,,,,READY TO MOVE - 3,Available,,108134.75,True,False
9-3-2026 (1).xlsx,i city new cairo,Phase 6A - Palace,CV-01-09-00-1,Palace,89886872.0,520.0,689.65,484.21,68.27,,,,PARTIAL DELIVERY,Available,,172859.36923076923,True,True
9-3-2026 (1).xlsx,i city new cairo,Phase 4 A,CV-02-05-00-1,Palace,95248803.0,565.0,659.34,0.0,0.0,,,,READY TO DELIVER,Available,,168581.95221238938,False,False
9-3-2026 (1).xlsx,i city new cairo,Phase 7B,CV-02-19-00-B,Villa,65150401.0,410.0,494.07,265.0,0.0,,,,READY TO MOVE - 6,Available,,158903.41707317074,True,False
9-3-2026 (1).xlsx,i city new cairo,Lagoon Villa Island-2025Q1,LP-LV4P-02-00-01,Villa,49076167.0,280.0,435.49,226.45,0.0,,,,OFF PLAN - 3.5,Available,,175272.025,True,False
9-3-2026 (1).xlsx,i city new cairo,Lagoon Villa Island-2025Q1,LP-LV4P-03-00-01,Villa,50425240.0,280.0,469.59,244.19,0.0,,,,OFF PLAN - 3.5,Available,,180090.14285714287,True,False
9-3-2026 (1).xlsx,i city new cairo,Lagoon Villa Island-2025Q1,LP-LV4P-04-00-01,Villa,47301043.0,280.0,428.86,223.01,0.0,,,,OFF PLAN - 3.5,Available,,168932.29642857143,True,False
9-3-2026 (1).xlsx,i city new cairo,Lagoon Villa Island-2025Q1,LP-LV4P-07-00-01,Villa,53493217.0,280.0,503.87,262.01,0.0,,,,OFF PLAN - 3.5,Available,,191047.20357142857,True,False
9-3-2026 (1).xlsx,i city new cairo,Lagoon Villa Island-2025Q1,LP-LV4P-09-00-01,Villa,45836861.0,280.0,499.11,259.54,0.0,,,,OFF PLAN - 3.5,Available,,163703.075,True,False
9-3-2026 (1).xlsx,i city new cairo,Lagoon Villa Island-2025Q1,LP-LV4P-11-00-01,Villa,42257008.0,280.0,397.26,206.58,,,,,OFF PLAN - 3.5,Available,,150917.88571428572,True,False
9-3-2026 (1).xlsx,i city new cairo,Lagoon Villa Island-2025Q1,LP-LV4P-12-00-01,Villa,42701985.0,280.0,409.92,213.16,,,,,OFF PLAN - 3.5,Available,,152507.0892857143,True,False
9-3-2026 (1).xlsx,i city new cairo,Lagoon Villa Island-2025Q1,LP-LV4P-13-00-01,Villa,45464236.0,280.0,409.43,212.9,,,,,OFF PLAN - 3.5,Available,,162372.27142857143,True,False
9-3-2026 (1).xlsx,i city new cairo,Lagoon Villa Island-2025Q1,LP-LV4P-14-00-01,Villa,46655438.0,280.0,409.43,212.9,,,,,OFF PLAN - 3.5,Available,,166626.5642857143,True,False
9-3-2026 (1).xlsx,i city new cairo,Lagoon Villa Island-2025Q1,LP-LV4P-15-00-01,Villa,48301930.0,280.0,400.97,208.5,0.0,,,,OFF PLAN - 3.5,Available,,172506.89285714287,True,False
9-3-2026 (1).xlsx,i city new cairo,Lagoon Villa Island-2025Q1,LP-LV4P-27-00-01,Villa,48512836.0,280.0,502.28,261.19,0.0,,,,OFF PLAN - 3.5,Available,,173260.12857142856,True,False
9-3-2026 (1).xlsx,i city new cairo,Lagoon Villa Island-2025Q1,LP-LV4P-28-00-01,Villa,49501793.0,280.0,503.0,261.56,0.0,,,,OFF PLAN - 3.5,Available,,176792.11785714285,True,False
9-3-2026 (1).xlsx,i city new cairo,Lagoon Villa Island-2025Q1,LP-LV4P-30-00-01,Villa,52602338.0,280.0,503.0,261.56,0.0,,,,OFF PLAN - 3.5,Available,,187865.49285714285,True,False
9-3-2026 (1).xlsx,i city new cairo,Lagoon Villa Island-2025Q1,LP-LV4P-37-00-01,Villa,46975016.0,280.0,382.38,198.84,,,,,OFF PLAN - 3.5,Available,,167767.91428571427,True,False
9-3-2026 (1).xlsx,i city new cairo,Lagoon Villa Island-2025Q1,LP-LV4P-38-00-01,Villa,50034632.0,280.0,409.53,212.96,,,,,OFF PLAN - 3.5,Available,,178695.11428571428,True,False
9-3-2026 (1).xlsx,i city new cairo,Phase-1,MP-MN4P-35-00-01,Villa,60705537.0,340.0,537.0,312.0,0.0,,,,READY TO MOVE - 6,Available,,178545.69705882354,True,False
9-3-2026 (1).xlsx,i city new cairo,Feb 2026 (Value Offer),NP-IV-04-A5-02,I-Villa Roof,21553551.0,260.0,0.0,0.0,15.0,,,,OFF PLAN - 3,Available,,82898.27307692308,False,True
9-3-2026 (1).xlsx,i city new cairo,Feb 2026 (Value Offer),NP-IV-04-A5-03,I-Villa Roof,21553551.0,260.0,0.0,0.0,15.0,,,,OFF PLAN - 3,Available,,82898.27307692308,False,True
9-3-2026 (1).xlsx,i city new cairo,Feb 2026 (Value Offer),NP-IV-04-A5-04,I-Villa Roof,20620661.0,260.0,0.0,0.0,15.0,,,,OFF PLAN - 3,Available,,79310.23461538462,False,True
9-3-2026 (1).xlsx,i city new cairo,Feb 2026 (Value Offer),NP-IV-05-A5-01,I-Villa Roof,21180395.0,260.0,0.0,0.0,15.0,,,,OFF PLAN - 3,Available,,81463.05769230769,False,True
9-3-2026 (1).xlsx,kingsway,K-Phase-1A,KC2-LHA-51,Lake House,30018597.0,280.0,0.0,0.0,55.0,,,,OFF PLAN - 4,Available,,107209.275,False,True
9-3-2026 (1).xlsx,kingsway,K-Phase-1A,KC2-PV4-162-0-2,Garden Villa,10427565.0,130.0,0.0,125.34,0.0,,,,OFF PLAN - 4,Available,,80212.03846153847,True,False
9-3-2026 (1).xlsx,kingsway,K-Phase-1A,KC2-PV8-105-0-1,Garden Villa,11145496.0,130.0,0.0,133.88,0.0,,,,OFF PLAN - 4,Available,,85734.58461538462,True,False
9-3-2026 (1).xlsx,kingsway,K-Phase-1A,KC3-LHB-14,Lake House,25383714.0,220.0,0.0,0.0,40.0,,,,OFF PLAN - 4,Available,,115380.51818181819,False,True
9-3-2026 (1).xlsx,kingsway,K-Phase-1A,KE1-MNB-21,Mansion,36695516.0,350.0,0.0,0.0,30.0,,,,OFF PLAN - 4,Available,,104844.33142857143,False,True
9-3-2026 (1).xlsx,kingsway,K-Phase-1A,KI1-LHB-219,Lake House,23731315.0,220.0,0.0,0.0,40.0,,,,OFF PLAN - 4,Available,,107869.61363636363,False,True
9-3-2026 (1).xlsx,kingsway,K-Phase-1A,KI2-LHA-139,Lake House,26652598.0,280.0,0.0,0.0,55.0,,,,OFF PLAN - 4,Available,,95187.85,False,True
9-3-2026 (1).xlsx,kingsway,K-Phase-1A,KI2-LHA-147,Lake House,26315998.0,280.0,0.0,0.0,55.0,,,,OFF PLAN - 4,Available,,93985.70714285714,False,True
9-3-2026 (1).xlsx,kingsway,K-Phase-1A,KI2-TH4-109-C,Town House,15980541.0,185.0,187.5,0.0,0.0,,,,OFF PLAN - 4,Available,,86381.3027027027,False,False
9-3-2026 (1).xlsx,jirian,Phase-1,IF-NHLP-47-00-1,Palace,219999992.0,1000.0,1699.32,0.0,0.0,,,,OFF PLAN - 4,Available,,219999.992,False,False
9-3-2026 (1).xlsx,jirian,Phase-1,IF2-RV-C-22-00-1,Villa,51912354.0,255.0,369.0,0.0,55.0,,,,OFF PLAN - 4,Available,,203577.85882352942,False,True
9-3-2026 (1).xlsx,jirian,Phase-1,IV2-TH-8-10-00-1,Town House,24370463.0,165.0,204.84,0.0,30.0,,,,OFF PLAN - 4,Available,,147699.77575757576,False,True
9-3-2026 (1).xlsx,jirian,Phase-1,NF1-IV4-05-B2-2,I-Villa Roof,27777153.0,220.0,0.0,0.0,40.0,,,,OFF PLAN - 4,Available,,126259.78636363636,False,True
9-3-2026 (1).xlsx,jirian,Phase-1,NF1-IV4-06-B2-2,I-Villa Roof,28445903.0,220.0,0.0,0.0,40.0,,,,OFF PLAN - 4,Available,,129299.5590909091,False,True
9-3-2026 (1).xlsx,jirian,Phase-1,NF1-IV4-12-A2-1,I-Villa Roof,28445903.0,220.0,0.0,0.0,40.0,,,,OFF PLAN - 4,Available,,129299.5590909091,False,True
9-3-2026 (1).xlsx,jirian,Phase-1,NF1-IV4-13-B0-1,I-Villa Garden,28552653.0,220.0,0.0,40.0,0.0,,,,OFF PLAN - 4,Available,,129784.78636363636,True,False
9-3-2026 (1).xlsx,jirian,Phase-1,NF1-IV4-14-B0-1,I-Villa Garden,28552653.0,220.0,0.0,40.0,0.0,,,,OFF PLAN - 4,Available,,129784.78636363636,True,False
9-3-2026 (1).xlsx,jirian,Phase-1,NF1-SL4-01-A0-1,Garden Apartment,22150563.0,145.0,0.0,70.0,0.0,,,,OFF PLAN - 4,Available,,152762.50344827585,True,False
9-3-2026 (1).xlsx,jirian,Phase-1,NF1-SL4-01-A0-4,Garden Apartment,21711213.0,145.0,0.0,70.0,0.0,,,,OFF PLAN - 4,Available,,149732.50344827585,True,False
9-3-2026 (1).xlsx,jirian,Phase-1,NF1-SL4-01-A1-4,Apartment,19865500.0,160.0,0.0,0.0,0.0,,,,OFF PLAN - 4,Available,,124159.375,False,False
9-3-2026 (1).xlsx,jirian,Phase-1,NF1-SL4-01-A2-4,Apartment,19865500.0,160.0,0.0,0.0,0.0,,,,OFF PLAN - 4,Available,,124159.375,False,False
9-3-2026 (1).xlsx,jirian,Phase-1,NF1-SL6-15-A0-2,Garden Apartment,16824150.0,105.0,0.0,70.0,0.0,,,,OFF PLAN - 4,Available,,160230.0,True,False
9-3-2026 (1).xlsx,jirian,Phase-1,NF1-SL6-15-A0-3,Garden Apartment,16824150.0,105.0,0.0,70.0,0.0,,,,OFF PLAN - 4,Available,,160230.0,True,False
9-3-2026 (1).xlsx,jirian,Phase-1,NF1-SL6-15-A1-1,Apartment,20267500.0,160.0,0.0,0.0,0.0,,,,OFF PLAN - 4,Available,,126671.875,False,False
9-3-2026 (1).xlsx,jirian,Phase-1,NF1-SL6-15-A1-4,Apartment,19865500.0,160.0,0.0,0.0,0.0,,,,OFF PLAN - 4,Available,,124159.375,False,False
9-3-2026 (1).xlsx,jirian,Phase-1,NF1-SL6-15-A2-1,Apartment,20267500.0,160.0,0.0,0.0,0.0,,,,OFF PLAN - 4,Available,,126671.875,False,False
9-3-2026 (1).xlsx,jirian,Phase-1,NF1-SL6-15-A2-4,Apartment,19865500.0,160.0,0.0,0.0,0.0,,,,OFF PLAN - 4,Available,,124159.375,False,False
9-3-2026 (1).xlsx,jirian,Phase-1,NF1-SL6-16-A0-1,Garden Apartment,21711213.0,145.0,0.0,70.0,0.0,,,,OFF PLAN - 4,Available,,149732.50344827585,True,False
9-3-2026 (1).xlsx,jirian,Phase-1,NF1-SL6-16-A1-1,Apartment,19865500.0,160.0,0.0,0.0,0.0,,,,OFF PLAN - 4,Available,,124159.375,False,False
9-3-2026 (1).xlsx,jirian,Phase-1,NF1-SL6-16-A1-4,Apartment,19865500.0,160.0,0.0,0.0,0.0,,,,OFF PLAN - 4,Available,,124159.375,False,False
9-3-2026 (1).xlsx,jirian,Phase-1,NF1-SL6-16-A2-1,Apartment,19865500.0,160.0,0.0,0.0,0.0,,,,OFF PLAN - 4,Available,,124159.375,False,False
9-3-2026 (1).xlsx,jirian,Phase-1,NF1-SL6-18-A2-3,Apartment,15038100.0,110.0,0.0,0.0,0.0,,,,OFF PLAN - 4,Available,,136710.0,False,False
9-3-2026 (1).xlsx,jirian,Phase-1,NF1-SL6-18-A3-4,Apartment,20267500.0,160.0,0.0,0.0,0.0,,,,OFF PLAN - 4,Available,,126671.875,False,False
9-3-2026 (1).xlsx,jirian,Phase-1,NF1-SL6-18-A4-4,Apartment,20267500.0,160.0,0.0,0.0,0.0,,,,OFF PLAN - 4,Available,,126671.875,False,False
9-3-2026 (1).xlsx,jirian,Phase-1,NF1-SL6-18-A5-1,Apartment,19865500.0,160.0,0.0,0.0,0.0,,,,OFF PLAN - 4,Available,,124159.375,False,False
9-3-2026 (1).xlsx,jirian,Phase-1,NF1-SL6-18-A5-3,Apartment,15038100.0,110.0,0.0,0.0,0.0,,,,OFF PLAN - 4,Available,,136710.0,False,False
9-3-2026 (1).xlsx,jirian,Phase-1,NF1-SL6-18-A5-4,Apartment,20267500.0,160.0,0.0,0.0,0.0,,,,OFF PLAN - 4,Available,,126671.875,False,False
9-3-2026 (1).xlsx,jirian,Phase-1,NF2-SL5-01-A1-1,Apartment,20267500.0,160.0,0.0,0.0,0.0,,,,OFF PLAN - 4,Available,,126671.875,False,False
9-3-2026 (1).xlsx,jirian,Phase-1,NF2-SL5-01-A1-4,Apartment,20267500.0,160.0,0.0,0.0,0.0,,,,OFF PLAN - 4,Available,,126671.875,False,False
9-3-2026 (1).xlsx,jirian,Phase-1,NF2-SL5-01-A2-4,Apartment,20267500.0,160.0,0.0,0.0,0.0,,,,OFF PLAN - 4,Available,,126671.875,False,False
9-3-2026 (1).xlsx,jirian,Phase-1,NF2-SL5-02-A1-4,Apartment,17989500.0,160.0,0.0,0.0,0.0,,,,OFF PLAN - 4,Available,,112434.375,False,False
9-3-2026 (1).xlsx,jirian,Phase-1,NF2-SL5-02-A2-1,Apartment,18391500.0,160.0,0.0,0.0,0.0,,,,OFF PLAN - 4,Available,,114946.875,False,False
9-3-2026 (1).xlsx,jirian,Phase-1,NF2-SL5-02-A3-4,Apartment,17989500.0,160.0,0.0,0.0,0.0,,,,OFF PLAN - 4,Available,,112434.375,False,False
9-3-2026 (1).xlsx,jirian,Phase-1,NF2-SL5-02-A4-4,Apartment,17989500.0,160.0,0.0,0.0,0.0,,,,OFF PLAN - 4,Available,,112434.375,False,False
9-3-2026 (1).xlsx,jirian,Phase-1,NF2-SL5-03-A0-2,Garden Apartment,15221850.0,105.0,0.0,70.0,0.0,,,,OFF PLAN - 4,Available,,144970.0,True,False
9-3-2026 (1).xlsx,jirian,Phase-1,NF2-SL5-03-A1-1,Apartment,17989500.0,160.0,0.0,0.0,0.0,,,,OFF PLAN - 4,Available,,112434.375,False,False
9-3-2026 (1).xlsx,jirian,Phase-1,NF2-SL5-03-A1-4,Apartment,17989500.0,160.0,0.0,0.0,0.0,,,,OFF PLAN - 4,Available,,112434.375,False,False
9-3-2026 (1).xlsx,jirian,Phase-1,NF2-SL5-06-A0-2,Garden Apartment,15221850.0,105.0,0.0,70.0,0.0,,,,OFF PLAN - 4,Available,,144970.0,True,False
9-3-2026 (1).xlsx,jirian,Phase-1,NF2-SL5-06-A0-3,Garden Apartment,15221850.0,105.0,0.0,70.0,0.0,,,,OFF PLAN - 4,Available,,144970.0,True,False
9-3-2026 (1).xlsx,jirian,Phase-1,NF2-SL5-06-A1-1,Apartment,17989500.0,160.0,0.0,0.0,0.0,,,,OFF PLAN - 4,Available,,112434.375,False,False
9-3-2026 (1).xlsx,jirian,Phase-1,NF2-SL5-06-A2-1,Apartment,17989500.0,160.0,0.0,0.0,0.0,,,,OFF PLAN - 4,Available,,112434.375,False,False
9-3-2026 (1).xlsx,jirian,Phase-1,NF2-SL5-06-A3-1,Apartment,17989500.0,160.0,0.0,0.0,0.0,,,,OFF PLAN - 4,Available,,112434.375,False,False
9-3-2026 (1).xlsx,jirian,Phase-1,NF2-SL5-06-A4-4,Apartment,17989500.0,160.0,0.0,0.0,0.0,,,,OFF PLAN - 4,Available,,112434.375,False,False
9-3-2026 (1).xlsx,jirian,Phase-1,NF2-SL5-07-A0-3,Garden Apartment,15221850.0,105.0,0.0,70.0,0.0,,,,OFF PLAN - 4,Available,,144970.0,True,False
9-3-2026 (1).xlsx,jirian,Phase-1,NF2-SL5-07-A0-4,Garden Apartment,19660913.0,145.0,0.0,70.0,0.0,,,,OFF PLAN - 4,Available,,135592.50344827585,True,False
9-3-2026 (1).xlsx,jirian,Phase-1,NF2-SL5-09-A0-1,Garden Apartment,19660913.0,145.0,0.0,70.0,0.0,,,,OFF PLAN - 4,Available,,135592.50344827585,True,False
9-3-2026 (1).xlsx,jirian,Phase-1,NF2-SL5-10-A0-1,Garden Apartment,19660913.0,145.0,0.0,70.0,0.0,,,,OFF PLAN - 4,Available,,135592.50344827585,True,False
9-3-2026 (1).xlsx,jirian,Phase-1,NF2-SL5-13-A0-1,Garden Apartment,19660913.0,145.0,0.0,70.0,0.0,,,,OFF PLAN - 4,Available,,135592.50344827585,True,False
9-3-2026 (1).xlsx,jirian,Phase-1,NF2-SL5-13-A0-4,Garden Apartment,19660913.0,145.0,0.0,70.0,0.0,,,,OFF PLAN - 4,Available,,135592.50344827585,True,False
9-3-2026 (1).xlsx,jirian,Phase-1,NV1-CA-05-B0-4,Garden Apartment,20672153.0,155.0,0.0,250.0,0.0,,,,OFF PLAN - 4,Available,,133368.72903225807,True,False
9-3-2026 (1).xlsx,jirian,Phase-1,NV1-CA-05-B1-3,Apartment,21555903.0,185.0,0.0,0.0,0.0,,,,OFF PLAN - 4,Available,,116518.39459459459,False,False
9-3-2026 (1).xlsx,jirian,Phase-1,NV1-CA-05-B1-4,Apartment,21555903.0,185.0,0.0,0.0,0.0,,,,OFF PLAN - 4,Available,,116518.39459459459,False,False
9-3-2026 (1).xlsx,jirian,Phase-1,NV1-CA-09-A5-1,Apartment,15342153.0,145.0,0.0,0.0,0.0,,,,OFF PLAN - 4,Available,,105807.95172413794,False,False
9-3-2026 (1).xlsx,jirian,Phase-1,NV1-CA-09-A5-2,Apartment,15342153.0,145.0,0.0,0.0,0.0,,,,OFF PLAN - 4,Available,,105807.95172413794,False,False
9-3-2026 (1).xlsx,jirian,Phase-1,NV1-CA-09-A7-1,Apartment,15342153.0,145.0,0.0,0.0,0.0,,,,OFF PLAN - 4,Available,,105807.95172413794,False,False
9-3-2026 (1).xlsx,jirian,Phase-1,NV1-CA-09-A7-3,Apartment,15342153.0,145.0,0.0,0.0,0.0,,,,OFF PLAN - 4,Available,,105807.95172413794,False,False
9-3-2026 (1).xlsx,jirian,Phase-1,NV1-CA-09-B0-4,Garden Apartment,21022153.0,155.0,0.0,250.0,0.0,,,,OFF PLAN - 4,Available,,135626.7935483871,True,False
9-3-2026 (1).xlsx,jirian,Phase-1,NV1-CA-09-B5-1,Apartment,15342153.0,145.0,0.0,0.0,0.0,,,,OFF PLAN - 4,Available,,105807.95172413794,False,False
9-3-2026 (1).xlsx,jirian,Phase-1,NV1-CA-09-B5-2,Apartment,12717153.0,120.0,0.0,0.0,0.0,,,,OFF PLAN - 4,Available,,105976.275,False,False
9-3-2026 (1).xlsx,jirian,Phase-1,NV1-CA-13-B0-3,Garden Apartment,20672153.0,155.0,0.0,280.0,0.0,,,,OFF PLAN - 4,Available,,133368.72903225807,True,False
9-3-2026 (1).xlsx,jirian,Phase-1,NV1-CA-13-B1-3,Apartment,21555903.0,185.0,0.0,0.0,0.0,,,,OFF PLAN - 4,Available,,116518.39459459459,False,False
9-3-2026 (1).xlsx,jirian,Phase-1,NV1-CAM-01-A1-2,Apartment,21555903.0,185.0,0.0,0.0,0.0,,,,OFF PLAN - 4,Available,,116518.39459459459,False,False
9-3-2026 (1).xlsx,jirian,Phase-1,NV1-SL8-03-A0-2,Garden Apartment,15794100.0,105.0,0.0,70.0,0.0,,,,OFF PLAN - 4,Available,,150420.0,True,False
9-3-2026 (1).xlsx,jirian,Phase-1,NV1-SL8-03-A0-3,Garden Apartment,15794100.0,105.0,0.0,70.0,0.0,,,,OFF PLAN - 4,Available,,150420.0,True,False
9-3-2026 (1).xlsx,jirian,Phase-1,NV1-SL8-07-A0-3,Garden Apartment,15794100.0,105.0,0.0,70.0,0.0,,,,OFF PLAN - 4,Available,,150420.0,True,False
9-3-2026 (1).xlsx,jirian,Phase-1,NV1-SL8-07-A1-4,Apartment,18659500.0,160.0,0.0,0.0,0.0,,,,OFF PLAN - 4,Available,,116621.875,False,False
9-3-2026 (1).xlsx,jirian,Phase-1,NV1-SL8-07-A2-1,Apartment,18659500.0,160.0,0.0,0.0,0.0,,,,OFF PLAN - 4,Available,,116621.875,False,False
9-3-2026 (1).xlsx,jirian,Phase-1,NV1-SL8-07-A2-4,Apartment,18659500.0,160.0,0.0,0.0,0.0,,,,OFF PLAN - 4,Available,,116621.875,False,False
9-3-2026 (1).xlsx,jirian,Phase-1,NV1-SL8-11-A0-1,Garden Apartment,20393163.0,145.0,0.0,70.0,0.0,,,,OFF PLAN - 4,Available,,140642.50344827585,True,False
9-3-2026 (1).xlsx,jirian,Phase-1,NV1-SL8-11-A0-3,Garden Apartment,15794100.0,105.0,0.0,70.0,0.0,,,,OFF PLAN - 4,Available,,150420.0,True,False
9-3-2026 (1).xlsx,jirian,Phase-1,NV1-SL8-11-A0-4,Garden Apartment,20393163.0,145.0,0.0,70.0,0.0,,,,OFF PLAN - 4,Available,,140642.50344827585,True,False
9-3-2026 (1).xlsx,jirian,Phase-1,NV1-SL8-15-A0-1,Garden Apartment,20393163.0,145.0,0.0,70.0,0.0,,,,OFF PLAN - 4,Available,,140642.50344827585,True,False
9-3-2026 (1).xlsx,jirian,Phase-1,NV1-SL8-15-A0-3,Garden Apartment,15794100.0,105.0,0.0,70.0,0.0,,,,OFF PLAN - 4,Available,,150420.0,True,False
9-3-2026 (1).xlsx,jirian,Phase-1,NV1-SL8-15-A0-4,Garden Apartment,20393163.0,145.0,0.0,70.0,0.0,,,,OFF PLAN - 4,Available,,140642.50344827585,True,False
9-3-2026 (1).xlsx,jirian,Phase-1,NV1-SL8-15-A3-1,Apartment,18659500.0,160.0,0.0,0.0,0.0,,,,OFF PLAN - 4,Available,,116621.875,False,False
9-3-2026 (1).xlsx,jirian,Phase-1,NV1-SS-06-B3-2,Apartment,12717153.0,120.0,0.0,0.0,0.0,,,,OFF PLAN - 4,Available,,105976.275,False,False
9-3-2026 (1).xlsx,jirian,Phase-1,NV1-SS-06-C0-2,Garden Apartment,14989653.0,140.0,0.0,29.08,0.0,,,,OFF PLAN - 4,Available,,107068.95,True,False
9-3-2026 (1).xlsx,jirian,Phase-1,NV1-SSM-08-A2-1,Apartment,16770903.0,150.0,0.0,0.0,0.0,,,,OFF PLAN - 4,Available,,111806.02,False,False
9-3-2026 (1).xlsx,jirian,Phase-1,NV1-SSM-08-A3-1,Apartment,16770903.0,150.0,0.0,0.0,0.0,,,,OFF PLAN - 4,Available,,111806.02,False,False
9-3-2026 (1).xlsx,jirian,Phase-1,NV1-VS-02-A0-1,Garden Apartment,18962508.0,150.0,0.0,40.11,0.0,,,,OFF PLAN - 4,Available,,126416.72,True,False
9-3-2026 (1).xlsx,jirian,Phase-1,NV1-VS-02-A1-4,Apartment,16961279.0,150.0,0.0,0.0,0.0,,,,OFF PLAN - 4,Available,,113075.19333333333,False,False
9-3-2026 (1).xlsx,jirian,Phase-1,NV1-VS-02-A3-4,Apartment,16961279.0,150.0,0.0,0.0,0.0,,,,OFF PLAN - 4,Available,,113075.19333333333,False,False
9-3-2026 (1).xlsx,jirian,Phase-1,NV1-VS-02-A4-4,Apartment,16961279.0,150.0,0.0,0.0,0.0,,,,OFF PLAN - 4,Available,,113075.19333333333,False,False
9-3-2026 (1).xlsx,jirian,Phase-1,NV1-VS-02-A5-4,Apartment,16961279.0,150.0,0.0,0.0,0.0,,,,OFF PLAN - 4,Available,,113075.19333333333,False,False
9-3-2026 (1).xlsx,jirian,Phase-1,NV1-VS-02-A7-4,Apartment,16961279.0,150.0,0.0,0.0,0.0,,,,OFF PLAN - 4,Available,,113075.19333333333,False,False
9-3-2026 (1).xlsx,jirian,Phase-1,NV1-VS-02-D0-1,Garden Apartment,14306218.0,135.0,0.0,15.0,,,,,OFF PLAN - 4,Available,,105971.98518518519,True,False
9-3-2026 (1).xlsx,jirian,Phase-1,NV1-VS-14-A0-2,Garden Apartment,13001943.0,95.0,0.0,85.75,0.0,,,,OFF PLAN - 4,Available,,136862.55789473685,True,False
9-3-2026 (1).xlsx,jirian,Phase-1,NV1-VS-14-A0-3,Garden Apartment,13001943.0,95.0,0.0,85.75,0.0,,,,OFF PLAN - 4,Available,,136862.55789473685,True,False
9-3-2026 (1).xlsx,jirian,Phase-1,NV1-VS-14-A1-4,Apartment,16961279.0,150.0,0.0,0.0,0.0,,,,OFF PLAN - 4,Available,,113075.19333333333,False,False
9-3-2026 (1).xlsx,jirian,Phase-1,NV1-VS-14-A2-4,Apartment,16961279.0,150.0,0.0,0.0,0.0,,,,OFF PLAN - 4,Available,,113075.19333333333,False,False
9-3-2026 (1).xlsx,jirian,Phase-1,NV1-VS-14-A3-4,Apartment,16961279.0,150.0,0.0,0.0,0.0,,,,OFF PLAN - 4,Available,,113075.19333333333,False,False
9-3-2026 (1).xlsx,jirian,Phase-1,NV1-VS-14-A4-4,Apartment,16961279.0,150.0,0.0,0.0,0.0,,,,OFF PLAN - 4,Available,,113075.19333333333,False,False
9-3-2026 (1).xlsx,jirian,Phase-1,NV1-VS-14-A5-4,Apartment,16961279.0,150.0,0.0,0.0,0.0,,,,OFF PLAN - 4,Available,,113075.19333333333,False,False
9-3-2026 (1).xlsx,jirian,Phase-1,NV1-VS-14-A6-4,Apartment,16961279.0,150.0,0.0,0.0,0.0,,,,OFF PLAN - 4,Available,,113075.19333333333,False,False
9-3-2026 (1).xlsx,jirian,Phase-1,NV1-VS-14-A7-4,Apartment,16961279.0,150.0,0.0,0.0,0.0,,,,OFF PLAN - 4,Available,,113075.19333333333,False,False
9-3-2026 (1).xlsx,jirian,Phase-1,NV1-VS-14-D0-1,Garden Apartment,14306218.0,135.0,0.0,15.0,,,,,OFF PLAN - 4,Available,,105971.98518518519,True,False
9-3-2026 (1).xlsx,jirian,Phase-1,NV1-VSM-04-D0-2,Garden Apartment,14306218.0,135.0,0.0,15.0,,,,,OFF PLAN - 4,Available,,105971.98518518519,True,False
9-3-2026 (1).xlsx,jirian,Phase-1,NV1-VSM-04-D4-2,Apartment,16910263.0,160.0,0.0,0.0,,,,,OFF PLAN - 4,Available,,105689.14375,False,False
9-3-2026 (1).xlsx,jirian,Phase-1,NV1-VSM-04-D5-2,Apartment,16910263.0,160.0,0.0,0.0,,,,,OFF PLAN - 4,Available,,105689.14375,False,False
9-3-2026 (1).xlsx,jirian,Phase-1,NV1-VSM-04-E0-1,Garden Apartment,14292153.0,135.0,0.0,29.08,0.0,,,,OFF PLAN - 4,Available,,105867.8,True,False
9-3-2026 (1).xlsx,jirian,Phase-1,NV2-CA-02-A1-1,Apartment,15342153.0,145.0,0.0,0.0,0.0,,,,OFF PLAN - 4,Available,,105807.95172413794,False,False
9-3-2026 (1).xlsx,jirian,Phase-1,NV2-CA-02-A1-2,Apartment,15342153.0,145.0,0.0,0.0,0.0,,,,OFF PLAN - 4,Available,,105807.95172413794,False,False
9-3-2026 (1).xlsx,jirian,Phase-1,NV2-CA-02-B3-3,Apartment,18090903.0,155.0,0.0,0.0,0.0,,,,OFF PLAN - 4,Available,,116715.50322580645,False,False
9-3-2026 (1).xlsx,jirian,Phase-1,NV2-CA-02-B4-3,Apartment,18090903.0,155.0,0.0,0.0,0.0,,,,OFF PLAN - 4,Available,,116715.50322580645,False,False
9-3-2026 (1).xlsx,jirian,Phase-1,NV2-CA-02-B5-3,Apartment,18090903.0,155.0,0.0,0.0,0.0,,,,OFF PLAN - 4,Available,,116715.50322580645,False,False
9-3-2026 (1).xlsx,jirian,Phase-1,NV2-CA-06-A3-2,Apartment,15342153.0,145.0,0.0,0.0,0.0,,,,OFF PLAN - 4,Available,,105807.95172413794,False,False
9-3-2026 (1).xlsx,jirian,Phase-1,NV2-DD-01-A0-4,Garden Apartment,11903403.0,100.0,0.0,76.6,0.0,,,,OFF PLAN - 4,Available,,119034.03,True,False
9-3-2026 (1).xlsx,jirian,Phase-1,NV2-DD-01-A0-6,Garden Apartment,8367153.0,70.0,0.0,10.0,0.0,,,,OFF PLAN - 4,Available,,119530.75714285714,True,False
9-3-2026 (1).xlsx,jirian,Phase-1,NV2-DD-01-A2-1,Apartment,8097153.0,70.0,0.0,0.0,0.0,,,,OFF PLAN - 4,Available,,115673.61428571428,False,False
9-3-2026 (1).xlsx,jirian,Phase-1,NV2-DD-01-A4-1,Apartment,8097153.0,70.0,0.0,0.0,0.0,,,,OFF PLAN - 4,Available,,115673.61428571428,False,False
9-3-2026 (1).xlsx,jirian,Phase-1,NV2-DD-01-B0-4,Garden Apartment,8117153.0,60.0,0.0,10.0,0.0,,,,OFF PLAN - 4,Available,,135285.88333333333,True,False
9-3-2026 (1).xlsx,jirian,Phase-1,NV2-DD-01-B1-1,Apartment,15342153.0,145.0,0.0,0.0,0.0,,,,OFF PLAN - 4,Available,,105807.95172413794,False,False
9-3-2026 (1).xlsx,jirian,Phase-1,NV2-DD-01-B2-1,Apartment,15342153.0,145.0,0.0,0.0,0.0,,,,OFF PLAN - 4,Available,,105807.95172413794,False,False
9-3-2026 (1).xlsx,jirian,Phase-1,NV2-DD-01-B6-2,Apartment,14873403.0,140.0,0.0,0.0,0.0,,,,OFF PLAN - 4,Available,,106238.59285714285,False,False
9-3-2026 (1).xlsx,jirian,Phase-1,NV2-DD-01-B7-1,Apartment,15585903.0,145.0,0.0,0.0,0.0,,,,OFF PLAN - 4,Available,,107488.98620689654,False,False
9-3-2026 (1).xlsx,jirian,Phase-1,NV2-DD-01-B7-2,Apartment,14873403.0,140.0,0.0,0.0,0.0,,,,OFF PLAN - 4,Available,,106238.59285714285,False,False
9-3-2026 (1).xlsx,jirian,Phase-1,NV2-DD-01-B7-3,Apartment,13767153.0,130.0,0.0,0.0,0.0,,,,OFF PLAN - 4,Available,,105901.17692307693,False,False
9-3-2026 (1).xlsx,jirian,Phase-1,NV2-DD-01-B7-4,Apartment,13767153.0,130.0,0.0,0.0,0.0,,,,OFF PLAN - 4,Available,,105901.17692307693,False,False
9-3-2026 (1).xlsx,jirian,Phase-1,NV2-DD-01-C2-3,Apartment,16392153.0,155.0,0.0,0.0,0.0,,,,OFF PLAN - 4,Available,,105755.82580645161,False,False
9-3-2026 (1).xlsx,jirian,Phase-1,NV2-DD-01-C2-4,Apartment,16392153.0,155.0,0.0,0.0,0.0,,,,OFF PLAN - 4,Available,,105755.82580645161,False,False
9-3-2026 (1).xlsx,jirian,Phase-1,NV2-DD-01-C5-2,Apartment,15867153.0,150.0,0.0,0.0,0.0,,,,OFF PLAN - 4,Available,,105781.02,False,False
9-3-2026 (1).xlsx,jirian,Phase-1,NV2-SD-03-C5-2,Apartment,15867153.0,150.0,0.0,0.0,0.0,,,,OFF PLAN - 4,Available,,105781.02,False,False
9-3-2026 (1).xlsx,jirian,Phase-1,NV2-SD-05-B2-3,Apartment,9317153.0,85.0,0.0,0.0,0.0,,,,OFF PLAN - 4,Available,,109613.56470588235,False,False
9-3-2026 (1).xlsx,jirian,Phase-1,NV2-SD-05-C2-3,Apartment,18803403.0,160.0,0.0,0.0,0.0,,,,OFF PLAN - 4,Available,,117521.26875,False,False
9-3-2026 (1).xlsx,jirian,Phase-1,NV2-SD-05-C3-3,Apartment,18803403.0,160.0,0.0,0.0,0.0,,,,OFF PLAN - 4,Available,,117521.26875,False,False
9-3-2026 (1).xlsx,jirian,Phase-1,NV2-SD-05-C4-3,Apartment,18803403.0,160.0,0.0,0.0,0.0,,,,OFF PLAN - 4,Available,,117521.26875,False,False
9-3-2026 (1).xlsx,jirian,Phase-1,NV2-SD-05-C5-2,Apartment,15867153.0,150.0,0.0,0.0,0.0,,,,OFF PLAN - 4,Available,,105781.02,False,False
9-3-2026 (1).xlsx,jirian,Phase-1,NV2-SD-07-B4-1,Apartment,15342153.0,145.0,0.0,0.0,0.0,,,,OFF PLAN - 4,Available,,105807.95172413794,False,False
9-3-2026 (1).xlsx,jirian,Phase-1,NV2-SD-07-B5-1,Apartment,15342153.0,145.0,0.0,0.0,0.0,,,,OFF PLAN - 4,Available,,105807.95172413794,False,False
9-3-2026 (1).xlsx,jirian,Phase-1,NV2-SD-07-B5-2,Apartment,15342153.0,145.0,0.0,0.0,0.0,,,,OFF PLAN - 4,Available,,105807.95172413794,False,False
9-3-2026 (1).xlsx,jirian,Phase-1,NV2-SD-07-C0-1,Garden Apartment,8117153.0,60.0,0.0,10.0,0.0,,,,OFF PLAN - 4,Available,,135285.88333333333,True,False
9-3-2026 (1).xlsx,jirian,Phase-1,NV2-SD-07-C5-2,Apartment,15867153.0,150.0,0.0,0.0,0.0,,,,OFF PLAN - 4,Available,,105781.02,False,False
9-3-2026 (1).xlsx,i city oct,Feb 2026 (Value Offer),CA-01-01-A1-04,I-Apartment,13396955.0,210.0,0.0,0.0,0.0,,,,OFF PLAN - 4,Available,,63795.02380952381,False,False
9-3-2026 (1).xlsx,i city oct,Feb 2026 (Value Offer),CA-01-01-A3-04,I-Apartment,13396955.0,210.0,0.0,0.0,0.0,,,,OFF PLAN - 4,Available,,63795.02380952381,False,False
9-3-2026 (1).xlsx,i city oct,Feb 2026 (Value Offer),CA-01-01-AG-04,Garden Apartment,15132101.0,190.0,0.0,40.22,0.0,,,,OFF PLAN - 4,Available,,79642.63684210526,True,False
9-3-2026 (1).xlsx,i city oct,Feb 2026 (Value Offer),CA-01-01-B1-01,I-Apartment,11611287.0,160.0,0.0,0.0,0.0,,,,OFF PLAN - 4,Available,,72570.54375,False,False
9-3-2026 (1).xlsx,i city oct,Feb 2026 (Value Offer),CA-01-01-B2-01,I-Apartment,11611287.0,160.0,0.0,0.0,0.0,,,,OFF PLAN - 4,Available,,72570.54375,False,False
9-3-2026 (1).xlsx,i city oct,Feb 2026 (Value Offer),CA-01-03-A1-01,I-Apartment,11537582.0,165.0,0.0,0.0,0.0,,,,OFF PLAN - 4,Available,,69924.7393939394,False,False
9-3-2026 (1).xlsx,i city oct,Feb 2026 (Value Offer),CA-01-03-A1-02,I-Apartment,11403573.0,150.0,0.0,0.0,0.0,,,,OFF PLAN - 4,Available,,76023.82,False,False
9-3-2026 (1).xlsx,i city oct,Feb 2026 (Value Offer),CA-01-03-A1-03,I-Apartment,10799863.0,150.0,0.0,0.0,0.0,,,,OFF PLAN - 4,Available,,71999.08666666667,False,False
9-3-2026 (1).xlsx,i city oct,Feb 2026 (Value Offer),CA-01-03-A2-02,I-Apartment,11403573.0,150.0,0.0,0.0,0.0,,,,OFF PLAN - 4,Available,,76023.82,False,False
9-3-2026 (1).xlsx,i city oct,Feb 2026 (Value Offer),CA-01-03-A3-02,I-Apartment,11403573.0,150.0,0.0,0.0,0.0,,,,OFF PLAN - 4,Available,,76023.82,False,False
9-3-2026 (1).xlsx,i city oct,Feb 2026 (Value Offer),CA-01-03-A4-02,I-Apartment,11403573.0,150.0,0.0,0.0,0.0,,,,OFF PLAN - 4,Available,,76023.82,False,False
9-3-2026 (1).xlsx,i city oct,Feb 2026 (Value Offer),CA-01-03-AG-02,Garden Apartment,14196290.0,155.0,0.0,72.84,0.0,,,,OFF PLAN - 4,Available,,91588.96774193548,True,False
9-3-2026 (1).xlsx,i city oct,Feb 2026 (Value Offer),CA-01-03-AG-03,Garden Apartment,12704208.0,145.0,0.0,61.56,0.0,,,,OFF PLAN - 4,Available,,87615.2275862069,True,False
9-3-2026 (1).xlsx,i city oct,Feb 2026 (Value Offer),CA-01-03-B3-05,I-Apartment,9922775.0,130.0,0.0,0.0,0.0,,,,OFF PLAN - 4,Available,,76329.03846153847,False,False
9-3-2026 (1).xlsx,i city oct,Feb 2026 (Value Offer),CA-01-03-BG-01,Garden Apartment,12214540.0,130.0,0.0,64.71,0.0,,,,OFF PLAN - 4,Available,,93958.0,True,False
9-3-2026 (1).xlsx,i city oct,Feb 2026 (Value Offer),CA-01-05-A1-04,I-Apartment,11329868.0,155.0,0.0,0.0,0.0,,,,OFF PLAN - 4,Available,,73095.92258064516,False,False
9-3-2026 (1).xlsx,i city oct,Feb 2026 (Value Offer),CA-01-05-A2-01,I-Apartment,11436405.0,155.0,0.0,0.0,0.0,,,,OFF PLAN - 4,Available,,73783.25806451614,False,False
9-3-2026 (1).xlsx,i city oct,Feb 2026 (Value Offer),CA-01-05-A2-04,I-Apartment,11329868.0,155.0,0.0,0.0,0.0,,,,OFF PLAN - 4,Available,,73095.92258064516,False,False
9-3-2026 (1).xlsx,i city oct,Feb 2026 (Value Offer),CA-01-05-A3-01,I-Apartment,11436405.0,155.0,0.0,0.0,0.0,,,,OFF PLAN - 4,Available,,73783.25806451614,False,False
9-3-2026 (1).xlsx,i city oct,Feb 2026 (Value Offer),CA-01-05-A3-04,I-Apartment,11329868.0,155.0,0.0,0.0,0.0,,,,OFF PLAN - 4,Available,,73095.92258064516,False,False
9-3-2026 (1).xlsx,i city oct,Feb 2026 (Value Offer),CA-01-05-A4-01,I-Apartment,11436405.0,155.0,0.0,0.0,0.0,,,,OFF PLAN - 4,Available,,73783.25806451614,False,False
9-3-2026 (1).xlsx,i city oct,Feb 2026 (Value Offer),CA-01-05-A4-03,I-Apartment,10056784.0,145.0,0.0,0.0,0.0,,,,OFF PLAN - 4,Available,,69357.13103448277,False,False
9-3-2026 (1).xlsx,i city oct,Feb 2026 (Value Offer),CA-01-05-AG-01,Garden Apartment,9723261.0,110.0,0.0,31.6,0.0,,,,OFF PLAN - 4,Available,,88393.28181818181,True,False
9-3-2026 (1).xlsx,i city oct,Feb 2026 (Value Offer),CA-01-05-AG-02,Garden Apartment,12663496.0,145.0,0.0,81.89,0.0,,,,OFF PLAN - 4,Available,,87334.4551724138,True,False
9-3-2026 (1).xlsx,i city oct,Feb 2026 (Value Offer),CA-01-05-AG-03,Garden Apartment,12647549.0,145.0,0.0,87.79,0.0,,,,OFF PLAN - 4,Available,,87224.47586206897,True,False
9-3-2026 (1).xlsx,i city oct,Feb 2026 (Value Offer),CA-01-05-B1-01,I-Apartment,11329868.0,155.0,0.0,0.0,0.0,,,,OFF PLAN - 4,Available,,73095.92258064516,False,False
9-3-2026 (1).xlsx,i city oct,Feb 2026 (Value Offer),CA-01-05-BG-02,Garden Apartment,12834036.0,145.0,0.0,97.73,0.0,,,,OFF PLAN - 4,Available,,88510.59310344828,True,False
9-3-2026 (1).xlsx,i city oct,Feb 2026 (Value Offer),CA-01-07-AG-04,Garden Apartment,15299076.0,190.0,0.0,49.12,0.0,,,,OFF PLAN - 4,Available,,80521.45263157894,True,False
9-3-2026 (1).xlsx,i city oct,Feb 2026 (Value Offer),CA-01-07-AG-05,Garden Apartment,13032905.0,155.0,0.0,60.33,0.0,,,,OFF PLAN - 4,Available,,84083.25806451614,True,False
9-3-2026 (1).xlsx,i city oct,Feb 2026 (Value Offer),CA-01-07-B1-01,I-Apartment,11611287.0,160.0,0.0,0.0,0.0,,,,OFF PLAN - 4,Available,,72570.54375,False,False
9-3-2026 (1).xlsx,i city oct,Feb 2026 (Value Offer),CA-01-09-A4-01,I-Apartment,10901039.0,160.0,0.0,0.0,0.0,,,,OFF PLAN - 4,Available,,68131.49375,False,False
9-3-2026 (1).xlsx,i city oct,Feb 2026 (Value Offer),CA-01-09-AG-02,Garden Apartment,13557094.0,155.0,0.0,61.27,0.0,,,,OFF PLAN - 4,Available,,87465.12258064515,True,False
9-3-2026 (1).xlsx,i city oct,Feb 2026 (Value Offer),CA-01-09-AG-03,Garden Apartment,13213763.0,150.0,0.0,51.22,0.0,,,,OFF PLAN - 4,Available,,88091.75333333333,True,False
9-3-2026 (1).xlsx,i city oct,Feb 2026 (Value Offer),CA-01-09-B4-04,I-Apartment,9184051.0,115.0,0.0,0.0,0.0,,,,OFF PLAN - 4,Available,,79861.31304347827,False,False
9-3-2026 (1).xlsx,i city oct,Feb 2026 (Value Offer),CA-03-13-A4-03,I-Apartment,9526778.0,140.0,0.0,0.0,0.0,,,,OFF PLAN - 3,Available,,68048.41428571429,False,False
9-3-2026 (1).xlsx,i city oct,Feb 2026 (Value Offer),CA-03-13-AG-05,Garden Apartment,12703645.0,155.0,0.0,54.03,0.0,,,,OFF PLAN - 3,Available,,81959.0,True,False
9-3-2026 (1).xlsx,i city oct,Feb 2026 (Value Offer),CA-03-15-AG-02,Garden Apartment,12765745.0,155.0,0.0,52.84,0.0,,,,OFF PLAN - 3,Available,,82359.64516129032,True,False
9-3-2026 (1).xlsx,i city oct,Feb 2026 (Value Offer),CA-03-15-B2-02,I-Apartment,15899571.0,245.0,0.0,0.0,0.0,,,,OFF PLAN - 3,Available,,64896.208163265306,False,False
9-3-2026 (1).xlsx,i city oct,Feb 2026 (Value Offer),CA-03-17-A1-01,I-Apartment,10903720.0,155.0,0.0,0.0,0.0,,,,OFF PLAN - 3,Available,,70346.58064516129,False,False
9-3-2026 (1).xlsx,i city oct,Feb 2026 (Value Offer),CA-03-17-A2-04,I-Apartment,10797183.0,155.0,0.0,0.0,0.0,,,,OFF PLAN - 3,Available,,69659.24516129032,False,False
9-3-2026 (1).xlsx,i city oct,Feb 2026 (Value Offer),CA-03-17-AG-04,Garden Apartment,13386930.0,155.0,0.0,85.95,0.0,,,,OFF PLAN - 3,Available,,86367.29032258065,True,False
9-3-2026 (1).xlsx,i city oct,Feb 2026 (Value Offer),CA-03-17-B1-02,I-Apartment,10234345.0,145.0,0.0,0.0,0.0,,,,OFF PLAN - 3,Available,,70581.68965517242,False,False
9-3-2026 (1).xlsx,i city oct,Feb 2026 (Value Offer),CA-03-17-BG-02,Garden Apartment,12813023.0,145.0,0.0,85.36,0.0,,,,OFF PLAN - 3,Available,,88365.67586206897,True,False
9-3-2026 (1).xlsx,i city oct,Feb 2026 (Value Offer),CA-03-19-AG-01,Garden Apartment,12616968.0,155.0,0.0,49.41,0.0,,,,OFF PLAN - 3,Available,,81399.7935483871,True,False
9-3-2026 (1).xlsx,i city oct,Feb 2026 (Value Offer),CA-04-12-AG-03,Garden Apartment,11605174.0,130.0,0.0,92.98,0.0,,,,OFF PLAN - 3,Available,,89270.56923076924,True,False
9-3-2026 (1).xlsx,i city oct,Feb 2026 (Value Offer),CA-04-12-B1-04,I-Apartment,11611287.0,160.0,0.0,0.0,0.0,,,,OFF PLAN - 3,Available,,72570.54375,False,False
9-3-2026 (1).xlsx,i city oct,Feb 2026 (Value Offer),CA-04-12-B4-02,Sky Loft,17140492.0,260.0,0.0,0.0,40.0,,,,OFF PLAN - 3,Available,,65924.96923076923,False,True
9-3-2026 (1).xlsx,i city oct,Feb 2026 (Value Offer),CA-04-12-BG-01,Garden Apartment,13234964.0,150.0,0.0,74.85,0.0,,,,OFF PLAN - 3,Available,,88233.09333333334,True,False
9-3-2026 (1).xlsx,i city oct,Feb 2026 (Value Offer),CA-04-14-A2-01,I-Apartment,11715143.0,165.0,0.0,0.0,0.0,,,,OFF PLAN - 3,Available,,71000.86666666667,False,False
9-3-2026 (1).xlsx,i city oct,Feb 2026 (Value Offer),CA-04-14-A3-03,I-Apartment,10799863.0,150.0,0.0,0.0,0.0,,,,OFF PLAN - 3,Available,,71999.08666666667,False,False
9-3-2026 (1).xlsx,i city oct,Feb 2026 (Value Offer),CA-04-14-A4-01,I-Apartment,11715143.0,165.0,0.0,0.0,0.0,,,,OFF PLAN - 3,Available,,71000.86666666667,False,False
9-3-2026 (1).xlsx,i city oct,Feb 2026 (Value Offer),CA-04-14-AG-02,Garden Apartment,13655966.0,155.0,0.0,77.79,0.0,,,,OFF PLAN - 3,Available,,88103.0064516129,True,False
9-3-2026 (1).xlsx,i city oct,Feb 2026 (Value Offer),CA-04-14-AG-03,Garden Apartment,12591641.0,145.0,0.0,55.56,0.0,,,,OFF PLAN - 3,Available,,86838.90344827586,True,False
9-3-2026 (1).xlsx,i city oct,Feb 2026 (Value Offer),CA-04-14-AG-04,Garden Apartment,13294624.0,150.0,0.0,78.03,0.0,,,,OFF PLAN - 3,Available,,88630.82666666666,True,False
9-3-2026 (1).xlsx,i city oct,Feb 2026 (Value Offer),CA-04-14-B4-02,Sky Loft,17703330.0,260.0,0.0,0.0,70.0,,,,OFF PLAN - 3,Available,,68089.73076923077,False,True
9-3-2026 (1).xlsx,i city oct,Feb 2026 (Value Offer),CA-04-18-A2-01,I-Apartment,11715143.0,165.0,0.0,0.0,0.0,,,,OFF PLAN - 3,Available,,71000.86666666667,False,False
9-3-2026 (1).xlsx,i city oct,Feb 2026 (Value Offer),CA-04-18-A3-01,I-Apartment,11715143.0,165.0,0.0,0.0,0.0,,,,OFF PLAN - 3,Available,,71000.86666666667,False,False
9-3-2026 (1).xlsx,i city oct,Feb 2026 (Value Offer),CA-04-18-A4-01,I-Apartment,11715143.0,165.0,0.0,0.0,0.0,,,,OFF PLAN - 3,Available,,71000.86666666667,False,False
9-3-2026 (1).xlsx,i city oct,Feb 2026 (Value Offer),CA-04-18-AG-02,Garden Apartment,13649775.0,155.0,0.0,77.46,0.0,,,,OFF PLAN - 3,Available,,88063.06451612903,True,False
9-3-2026 (1).xlsx,i city oct,Feb 2026 (Value Offer),CA-04-18-AG-04,Garden Apartment,12892571.0,150.0,0.0,56.6,0.0,,,,OFF PLAN - 3,Available,,85950.47333333333,True,False
9-3-2026 (1).xlsx,i city oct,Feb 2026 (Value Offer),CA-04-20-A1-03,I-Apartment,9775365.0,140.0,0.0,0.0,0.0,,,,OFF PLAN - 3,Available,,69824.03571428571,False,False
9-3-2026 (1).xlsx,i city oct,Feb 2026 (Value Offer),CA-04-20-AG-05,Garden Apartment,13703057.0,155.0,0.0,62.3,0.0,,,,OFF PLAN - 3,Available,,88406.8193548387,True,False
9-3-2026 (1).xlsx,i city oct,Feb 2026 (Value Offer),CA-04-20-BG-02,Garden Apartment,13494056.0,150.0,0.0,72.91,0.0,,,,OFF PLAN - 3,Available,,89960.37333333334,True,False
9-3-2026 (1).xlsx,i city oct,Feb 2026 (Value Offer),CA-04-22-A1-04,I-Apartment,10797183.0,155.0,0.0,0.0,0.0,,,,OFF PLAN - 3,Available,,69659.24516129032,False,False
9-3-2026 (1).xlsx,i city oct,Feb 2026 (Value Offer),CA-04-22-A2-01,I-Apartment,11436405.0,155.0,0.0,0.0,0.0,,,,OFF PLAN - 3,Available,,73783.25806451614,False,False
9-3-2026 (1).xlsx,i city oct,Feb 2026 (Value Offer),CA-04-22-A2-02,I-Apartment,11154986.0,150.0,0.0,0.0,0.0,,,,OFF PLAN - 3,Available,,74366.57333333333,False,False
9-3-2026 (1).xlsx,i city oct,Feb 2026 (Value Offer),CA-04-22-A2-03,I-Apartment,10056784.0,145.0,0.0,0.0,0.0,,,,OFF PLAN - 3,Available,,69357.13103448277,False,False
9-3-2026 (1).xlsx,i city oct,Feb 2026 (Value Offer),CA-04-22-A3-01,I-Apartment,11436408.0,155.0,0.0,0.0,0.0,,,,OFF PLAN - 3,Available,,73783.27741935484,False,False
9-3-2026 (1).xlsx,i city oct,Feb 2026 (Value Offer),CA-04-22-A4-01,I-Apartment,11436408.0,155.0,0.0,0.0,0.0,,,,OFF PLAN - 3,Available,,73783.27741935484,False,False
9-3-2026 (1).xlsx,i city oct,Feb 2026 (Value Offer),CA-04-22-A4-02,I-Apartment,10873568.0,145.0,0.0,0.0,0.0,,,,OFF PLAN - 3,Available,,74990.12413793104,False,False
9-3-2026 (1).xlsx,i city oct,Feb 2026 (Value Offer),CA-04-22-A4-03,I-Apartment,10056784.0,145.0,0.0,0.0,0.0,,,,OFF PLAN - 3,Available,,69357.13103448277,False,False
9-3-2026 (1).xlsx,i city oct,Feb 2026 (Value Offer),CA-04-22-A4-04,I-Apartment,10515764.0,150.0,0.0,0.0,0.0,,,,OFF PLAN - 3,Available,,70105.09333333334,False,False
9-3-2026 (1).xlsx,i city oct,Feb 2026 (Value Offer),CA-04-22-AG-02,Garden Apartment,13264606.0,145.0,0.0,68.93,0.0,,,,OFF PLAN - 3,Available,,91480.04137931035,True,False
9-3-2026 (1).xlsx,i city oct,Feb 2026 (Value Offer),CA-04-22-AG-04,Garden Apartment,13026714.0,155.0,0.0,66.75,0.0,,,,OFF PLAN - 3,Available,,84043.31612903226,True,False
9-3-2026 (1).xlsx,i city oct,Feb 2026 (Value Offer),CA-05-21-A2-03,I-Apartment,9972358.0,140.0,0.0,0.0,0.0,,,,OFF PLAN - 3,Available,,71231.12857142858,False,False
9-3-2026 (1).xlsx,i city oct,Feb 2026 (Value Offer),CA-05-21-A3-03,I-Apartment,9972358.0,140.0,0.0,0.0,0.0,,,,OFF PLAN - 3,Available,,71231.12857142858,False,False
9-3-2026 (1).xlsx,i city oct,Feb 2026 (Value Offer),CA-05-21-AG-05,Garden Apartment,12960406.0,155.0,0.0,53.43,0.0,,,,OFF PLAN - 3,Available,,83615.52258064516,True,False
9-3-2026 (1).xlsx,i city oct,Feb 2026 (Value Offer),CA-05-21-B1-01,I-Apartment,11755011.0,160.0,0.0,0.0,0.0,,,,OFF PLAN - 3,Available,,73468.81875,False,False
9-3-2026 (1).xlsx,i city oct,Feb 2026 (Value Offer),CA-05-23-A1-01,I-Apartment,12160723.0,165.0,0.0,0.0,0.0,,,,OFF PLAN - 3,Available,,73701.35151515152,False,False
9-3-2026 (1).xlsx,i city oct,Feb 2026 (Value Offer),CA-05-23-A1-03,I-Apartment,10712757.0,150.0,0.0,0.0,0.0,,,,OFF PLAN - 3,Available,,71418.38,False,False
9-3-2026 (1).xlsx,i city oct,Feb 2026 (Value Offer),CA-05-23-A2-01,I-Apartment,12160723.0,165.0,0.0,0.0,0.0,,,,OFF PLAN - 3,Available,,73701.35151515152,False,False
9-3-2026 (1).xlsx,i city oct,Feb 2026 (Value Offer),CA-05-23-A2-02,I-Apartment,10783782.0,150.0,0.0,0.0,0.0,,,,OFF PLAN - 3,Available,,71891.88,False,False
9-3-2026 (1).xlsx,i city oct,Feb 2026 (Value Offer),CA-05-23-A2-04,I-Apartment,10994176.0,155.0,0.0,0.0,0.0,,,,OFF PLAN - 3,Available,,70930.16774193548,False,False
9-3-2026 (1).xlsx,i city oct,Feb 2026 (Value Offer),CA-05-23-A4-03,I-Apartment,10712757.0,150.0,0.0,0.0,0.0,,,,OFF PLAN - 3,Available,,71418.38,False,False
9-3-2026 (1).xlsx,i city oct,Feb 2026 (Value Offer),CA-05-23-AG-02,Garden Apartment,13022131.0,155.0,0.0,52.22,0.0,,,,OFF PLAN - 3,Available,,84013.74838709677,True,False
9-3-2026 (1).xlsx,i city oct,Feb 2026 (Value Offer),CA-05-23-AG-03,Garden Apartment,12765289.0,150.0,0.0,58.03,0.0,,,,OFF PLAN - 3,Available,,85101.92666666667,True,False
9-3-2026 (1).xlsx,i city oct,Feb 2026 (Value Offer),CA-05-23-B1-03,I-Apartment,18232665.0,235.0,0.0,0.0,0.0,,,,OFF PLAN - 3,Available,,77585.8085106383,False,False
9-3-2026 (1).xlsx,i city oct,Feb 2026 (Value Offer),CA-05-23-B2-02,I-Apartment,18795503.0,245.0,0.0,0.0,0.0,,,,OFF PLAN - 3,Available,,76716.3387755102,False,False
9-3-2026 (1).xlsx,i city oct,Feb 2026 (Value Offer),CA-05-23-B2-03,I-Apartment,18232665.0,235.0,0.0,0.0,0.0,,,,OFF PLAN - 3,Available,,77585.8085106383,False,False
9-3-2026 (1).xlsx,i city oct,Feb 2026 (Value Offer),CA-05-25-A4-03,I-Apartment,10043383.0,140.0,0.0,0.0,0.0,,,,OFF PLAN - 3,Available,,71738.45,False,False
9-3-2026 (1).xlsx,i city oct,Feb 2026 (Value Offer),CA-05-25-AG-03,Garden Apartment,11851613.0,130.0,0.0,76.08,0.0,,,,OFF PLAN - 3,Available,,91166.25384615385,True,False
9-3-2026 (1).xlsx,i city oct,Feb 2026 (Value Offer),CA-05-25-B0-01,Park Villa,17522549.0,175.0,0.0,101.51,0.0,,,,OFF PLAN - 3,Available,,100128.85142857143,True,False
9-3-2026 (1).xlsx,i city oct,Feb 2026 (Value Offer),CA-05-25-B1-01,I-Apartment,16624559.0,185.0,0.0,0.0,0.0,,,,OFF PLAN - 3,Available,,89862.48108108107,False,False
9-3-2026 (1).xlsx,i city oct,Feb 2026 (Value Offer),CA-05-25-B1-02,I-Apartment,16061721.0,175.0,0.0,0.0,0.0,,,,OFF PLAN - 3,Available,,91781.26285714285,False,False
9-3-2026 (1).xlsx,i city oct,Feb 2026 (Value Offer),CA-05-25-B2-01,I-Apartment,16624559.0,185.0,0.0,0.0,0.0,,,,OFF PLAN - 3,Available,,89862.48108108107,False,False
9-3-2026 (1).xlsx,i city oct,Feb 2026 (Value Offer),CA-05-25-B2-02,I-Apartment,16061721.0,175.0,0.0,0.0,0.0,,,,OFF PLAN - 3,Available,,91781.26285714285,False,False
9-3-2026 (1).xlsx,i city oct,Feb 2026 (Value Offer),CA-05-25-B3-01,I-Apartment,16624559.0,185.0,0.0,0.0,0.0,,,,OFF PLAN - 3,Available,,89862.48108108107,False,False
9-3-2026 (1).xlsx,i city oct,Feb 2026 (Value Offer),CA-05-25-B3-03,I-Apartment,11864228.0,155.0,0.0,0.0,0.0,,,,OFF PLAN - 3,Available,,76543.4064516129,False,False
9-3-2026 (1).xlsx,i city oct,Feb 2026 (Value Offer),CA-05-25-B4-01,Sky Loft,21669992.0,265.0,0.0,0.0,40.0,,,,OFF PLAN - 3,Available,,81773.55471698113,False,True
9-3-2026 (1).xlsx,i city oct,Feb 2026 (Value Offer),CA-05-25-B4-02,Sky Loft,21388573.0,260.0,0.0,0.0,40.0,,,,OFF PLAN - 3,Available,,82263.7423076923,False,True
9-3-2026 (1).xlsx,i city oct,Feb 2026 (Value Offer),CA-05-25-BG-01,Garden Apartment,13528033.0,150.0,0.0,43.56,0.0,,,,OFF PLAN - 3,Available,,90186.88666666667,True,False
9-3-2026 (1).xlsx,i city oct,Feb 2026 (Value Offer),CV-01-13-AG-02,I-Villa,23827716.0,240.0,0.0,122.93,0.0,,,,OFF PLAN - 2,Available,,99282.15,True,False
9-3-2026 (1).xlsx,i city oct,2026-03-25 00:00:00,L-DM04-31-A0-1,Garden Millennial,18486064.0,165.0,0.0,226.0,0.0,,,,OFF PLAN - 4.5,Available,,112036.75151515151,True,False
9-3-2026 (1).xlsx,i city oct,2026-03-25 00:00:00,L-DM04-31-B0-2,Garden Millennial,18050923.0,165.0,0.0,273.0,0.0,,,,OFF PLAN - 4.5,Available,,109399.53333333334,True,False
9-3-2026 (1).xlsx,i city oct,2026-03-25 00:00:00,L-DM04-32-A0-1,Garden Millennial,17192556.0,165.0,0.0,226.0,0.0,,,,OFF PLAN - 4.5,Available,,104197.3090909091,True,False
9-3-2026 (1).xlsx,i city oct,2026-03-25 00:00:00,L-DM04-32-B0-2,Garden Millennial,17197730.0,165.0,0.0,226.0,0.0,,,,OFF PLAN - 4.5,Available,,104228.66666666667,True,False
9-3-2026 (1).xlsx,i city oct,2026-03-25 00:00:00,L-IVLA-39-A2-1,Millennial,21468028.0,180.0,0.0,0.0,0.0,,,,OFF PLAN - 4.5,Available,,119266.82222222222,False,False
9-3-2026 (1).xlsx,i city oct,2026-03-25 00:00:00,L-IVLA-96-A3-2,I-Villa 3,22173709.0,210.0,0.0,0.0,0.0,,,,OFF PLAN - 4.5,Available,,105589.09047619048,False,False
9-3-2026 (1).xlsx,i city oct,2026-03-25 00:00:00,L-IVLB-78-B3-3,I-Villa 3,23490928.0,210.0,0.0,0.0,0.0,,,,OFF PLAN - 4.5,Available,,111861.56190476191,False,False
9-3-2026 (1).xlsx,i city oct,2026-03-25 00:00:00,L-IVLB-82-B3-3,I-Villa 3,22763118.0,210.0,0.0,0.0,0.0,,,,OFF PLAN - 4.5,Available,,108395.8,False,False
9-3-2026 (1).xlsx,i city oct,2026-03-25 00:00:00,L-IVLB-83-A3-2,I-Villa 3,22498900.0,210.0,0.0,0.0,0.0,,,,OFF PLAN - 4.5,Available,,107137.61904761905,False,False
9-3-2026 (1).xlsx,i city oct,2026-03-25 00:00:00,L-IVLB-84-B3-3,I-Villa 3,22498900.0,210.0,0.0,0.0,0.0,,,,OFF PLAN - 4.5,Available,,107137.61904761905,False,False
9-3-2026 (1).xlsx,i city oct,2026-03-25 00:00:00,L-IVLB-87-A3-2,I-Villa 3,22600523.0,210.0,0.0,0.0,0.0,,,,OFF PLAN - 4.5,Available,,107621.5380952381,False,False
9-3-2026 (1).xlsx,i city oct,2026-03-25 00:00:00,L-IVLB-88-A0-2,Beach House,28185355.0,210.0,0.0,113.0,0.0,,,,OFF PLAN - 4.5,Available,,134215.97619047618,True,False
9-3-2026 (1).xlsx,i city oct,2026-03-25 00:00:00,L-IVLB-88-A3-2,I-Villa 3,26130206.0,210.0,0.0,0.0,0.0,,,,OFF PLAN - 4.5,Available,,124429.55238095239,False,False
9-3-2026 (1).xlsx,i city oct,2026-03-25 00:00:00,L-IVLB-88-B3-3,I-Villa 3,22864741.0,210.0,0.0,0.0,0.0,,,,OFF PLAN - 4.5,Available,,108879.71904761904,False,False
9-3-2026 (1).xlsx,i city oct,2026-03-25 00:00:00,L-IVLB-89-A3-2,I-Villa 3,23515124.0,210.0,0.0,0.0,0.0,,,,OFF PLAN - 4.5,Available,,111976.78095238096,False,False
9-3-2026 (1).xlsx,i city oct,2026-03-25 00:00:00,L-IVLB-89-B0-3,Beach House,28607408.0,210.0,0.0,113.0,0.0,,,,OFF PLAN - 4.5,Available,,136225.75238095238,True,False
9-3-2026 (1).xlsx,i city oct,2026-03-25 00:00:00,L-IVLB-90-A3-2,I-Villa 3,22498900.0,210.0,0.0,0.0,0.0,,,,OFF PLAN - 4.5,Available,,107137.61904761905,False,False
9-3-2026 (1).xlsx,i city oct,2026-03-25 00:00:00,L-IVLPS-104-B3-2,I-Villa 3,30063939.0,225.0,0.0,0.0,0.0,,,,OFF PLAN - 4.5,Available,,133617.50666666665,False,False
9-3-2026 (1).xlsx,i city oct,2026-03-25 00:00:00,L-IVPA-01-A0-2,Park Side House,20438523.0,210.0,0.0,22.0,0.0,,,,OFF PLAN - 4.5,Available,,97326.3,True,False
9-3-2026 (1).xlsx,i city oct,2026-03-25 00:00:00,L-IVPA-01-A3-2,I-Villa 3,19413064.0,210.0,0.0,0.0,0.0,,,,OFF PLAN - 4.5,Available,,92443.1619047619,False,False
9-3-2026 (1).xlsx,i city oct,2026-03-25 00:00:00,L-IVPA-01-AL-1,Park Side House,26398331.0,250.0,0.0,135.0,0.0,,,,OFF PLAN - 4.5,Available,,105593.324,True,False
9-3-2026 (1).xlsx,i city oct,2026-03-25 00:00:00,L-IVPA-01-B3-3,I-Villa 3,19421629.0,210.0,0.0,0.0,0.0,,,,OFF PLAN - 4.5,Available,,92483.94761904761,False,False
9-3-2026 (1).xlsx,i city oct,2026-03-25 00:00:00,L-IVPA-01-BL-1,Park Side House,22559321.0,240.0,0.0,60.0,0.0,,,,OFF PLAN - 4.5,Available,,93997.17083333334,True,False
9-3-2026 (1).xlsx,i city oct,2026-03-25 00:00:00,L-IVPA-01-BL-2,Park Side House,25866779.0,250.0,0.0,116.0,0.0,,,,OFF PLAN - 4.5,Available,,103467.116,True,False
9-3-2026 (1).xlsx,i city oct,2026-03-25 00:00:00,L-IVPA-02-A0-2,Park Side House,21389346.0,210.0,0.0,22.0,0.0,,,,OFF PLAN - 4.5,Available,,101854.02857142857,True,False
9-3-2026 (1).xlsx,i city oct,2026-03-25 00:00:00,L-IVPA-02-A3-2,I-Villa 3,20303857.0,210.0,0.0,0.0,0.0,,,,OFF PLAN - 4.5,Available,,96685.03333333334,False,False
9-3-2026 (1).xlsx,i city oct,2026-03-25 00:00:00,L-IVPA-02-A3-3,I-Villa 3,17924953.0,190.0,0.0,0.0,0.0,,,,OFF PLAN - 4.5,Available,,94341.85789473684,False,False
9-3-2026 (1).xlsx,i city oct,2026-03-25 00:00:00,L-IVPA-02-AL-1,Park Side House,27572003.0,250.0,0.0,135.0,0.0,,,,OFF PLAN - 4.5,Available,,110288.012,True,False
9-3-2026 (1).xlsx,i city oct,2026-03-25 00:00:00,L-IVPA-02-B3-2,I-Villa 3,17924953.0,190.0,0.0,0.0,0.0,,,,OFF PLAN - 4.5,Available,,94341.85789473684,False,False
9-3-2026 (1).xlsx,i city oct,2026-03-25 00:00:00,L-IVPA-02-BL-1,Park Side House,23462145.0,240.0,0.0,60.0,0.0,,,,OFF PLAN - 4.5,Available,,97758.9375,True,False
9-3-2026 (1).xlsx,i city oct,2026-03-25 00:00:00,L-IVPA-03-A0-2,Park Side House,21023645.0,210.0,0.0,22.0,0.0,,,,OFF PLAN - 4.5,Available,,100112.59523809524,True,False
9-3-2026 (1).xlsx,i city oct,2026-03-25 00:00:00,L-IVPA-03-A0-3,Park Side House,18790852.0,180.0,0.0,35.0,0.0,,,,OFF PLAN - 4.5,Available,,104393.62222222223,True,False
9-3-2026 (1).xlsx,i city oct,2026-03-25 00:00:00,L-IVPA-03-A3-3,I-Villa 3,17924953.0,190.0,0.0,0.0,0.0,,,,OFF PLAN - 4.5,Available,,94341.85789473684,False,False
9-3-2026 (1).xlsx,i city oct,2026-03-25 00:00:00,L-IVPA-03-AL-1,Park Side House,27177732.0,250.0,0.0,137.0,0.0,,,,OFF PLAN - 4.5,Available,,108710.928,True,False
9-3-2026 (1).xlsx,i city oct,2026-03-25 00:00:00,L-IVPA-03-B0-2,Park Side House,18790852.0,180.0,0.0,35.0,0.0,,,,OFF PLAN - 4.5,Available,,104393.62222222223,True,False
9-3-2026 (1).xlsx,i city oct,2026-03-25 00:00:00,L-IVPA-03-B0-3,Park Side House,21023645.0,210.0,0.0,22.0,0.0,,,,OFF PLAN - 4.5,Available,,100112.59523809524,True,False
9-3-2026 (1).xlsx,i city oct,2026-03-25 00:00:00,L-IVPA-03-BL-2,Park Side House,27120591.0,250.0,0.0,135.0,0.0,,,,OFF PLAN - 4.5,Available,,108482.364,True,False
9-3-2026 (1).xlsx,i city oct,2026-03-25 00:00:00,L-IVPA-04-A0-2,Park Side House,21243066.0,210.0,0.0,22.0,0.0,,,,OFF PLAN - 4.5,Available,,101157.45714285714,True,False
9-3-2026 (1).xlsx,i city oct,2026-03-25 00:00:00,L-IVPA-04-A0-3,Park Side House,18790852.0,180.0,0.0,35.0,0.0,,,,OFF PLAN - 4.5,Available,,104393.62222222223,True,False
9-3-2026 (1).xlsx,i city oct,2026-03-25 00:00:00,L-IVPA-04-A3-2,I-Villa 3,20166812.0,210.0,0.0,0.0,0.0,,,,OFF PLAN - 4.5,Available,,96032.43809523809,False,False
9-3-2026 (1).xlsx,i city oct,2026-03-25 00:00:00,L-IVPA-04-A3-3,I-Villa 3,17924953.0,190.0,0.0,0.0,0.0,,,,OFF PLAN - 4.5,Available,,94341.85789473684,False,False
9-3-2026 (1).xlsx,i city oct,2026-03-25 00:00:00,L-IVPA-04-AL-1,Park Side House,27120591.0,250.0,0.0,135.0,0.0,,,,OFF PLAN - 4.5,Available,,108482.364,True,False
9-3-2026 (1).xlsx,i city oct,2026-03-25 00:00:00,L-IVPA-04-AL-2,Park Side House,23462145.0,240.0,0.0,60.0,0.0,,,,OFF PLAN - 4.5,Available,,97758.9375,True,False
9-3-2026 (1).xlsx,i city oct,2026-03-25 00:00:00,L-IVPA-04-B0-2,Park Side House,18790852.0,180.0,0.0,35.0,0.0,,,,OFF PLAN - 4.5,Available,,104393.62222222223,True,False
9-3-2026 (1).xlsx,i city oct,2026-03-25 00:00:00,L-IVPA-04-B0-3,Park Side House,22120749.0,210.0,0.0,22.0,0.0,,,,OFF PLAN - 4.5,Available,,105336.9,True,False
9-3-2026 (1).xlsx,i city oct,2026-03-25 00:00:00,L-IVPA-04-B3-2,I-Villa 3,17924953.0,190.0,0.0,0.0,0.0,,,,OFF PLAN - 4.5,Available,,94341.85789473684,False,False
9-3-2026 (1).xlsx,i city oct,2026-03-25 00:00:00,L-IVPA-04-B3-3,I-Villa 3,20989082.0,210.0,0.0,0.0,0.0,,,,OFF PLAN - 4.5,Available,,99948.00952380952,False,False
9-3-2026 (1).xlsx,i city oct,2026-03-25 00:00:00,L-IVPA-04-BL-1,Park Side House,23462145.0,240.0,0.0,60.0,0.0,,,,OFF PLAN - 4.5,Available,,97758.9375,True,False
9-3-2026 (1).xlsx,i city oct,2026-03-25 00:00:00,L-IVPA-04-BL-2,Park Side House,31017594.0,250.0,0.0,224.0,0.0,,,,OFF PLAN - 4.5,Available,,124070.376,True,False
9-3-2026 (1).xlsx,i city oct,2026-03-25 00:00:00,L-IVPA-05-A3-2,I-Villa 3,21194650.0,210.0,0.0,0.0,0.0,,,,OFF PLAN - 4.5,Available,,100926.90476190476,False,False
9-3-2026 (1).xlsx,i city oct,2026-03-25 00:00:00,L-IVPA-05-AL-1,Park Side House,31374153.0,250.0,0.0,227.0,0.0,,,,OFF PLAN - 4.5,Available,,125496.612,True,False
9-3-2026 (1).xlsx,i city oct,2026-03-25 00:00:00,L-IVPA-05-AL-2,Park Side House,24635818.0,240.0,0.0,60.0,0.0,,,,OFF PLAN - 4.5,Available,,102649.24166666667,True,False
9-3-2026 (1).xlsx,i city oct,2026-03-25 00:00:00,L-IVPA-05-B3-2,I-Villa 3,18815746.0,190.0,0.0,0.0,0.0,,,,OFF PLAN - 4.5,Available,,99030.24210526315,False,False
9-3-2026 (1).xlsx,i city oct,2026-03-25 00:00:00,L-IVPA-05-B3-3,I-Villa 3,21514421.0,210.0,0.0,0.0,0.0,,,,OFF PLAN - 4.5,Available,,102449.62380952381,False,False
9-3-2026 (1).xlsx,i city oct,2026-03-25 00:00:00,L-IVPA-05-BL-1,Park Side House,24635818.0,240.0,0.0,60.0,0.0,,,,OFF PLAN - 4.5,Available,,102649.24166666667,True,False
9-3-2026 (1).xlsx,i city oct,2026-03-25 00:00:00,L-IVPA-05-BL-2,Park Side House,29166994.0,250.0,0.0,135.0,0.0,,,,OFF PLAN - 4.5,Available,,116667.976,True,False
9-3-2026 (1).xlsx,i city oct,2026-03-25 00:00:00,L-IVPA-06-A0-2,Park Side House,21950088.0,210.0,0.0,22.0,0.0,,,,OFF PLAN - 4.5,Available,,104524.22857142857,True,False
9-3-2026 (1).xlsx,i city oct,2026-03-25 00:00:00,L-IVPA-06-A0-3,Park Side House,19010273.0,180.0,0.0,35.0,0.0,,,,OFF PLAN - 4.5,Available,,105612.62777777777,True,False
9-3-2026 (1).xlsx,i city oct,2026-03-25 00:00:00,L-IVPA-06-A3-3,I-Villa 3,18130521.0,190.0,0.0,0.0,0.0,,,,OFF PLAN - 4.5,Available,,95423.7947368421,False,False
9-3-2026 (1).xlsx,i city oct,2026-03-25 00:00:00,L-IVPA-06-B0-3,Park Side House,20511664.0,210.0,0.0,22.0,0.0,,,,OFF PLAN - 4.5,Available,,97674.59047619048,True,False
9-3-2026 (1).xlsx,i city oct,2026-03-25 00:00:00,L-IVPA-06-BL-2,Park Side House,26545755.0,250.0,0.0,137.0,0.0,,,,OFF PLAN - 4.5,Available,,106183.02,True,False
9-3-2026 (1).xlsx,i city oct,2026-03-25 00:00:00,L-IVPA-07-A0-2,Park Side House,20511664.0,210.0,0.0,22.0,0.0,,,,OFF PLAN - 4.5,Available,,97674.59047619048,True,False
9-3-2026 (1).xlsx,i city oct,2026-03-25 00:00:00,L-IVPA-07-A2-2,Millennial,13036354.0,115.0,0.0,0.0,0.0,,,,OFF PLAN - 4.5,Available,,113359.6,False,False
9-3-2026 (1).xlsx,i city oct,2026-03-25 00:00:00,L-IVPA-07-A3-2,I-Villa 3,19481587.0,210.0,0.0,0.0,0.0,,,,OFF PLAN - 4.5,Available,,92769.4619047619,False,False
9-3-2026 (1).xlsx,i city oct,2026-03-25 00:00:00,L-IVPA-07-AL-1,Park Side House,26545755.0,250.0,0.0,137.0,0.0,,,,OFF PLAN - 4.5,Available,,106183.02,True,False
9-3-2026 (1).xlsx,i city oct,2026-03-25 00:00:00,L-IVPA-07-B0-2,Park Side House,18278870.0,180.0,0.0,35.0,0.0,,,,OFF PLAN - 4.5,Available,,101549.27777777778,True,False
9-3-2026 (1).xlsx,i city oct,2026-03-25 00:00:00,L-IVPA-07-B0-3,Park Side House,20511664.0,210.0,0.0,22.0,0.0,,,,OFF PLAN - 4.5,Available,,97674.59047619048,True,False
9-3-2026 (1).xlsx,i city oct,2026-03-25 00:00:00,L-IVPA-07-B3-3,I-Villa 3,19481587.0,210.0,0.0,0.0,0.0,,,,OFF PLAN - 4.5,Available,,92769.4619047619,False,False
9-3-2026 (1).xlsx,i city oct,2026-03-25 00:00:00,L-IVPA-07-BL-2,Park Side House,26545755.0,250.0,0.0,137.0,0.0,,,,OFF PLAN - 4.5,Available,,106183.02,True,False
9-3-2026 (1).xlsx,i city oct,2026-03-25 00:00:00,L-IVPA-08-A0-2,Park Side House,20292243.0,210.0,0.0,22.0,0.0,,,,OFF PLAN - 4.5,Available,,96629.72857142857,True,False
9-3-2026 (1).xlsx,i city oct,2026-03-25 00:00:00,L-IVPA-08-A0-3,Park Side House,18059450.0,180.0,0.0,35.0,0.0,,,,OFF PLAN - 4.5,Available,,100330.27777777778,True,False
9-3-2026 (1).xlsx,i city oct,2026-03-25 00:00:00,L-IVPA-08-A3-2,I-Villa 3,19276019.0,210.0,0.0,0.0,0.0,,,,OFF PLAN - 4.5,Available,,91790.56666666667,False,False
9-3-2026 (1).xlsx,i city oct,2026-03-25 00:00:00,L-IVPA-08-AL-1,Park Side House,26303478.0,250.0,0.0,138.0,0.0,,,,OFF PLAN - 4.5,Available,,105213.912,True,False
9-3-2026 (1).xlsx,i city oct,2026-03-25 00:00:00,L-IVPA-08-B0-3,Park Side House,21389346.0,210.0,0.0,22.0,0.0,,,,OFF PLAN - 4.5,Available,,101854.02857142857,True,False
9-3-2026 (1).xlsx,i city oct,2026-03-25 00:00:00,L-IVPA-08-BL-2,Park Side House,27572003.0,250.0,0.0,135.0,0.0,,,,OFF PLAN - 4.5,Available,,110288.012,True,False
9-3-2026 (1).xlsx,i city oct,2026-03-25 00:00:00,L-IVPA-15-A0-2,Park Side House,20731084.0,210.0,0.0,22.0,0.0,,,,OFF PLAN - 4.5,Available,,98719.44761904761,True,False
9-3-2026 (1).xlsx,i city oct,2026-03-25 00:00:00,L-IVPA-15-B0-4,I-Villa 3,21642328.0,200.0,0.0,92.0,0.0,,,,OFF PLAN - 4.5,Available,,108211.64,True,False
9-3-2026 (1).xlsx,i city oct,2026-03-25 00:00:00,L-IVPA-15-BL-2,Park Side House,26759461.0,250.0,0.0,135.0,0.0,,,,OFF PLAN - 4.5,Available,,107037.844,True,False
9-3-2026 (1).xlsx,i city oct,2026-03-25 00:00:00,L-IVPA-16-A0-1,I-Villa 3,21654407.0,200.0,0.0,93.0,0.0,,,,OFF PLAN - 4.5,Available,,108272.035,True,False
9-3-2026 (1).xlsx,i city oct,2026-03-25 00:00:00,L-IVPA-16-A0-2,Park Side House,19926542.0,210.0,0.0,22.0,0.0,,,,OFF PLAN - 4.5,Available,,94888.29523809523,True,False
9-3-2026 (1).xlsx,i city oct,2026-03-25 00:00:00,L-IVPA-16-AL-1,Park Side House,25852065.0,250.0,0.0,138.0,0.0,,,,OFF PLAN - 4.5,Available,,103408.26,True,False
9-3-2026 (1).xlsx,i city oct,2026-03-25 00:00:00,L-IVPA-16-BL-2,Park Side House,25743498.0,250.0,0.0,150.0,0.0,,,,OFF PLAN - 4.5,Available,,102973.992,True,False
9-3-2026 (1).xlsx,i city oct,2026-03-25 00:00:00,L-IVPA-17-A0-2,Park Side House,19560840.0,210.0,0.0,22.0,0.0,,,,OFF PLAN - 4.5,Available,,93146.85714285714,True,False
9-3-2026 (1).xlsx,i city oct,2026-03-25 00:00:00,L-IVPA-17-AL-1,Park Side House,25943490.0,250.0,0.0,157.0,0.0,,,,OFF PLAN - 4.5,Available,,103773.96,True,False
9-3-2026 (1).xlsx,i city oct,2026-03-25 00:00:00,L-IVPA-17-AL-2,Park Side House,21913629.0,240.0,0.0,69.0,0.0,,,,OFF PLAN - 4.5,Available,,91306.7875,True,False
9-3-2026 (1).xlsx,i city oct,2026-03-25 00:00:00,L-IVPA-17-B0-3,Park Side House,19560840.0,210.0,0.0,22.0,0.0,,,,OFF PLAN - 4.5,Available,,93146.85714285714,True,False
9-3-2026 (1).xlsx,i city oct,2026-03-25 00:00:00,L-IVPA-17-BL-1,Park Side House,21913629.0,240.0,0.0,69.0,0.0,,,,OFF PLAN - 4.5,Available,,91306.7875,True,False
9-3-2026 (1).xlsx,i city oct,2026-03-25 00:00:00,L-IVPA-17-BL-2,Park Side House,25772068.0,250.0,0.0,151.0,0.0,,,,OFF PLAN - 4.5,Available,,103088.272,True,False
9-3-2026 (1).xlsx,i city oct,2026-03-25 00:00:00,L-IVPA-18-A0-1,I-Villa 3,20689029.0,200.0,0.0,95.0,0.0,,,,OFF PLAN - 4.5,Available,,103445.145,True,False
9-3-2026 (1).xlsx,i city oct,2026-03-25 00:00:00,L-IVPA-18-A0-2,Park Side House,19560840.0,210.0,0.0,22.0,0.0,,,,OFF PLAN - 4.5,Available,,93146.85714285714,True,False
9-3-2026 (1).xlsx,i city oct,2026-03-25 00:00:00,L-IVPA-18-A3-1,I-Villa 3,18010586.0,205.0,0.0,0.0,0.0,,,,OFF PLAN - 4.5,Available,,87856.51707317073,False,False
9-3-2026 (1).xlsx,i city oct,2026-03-25 00:00:00,L-IVPA-18-AL-1,Park Side House,25857779.0,250.0,0.0,154.0,0.0,,,,OFF PLAN - 4.5,Available,,103431.116,True,False
9-3-2026 (1).xlsx,i city oct,2026-03-25 00:00:00,L-IVPA-18-AL-2,Park Side House,21799348.0,240.0,0.0,65.0,0.0,,,,OFF PLAN - 4.5,Available,,90830.61666666667,True,False
9-3-2026 (1).xlsx,i city oct,2026-03-25 00:00:00,L-IVPA-18-B0-3,Park Side House,19926542.0,210.0,0.0,22.0,0.0,,,,OFF PLAN - 4.5,Available,,94888.29523809523,True,False
9-3-2026 (1).xlsx,i city oct,2026-03-25 00:00:00,L-IVPA-18-B0-4,I-Villa 3,20568244.0,200.0,0.0,85.0,0.0,,,,OFF PLAN - 4.5,Available,,102841.22,True,False
9-3-2026 (1).xlsx,i city oct,2026-03-25 00:00:00,L-IVPA-18-B3-4,I-Villa 3,18010586.0,205.0,0.0,0.0,0.0,,,,OFF PLAN - 4.5,Available,,87856.51707317073,False,False
9-3-2026 (1).xlsx,i city oct,2026-03-25 00:00:00,L-IVPA-18-BL-1,Park Side House,21799348.0,240.0,0.0,65.0,0.0,,,,OFF PLAN - 4.5,Available,,90830.61666666667,True,False
9-3-2026 (1).xlsx,i city oct,2026-03-25 00:00:00,L-IVPA-18-BL-2,Park Side House,26194910.0,250.0,0.0,150.0,0.0,,,,OFF PLAN - 4.5,Available,,104779.64,True,False
9-3-2026 (1).xlsx,i city oct,2026-03-25 00:00:00,L-IVPA-19-A0-1,I-Villa 3,20604479.0,200.0,0.0,88.0,0.0,,,,OFF PLAN - 4.5,Available,,103022.395,True,False
9-3-2026 (1).xlsx,i city oct,2026-03-25 00:00:00,L-IVPA-19-A3-1,I-Villa 3,18010586.0,205.0,0.0,0.0,0.0,,,,OFF PLAN - 4.5,Available,,87856.51707317073,False,False
9-3-2026 (1).xlsx,i city oct,2026-03-25 00:00:00,L-IVPA-19-A3-2,I-Villa 3,18933407.0,210.0,0.0,0.0,0.0,,,,OFF PLAN - 4.5,Available,,90159.08095238096,False,False
9-3-2026 (1).xlsx,i city oct,2026-03-25 00:00:00,L-IVPA-19-AL-2,Park Side House,21685066.0,240.0,0.0,61.0,0.0,,,,OFF PLAN - 4.5,Available,,90354.44166666667,True,False
9-3-2026 (1).xlsx,i city oct,2026-03-25 00:00:00,L-IVPA-19-B0-3,Park Side House,19560840.0,210.0,0.0,22.0,0.0,,,,OFF PLAN - 4.5,Available,,93146.85714285714,True,False
9-3-2026 (1).xlsx,i city oct,2026-03-25 00:00:00,L-IVPA-19-B3-4,I-Villa 3,17708622.0,205.0,0.0,0.0,0.0,,,,OFF PLAN - 4.5,Available,,86383.52195121952,False,False
9-3-2026 (1).xlsx,i city oct,2026-03-25 00:00:00,L-IVPA-19-BL-1,Park Side House,21685066.0,240.0,0.0,61.0,0.0,,,,OFF PLAN - 4.5,Available,,90354.44166666667,True,False
9-3-2026 (1).xlsx,i city oct,2026-03-25 00:00:00,L-IVPA-19-BL-2,Park Side House,25372082.0,250.0,0.0,137.0,0.0,,,,OFF PLAN - 4.5,Available,,101488.328,True,False
9-3-2026 (1).xlsx,i city oct,2026-03-25 00:00:00,L-IVPA-20-A0-1,I-Villa 3,20263261.0,200.0,0.0,88.0,0.0,,,,OFF PLAN - 4.5,Available,,101316.305,True,False
9-3-2026 (1).xlsx,i city oct,2026-03-25 00:00:00,L-IVPA-20-AL-1,Park Side House,25372082.0,250.0,0.0,137.0,0.0,,,,OFF PLAN - 4.5,Available,,101488.328,True,False
9-3-2026 (1).xlsx,i city oct,2026-03-25 00:00:00,L-IVPA-20-B0-3,Park Side House,19560840.0,210.0,0.0,22.0,0.0,,,,OFF PLAN - 4.5,Available,,93146.85714285714,True,False
9-3-2026 (1).xlsx,i city oct,2026-03-25 00:00:00,L-IVPA-20-B3-3,I-Villa 3,18590794.0,210.0,0.0,0.0,0.0,,,,OFF PLAN - 4.5,Available,,88527.59047619048,False,False
9-3-2026 (1).xlsx,i city oct,2026-03-25 00:00:00,L-IVPA-20-BL-1,Park Side House,21656496.0,240.0,0.0,60.0,0.0,,,,OFF PLAN - 4.5,Available,,90235.4,True,False
9-3-2026 (1).xlsx,i city oct,2026-03-25 00:00:00,L-IVPA-21-A0-2,Park Side House,19780261.0,210.0,0.0,22.0,0.0,,,,OFF PLAN - 4.5,Available,,94191.71904761904,True,False
9-3-2026 (1).xlsx,i city oct,2026-03-25 00:00:00,L-IVPA-21-B0-3,Park Side House,19780261.0,210.0,0.0,22.0,0.0,,,,OFF PLAN - 4.5,Available,,94191.71904761904,True,False
9-3-2026 (1).xlsx,i city oct,2026-03-25 00:00:00,L-IVPA-21-B3-4,I-Villa 3,18010586.0,205.0,0.0,0.0,0.0,,,,OFF PLAN - 4.5,Available,,87856.51707317073,False,False
9-3-2026 (1).xlsx,i city oct,2026-03-25 00:00:00,L-IVPA-21-BL-2,Park Side House,25500078.0,250.0,0.0,132.0,0.0,,,,OFF PLAN - 4.5,Available,,102000.312,True,False
9-3-2026 (1).xlsx,i city oct,2026-03-25 00:00:00,L-IVPA-22-A0-2,Park Side House,19780261.0,210.0,0.0,22.0,0.0,,,,OFF PLAN - 4.5,Available,,94191.71904761904,True,False
9-3-2026 (1).xlsx,i city oct,2026-03-25 00:00:00,L-IVPA-22-B0-3,Park Side House,20145962.0,210.0,0.0,22.0,0.0,,,,OFF PLAN - 4.5,Available,,95933.15238095238,True,False
9-3-2026 (1).xlsx,i city oct,2026-03-25 00:00:00,L-IVPA-22-BL-2,Park Side House,27065736.0,250.0,0.0,171.0,0.0,,,,OFF PLAN - 4.5,Available,,108262.944,True,False
9-3-2026 (1).xlsx,i city oct,2026-03-25 00:00:00,L-IVPA-23-A0-2,Park Side House,19926542.0,210.0,0.0,22.0,0.0,,,,OFF PLAN - 4.5,Available,,94888.29523809523,True,False
9-3-2026 (1).xlsx,i city oct,2026-03-25 00:00:00,L-IVPA-23-AL-1,Park Side House,25794924.0,250.0,0.0,136.0,0.0,,,,OFF PLAN - 4.5,Available,,103179.696,True,False
9-3-2026 (1).xlsx,i city oct,2026-03-25 00:00:00,L-IVPA-23-B0-3,Park Side House,20657944.0,210.0,0.0,22.0,0.0,,,,OFF PLAN - 4.5,Available,,98371.1619047619,True,False
9-3-2026 (1).xlsx,i city oct,2026-03-25 00:00:00,L-IVPA-23-B3-3,I-Villa 3,19618632.0,210.0,0.0,0.0,0.0,,,,OFF PLAN - 4.5,Available,,93422.05714285714,False,False
9-3-2026 (1).xlsx,i city oct,2026-03-25 00:00:00,L-IVPA-23-BL-2,Park Side House,26669179.0,250.0,0.0,135.0,0.0,,,,OFF PLAN - 4.5,Available,,106676.716,True,False
9-3-2026 (1).xlsx,i city oct,2026-03-25 00:00:00,L-IVPB-10-A0-2,Park Side House,23201853.0,210.0,0.0,146.0,0.0,,,,OFF PLAN - 4.5,Available,,110485.0142857143,True,False
9-3-2026 (1).xlsx,i city oct,2026-03-25 00:00:00,L-IVPB-10-A3-2,I-Villa 3,19481587.0,210.0,0.0,0.0,0.0,,,,OFF PLAN - 4.5,Available,,92769.4619047619,False,False
9-3-2026 (1).xlsx,i city oct,2026-03-25 00:00:00,L-IVPB-11-A0-2,Park Side House,23855544.0,210.0,0.0,113.0,0.0,,,,OFF PLAN - 4.5,Available,,113597.82857142857,True,False
9-3-2026 (1).xlsx,i city oct,2026-03-25 00:00:00,L-IVPB-11-A3-2,I-Villa 3,20760674.0,210.0,0.0,0.0,0.0,,,,OFF PLAN - 4.5,Available,,98860.35238095238,False,False
9-3-2026 (1).xlsx,i city oct,2026-03-25 00:00:00,L-IVPB-11-B0-3,Park Side House,24609802.0,210.0,0.0,146.0,0.0,,,,OFF PLAN - 4.5,Available,,117189.53333333334,True,False
9-3-2026 (1).xlsx,i city oct,2026-03-25 00:00:00,L-IVPB-11-B3-2,I-Villa 3,18381770.0,190.0,0.0,0.0,0.0,,,,OFF PLAN - 4.5,Available,,96746.15789473684,False,False
9-3-2026 (1).xlsx,i city oct,2026-03-25 00:00:00,L-IVPB-11-B3-3,I-Villa 3,20760674.0,210.0,0.0,0.0,0.0,,,,OFF PLAN - 4.5,Available,,98860.35238095238,False,False
9-3-2026 (1).xlsx,i city oct,2026-03-25 00:00:00,L-IVPB-12-A0-2,Park Side House,23880686.0,210.0,0.0,146.0,0.0,,,,OFF PLAN - 4.5,Available,,113717.55238095239,True,False
9-3-2026 (1).xlsx,i city oct,i city oct,,,,,,,,,,,,,,,False,False
9-3-2026 (1).xlsx,ras elhakma,Crete-Villa-SA-Sep 2025,CR-SA-118-1-GF,Villa,64935049.0,225.0,417.67,300.37,0.0,,,,READY TO MOVE - 9,Available,,288600.21777777775,True,False
9-3-2026 (1).xlsx,ras elhakma,Crete-Villa-SA-Sep 2025,CR-SA-119-1-GF,Villa,63548024.0,225.0,389.78,272.48,0.0,,,,READY TO MOVE - 9,Available,,282435.66222222225,True,False
9-3-2026 (1).xlsx,ras elhakma,Crete-Villa-SL-Sep 2025,CR-SL-110-1-GF,Villa,81291207.0,225.0,541.3,424.0,0.0,,,,READY TO MOVE - 3,Available,,361294.25333333336,True,False
9-3-2026 (1).xlsx,ras elhakma,Crete-Villa-SL-Sep 2025,CR-SL-117-1-GF,Villa,73410879.0,225.0,417.67,300.37,0.0,,,,READY TO MOVE - 3,Available,,326270.5733333333,True,False
9-3-2026 (1).xlsx,ras elhakma,Crete-Villa-SL-Sep 2025,CR-SL-142-1-GF,Villa,73624776.0,225.0,356.04,238.74,0.0,,,,OFF PLAN - 2,Available,,327221.2266666667,True,False
9-3-2026 (1).xlsx,ras elhakma,Crete-Villa-SL-Sep 2025,CR-SL-179-1-GF,Villa,71194770.0,225.0,343.5,226.2,0.0,,,,READY TO MOVE - 9,Available,,316421.2,True,False
9-3-2026 (1).xlsx,ras elhakma,Crete-Villa-SL-Sep 2025,CR-SL-180-1-GF,Villa,71202683.0,225.0,343.62,226.32,0.0,,,,READY TO MOVE - 9,Available,,316456.3688888889,True,False
9-3-2026 (1).xlsx,ras elhakma,Crete-Villa-SL-Sep 2025,CR-SL-181-1-GF,Villa,71202683.0,225.0,343.62,226.32,0.0,,,,READY TO MOVE - 9,Available,,316456.3688888889,True,False
9-3-2026 (1).xlsx,ras elhakma,Crete-Villa-SL-Sep 2025,CR-SL-182-1-GF,Villa,71202683.0,225.0,343.62,226.32,0.0,,,,READY TO MOVE - 9,Available,,316456.3688888889,True,False
9-3-2026 (1).xlsx,ras elhakma,Crete-Villa-SL-Sep 2025,CR-SL-183-1-GF,Villa,71202683.0,225.0,343.62,226.32,0.0,,,,READY TO MOVE - 9,Available,,316456.3688888889,True,False
9-3-2026 (1).xlsx,ras elhakma,Crete-Villa-SL-Sep 2025,CR-SL-184-1-GF,Villa,71194770.0,225.0,343.5,226.2,0.0,,,,READY TO MOVE - 9,Available,,316421.2,True,False
9-3-2026 (1).xlsx,ras elhakma,Crete-THL-TH-M-Sep 2025,CR-THL-065-D-GF,Town House,33887593.0,150.0,134.5,75.18,0.0,,,,READY TO MOVE - 3,Available,,225917.28666666665,True,False
9-3-2026 (1).xlsx,ras elhakma,Crete-Twin House-TW-Sep 2025,CR-TW-059-B-GF,Twin House,39654516.0,155.0,255.99,172.65,0.0,,,,READY TO MOVE - 3,Available,,255835.5870967742,True,False
9-3-2026 (1).xlsx,ras elhakma,Crete-Twin House-TW-Sep 2025,CR-TW-096-A-GF,Twin House,39341656.0,155.0,224.93,141.59,0.0,,,,READY TO MOVE - 3,Available,,253817.13548387098,True,False
9-3-2026 (1).xlsx,ras elhakma,Crete-Twin House-TW-Sep 2025,CR-TW-096-B-GF,Twin House,39341656.0,155.0,224.93,141.59,0.0,,,,READY TO MOVE - 3,Available,,253817.13548387098,True,False
9-3-2026 (1).xlsx,ras elhakma,Evia-THL-TH-M-July 2025,EV-THL5-081-D-GF,Town House,24109674.0,170.0,124.92,66.43,0.0,,,,OFF PLAN - 3,Available,,141821.61176470589,True,False
9-3-2026 (1).xlsx,ras elhakma,Evia-THL-TH-M-July 2025,EV-THL5-090-D-GF,Town House,24402648.0,170.0,124.94,66.45,0.0,,,,OFF PLAN - 3,Available,,143544.98823529412,True,False
9-3-2026 (1).xlsx,ras elhakma,Evia-THL-TH-M-July 2025,EV-THL8-080-B-GF,Town House,24218394.0,170.0,125.46,66.97,0.0,,,,OFF PLAN - 3,Available,,142461.14117647058,True,False
9-3-2026 (1).xlsx,ras elhakma,Evia-THL-TH-M-July 2025,EV-THL8-080-F-GF,Town House,24209475.0,170.0,125.03,66.54,0.0,,,,OFF PLAN - 3,Available,,142408.67647058822,True,False
9-3-2026 (1).xlsx,ras elhakma,Evia-THL-TH-M-July 2025,EV-THL8-080-G-GF,Town House,24217772.0,170.0,125.43,66.94,0.0,,,,OFF PLAN - 3,Available,,142457.48235294118,True,False
9-3-2026 (1).xlsx,ras elhakma,Evia-THL-TH-M-July 2025,EV-THL8-089-C-GF,Town House,24400780.0,170.0,124.85,66.36,0.0,,,,OFF PLAN - 3,Available,,143534.0,True,False
9-3-2026 (1).xlsx,ras elhakma,Evia-THL-TH-M-July 2025,EV-THL8-089-D-GF,Town House,24209060.0,170.0,125.01,66.52,0.0,,,,OFF PLAN - 3,Available,,142406.23529411765,True,False
9-3-2026 (1).xlsx,ras elhakma,Evia-THL-TH-M-July 2025,EV-THL8-089-E-GF,Town House,24010703.0,170.0,124.85,66.36,0.0,,,,OFF PLAN - 3,Available,,141239.4294117647,True,False
9-3-2026 (1).xlsx,ras elhakma,Evia-THL-TH-M-July 2025,EV-THL8-089-G-GF,Town House,24015885.0,170.0,125.1,66.61,0.0,,,,OFF PLAN - 3,Available,,141269.91176470587,True,False
9-3-2026 (1).xlsx,ras elhakma,R&T-Villa-SA Feb 2026,RL-SA-065-1-GF,Villa,62108018.0,225.0,514.49,0.0,0.0,,,,READY TO MOVE - 3,Available,,276035.6355555556,False,False
9-3-2026 (1).xlsx,ras elhakma,R&T-Villa-SA Feb 2026,RL-SA-069-C-GF,Villa,58219581.0,225.0,486.19,0.0,0.0,,,,READY TO MOVE - 3,Available,,258753.69333333333,False,False
9-3-2026 (1).xlsx,ras elhakma,R&T-Villa-SA Feb 2026,RL-SA-070-A-GF,Villa,58931675.0,225.0,505.8,0.0,0.0,,,,READY TO MOVE - 3,Available,,261918.55555555556,False,False
9-3-2026 (1).xlsx,ras elhakma,R&T-Villa-SA Feb 2026,RL-SA-070-B-GF,Villa,54567498.0,225.0,365.89,0.0,0.0,,,,READY TO MOVE - 3,Available,,242522.21333333335,False,False
9-3-2026 (1).xlsx,ras elhakma,R&T-Villa-SA Feb 2026,RL-SA-070-C-GF,Villa,56722932.0,225.0,460.78,0.0,0.0,,,,READY TO MOVE - 3,Available,,252101.92,False,False
9-3-2026 (1).xlsx,ras elhakma,R&T-Twin House-TW Feb 2026,RL-TW-058-B-GF,Twin House,36441415.0,154.33,262.39,151.48,0.0,,,,READY TO MOVE - 3,Available,,236126.57940776256,True,False
9-3-2026 (1).xlsx,ras elhakma,R&T-Twin House-TW Feb 2026,TN-TW-109-A-GF,Twin House,34972821.0,154.33,228.62,0.0,0.0,,,,READY TO MOVE - 3,Available,,226610.64601827253,False,False
9-3-2026 (1).xlsx,crysta,Phase-1-OCT,KI1-JC16-15-16,Cabana,9996665.0,50.0,0.0,0.0,0.0,,,,OFF PLAN - 3,Available,,199933.3,False,False
9-3-2026 (1).xlsx,crysta,Phase-1-OCT,KI1-JC8-10-01,Cabana,12483381.0,50.0,0.0,9.06,0.0,,,,OFF PLAN - 3,Available,,249667.62,True,False
9-3-2026 (1).xlsx,crysta,Phase-1-OCT,KI1-JC8-10-02,Cabana,12200450.0,50.0,0.0,7.28,0.0,,,,OFF PLAN - 3,Available,,244009.0,True,False
9-3-2026 (1).xlsx,crysta,Phase-1-OCT,KI1-JC8-10-03,Cabana,12262934.0,50.0,0.0,8.17,0.0,,,,OFF PLAN - 3,Available,,245258.68,True,False
9-3-2026 (1).xlsx,crysta,Phase-1-OCT,KI1-JC8-10-04,Cabana,12482679.0,50.0,0.0,9.05,0.0,,,,OFF PLAN - 3,Available,,249653.58,True,False
9-3-2026 (1).xlsx,crysta,Phase-1-OCT,KI1-JC8-12-03,Cabana,12631517.0,50.0,0.0,8.17,0.0,,,,OFF PLAN - 3,Available,,252630.34,True,False
9-3-2026 (1).xlsx,crysta,Phase-1-OCT,KI1-JC8-2-01,Cabana,12430727.0,50.0,0.0,9.06,0.0,,,,OFF PLAN - 3,Available,,248614.54,True,False
9-3-2026 (1).xlsx,crysta,Phase-1-OCT,KI1-JC8-8-02,Cabana,12569033.0,50.0,0.0,7.28,0.0,,,,OFF PLAN - 3,Available,,251380.66,True,False
9-3-2026 (1).xlsx,crysta,Phase-1-OCT,KI1-JC8-8-03,Cabana,12631517.0,50.0,0.0,8.17,0.0,,,,OFF PLAN - 3,Available,,252630.34,True,False
9-3-2026 (1).xlsx,crysta,Phase-1-OCT,KI1-JC8-8-13,Cabana,9996665.0,50.0,0.0,0.0,0.0,,,,OFF PLAN - 3,Available,,199933.3,False,False
9-3-2026 (1).xlsx,crysta,Phase-1-OCT,KI1-JC8-9-01,Cabana,12167453.0,50.0,0.0,9.06,0.0,,,,OFF PLAN - 3,Available,,243349.06,True,False
9-3-2026 (1).xlsx,crysta,Phase-1-OCT,KI1-JC8-9-02,Cabana,11884522.0,50.0,0.0,7.28,0.0,,,,OFF PLAN - 3,Available,,237690.44,True,False
9-3-2026 (1).xlsx,crysta,Phase-1-OCT,KI1-JC8-9-03,Cabana,11947005.0,50.0,0.0,8.17,0.0,,,,OFF PLAN - 3,Available,,238940.1,True,False
9-3-2026 (1).xlsx,crysta,Phase-1-OCT,KI1-JC8-9-04,Cabana,12166751.0,50.0,0.0,9.05,0.0,,,,OFF PLAN - 3,Available,,243335.02,True,False
9-3-2026 (1).xlsx,crysta,Phase-1-OCT,KI1-JC8-9-14,Cabana,9560129.0,50.0,0.0,0.0,0.0,,,,OFF PLAN - 3,Available,,191202.58,False,False
9-3-2026 (1).xlsx,crysta,Phase-1-OCT,KI1-SC4-1-01,Cabana,21458922.0,100.0,0.0,16.34,0.0,,,,OFF PLAN - 3,Available,,214589.22,True,False
9-3-2026 (1).xlsx,crysta,Phase-1-OCT,KI2-BV8-12-02,Cabana,12368243.0,50.0,0.0,8.17,0.0,,,,OFF PLAN - 3,Available,,247364.86,True,False
9-3-2026 (1).xlsx,crysta,Phase-1-OCT,KI2-BV8-12-06,Cabana,12305759.0,50.0,0.0,7.28,0.0,,,,OFF PLAN - 3,Available,,246115.18,True,False
9-3-2026 (1).xlsx,crysta,Phase-1-OCT,KI2-JC16-6-03,Cabana,12305759.0,50.0,0.0,7.28,0.0,,,,OFF PLAN - 3,Available,,246115.18,True,False
9-3-2026 (1).xlsx,crysta,Phase-1-OCT,KI2-JC16-6-04,Cabana,12430025.0,50.0,0.0,9.05,0.0,,,,OFF PLAN - 3,Available,,248600.5,True,False
9-3-2026 (1).xlsx,crysta,Phase-1-OCT,KI2-JC16-6-06,Cabana,12305759.0,50.0,0.0,7.28,0.0,,,,OFF PLAN - 3,Available,,246115.18,True,False
9-3-2026 (1).xlsx,crysta,Phase-1-OCT,KI2-JC16-6-07,Cabana,12382986.0,50.0,0.0,8.38,0.0,,,,OFF PLAN - 3,Available,,247659.72,True,False
9-3-2026 (1).xlsx,crysta,Phase-1-OCT,KI2-JC16-6-08,Cabana,12587989.0,50.0,0.0,9.05,0.0,,,,OFF PLAN - 3,Available,,251759.78,True,False
9-3-2026 (1).xlsx,crysta,Phase-1-OCT,KI2-JC16-6-17,Cabana,9778397.0,50.0,0.0,0.0,0.0,,,,OFF PLAN - 3,Available,,195567.94,False,False
9-3-2026 (1).xlsx,crysta,Phase-1-OCT,KI2-JC16-6-18,Cabana,9909358.0,50.0,0.0,0.0,0.0,,,,OFF PLAN - 3,Available,,198187.16,False,False
9-3-2026 (1).xlsx,crysta,Phase-1-OCT,KI2-JC8-11-01,Cabana,12588691.0,50.0,0.0,9.06,0.0,,,,OFF PLAN - 3,Available,,251773.82,True,False
9-3-2026 (1).xlsx,crysta,Phase-1-OCT,KI2-JC8-11-02,Cabana,12305759.0,50.0,0.0,7.28,0.0,,,,OFF PLAN - 3,Available,,246115.18,True,False
9-3-2026 (1).xlsx,crysta,Phase-1-OCT,KI2-JC8-11-04,Cabana,12587989.0,50.0,0.0,9.05,0.0,,,,OFF PLAN - 3,Available,,251759.78,True,False
9-3-2026 (1).xlsx,crysta,Phase-1-OCT,KI2-JC8-13-01,Cabana,12588691.0,50.0,0.0,9.06,0.0,,,,OFF PLAN - 3,Available,,251773.82,True,False
9-3-2026 (1).xlsx,crysta,Phase-1-OCT,KI2-JC8-13-02,Cabana,12305759.0,50.0,0.0,7.28,0.0,,,,OFF PLAN - 3,Available,,246115.18,True,False
9-3-2026 (1).xlsx,crysta,Phase-1-OCT,KI2-JC8-13-03,Cabana,12368243.0,50.0,0.0,8.17,0.0,,,,OFF PLAN - 3,Available,,247364.86,True,False
9-3-2026 (1).xlsx,crysta,Phase-1-OCT,KI2-JC8-13-04,Cabana,12693298.0,50.0,0.0,9.05,0.0,,,,OFF PLAN - 3,Available,,253865.96,True,False
9-3-2026 (1).xlsx,crysta,Phase-1-OCT,KI2-JC8-13-11,Cabana,9909358.0,50.0,0.0,0.0,0.0,,,,OFF PLAN - 3,Available,,198187.16,False,False
9-3-2026 (1).xlsx,crysta,Phase-1-OCT,KI2-JC8-4-03,Cabana,12631517.0,50.0,0.0,8.17,0.0,,,,OFF PLAN - 3,Available,,252630.34,True,False
9-3-2026 (1).xlsx,crysta,Phase-1-OCT,KI2-JC8-9-03,Cabana,12315588.0,50.0,0.0,8.17,0.0,,,,OFF PLAN - 3,Available,,246311.76,True,False
9-3-2026 (1).xlsx,crysta,Phase-1-OCT,KI2-JC8-9-04,Cabana,12535334.0,50.0,0.0,9.05,0.0,,,,OFF PLAN - 3,Available,,250706.68,True,False
9-3-2026 (1).xlsx,crysta,Phase-1-OCT,KI2-JC8-9-11,Cabana,9865704.0,50.0,0.0,0.0,0.0,,,,OFF PLAN - 3,Available,,197314.08,False,False
9-3-2026 (1).xlsx,crysta,Phase-1-OCT,KI2-JC8-9-13,Cabana,9734744.0,50.0,0.0,0.0,0.0,,,,OFF PLAN - 3,Available,,194694.88,False,False
9-3-2026 (1).xlsx,crysta,Phase-1-OCT,KI2-JC8-9-14,Cabana,9909358.0,50.0,0.0,0.0,0.0,,,,OFF PLAN - 3,Available,,198187.16,False,False
9-3-2026 (1).xlsx,crysta,Phase-1-OCT,KI3-JC16-1-03,Cabana,12569033.0,50.0,0.0,7.28,0.0,,,,OFF PLAN - 3,Available,,251380.66,True,False
9-3-2026 (1).xlsx,crysta,Phase-1-OCT,KI3-JC16-1-04,Cabana,12693298.0,50.0,0.0,9.05,0.0,,,,OFF PLAN - 3,Available,,253865.96,True,False
9-3-2026 (1).xlsx,crysta,Phase-1-OCT,KI3-JC16-1-06,Cabana,12569033.0,50.0,0.0,7.28,0.0,,,,OFF PLAN - 3,Available,,251380.66,True,False
9-3-2026 (1).xlsx,crysta,Phase-1-OCT,KI3-JC16-1-07,Cabana,12646260.0,50.0,0.0,8.38,0.0,,,,OFF PLAN - 3,Available,,252925.2,True,False
9-3-2026 (1).xlsx,crysta,Phase-1-OCT,KI3-JC16-1-08,Cabana,12851262.0,50.0,0.0,9.05,0.0,,,,OFF PLAN - 3,Available,,257025.24,True,False
9-3-2026 (1).xlsx,crysta,Phase-1-OCT,KI3-JC16-1-12,Cabana,9996665.0,50.0,0.0,0.0,0.0,,,,OFF PLAN - 3,Available,,199933.3,False,False
9-3-2026 (1).xlsx,crysta,Phase-1-OCT,KI3-JC16-1-13,Cabana,9996665.0,50.0,0.0,0.0,0.0,,,,OFF PLAN - 3,Available,,199933.3,False,False
9-3-2026 (1).xlsx,crysta,Phase-1-OCT,KI3-JC16-1-14,Cabana,9996665.0,50.0,0.0,0.0,0.0,,,,OFF PLAN - 3,Available,,199933.3,False,False
9-3-2026 (1).xlsx,crysta,Phase-1-OCT,KI3-JC16-1-18,Cabana,10127626.0,50.0,0.0,0.0,0.0,,,,OFF PLAN - 3,Available,,202552.52,False,False
9-3-2026 (1).xlsx,crysta,Phase-1-OCT,KI3-JC16-11-01,Cabana,12588691.0,50.0,0.0,9.06,0.0,,,,OFF PLAN - 3,Available,,251773.82,True,False
9-3-2026 (1).xlsx,crysta,Phase-1-OCT,KI3-JC16-11-02,Cabana,12383688.0,50.0,0.0,8.39,0.0,,,,OFF PLAN - 3,Available,,247673.76,True,False
9-3-2026 (1).xlsx,crysta,Phase-1-OCT,KI3-JC16-11-03,Cabana,12305759.0,50.0,0.0,7.28,0.0,,,,OFF PLAN - 3,Available,,246115.18,True,False
9-3-2026 (1).xlsx,crysta,Phase-1-OCT,KI3-JC16-11-04,Cabana,12430025.0,50.0,0.0,9.05,0.0,,,,OFF PLAN - 3,Available,,248600.5,True,False
9-3-2026 (1).xlsx,crysta,Phase-1-OCT,KI3-JC16-11-05,Cabana,12430727.0,50.0,0.0,9.06,0.0,,,,OFF PLAN - 3,Available,,248614.54,True,False
9-3-2026 (1).xlsx,crysta,Phase-1-OCT,KI3-JC16-11-07,Cabana,12382986.0,50.0,0.0,8.38,0.0,,,,OFF PLAN - 3,Available,,247659.72,True,False
9-3-2026 (1).xlsx,crysta,Phase-1-OCT,KI3-JC16-16-01,Cabana,12588691.0,50.0,0.0,9.06,0.0,,,,OFF PLAN - 3,Available,,251773.82,True,False
9-3-2026 (1).xlsx,crysta,Phase-1-OCT,KI3-JC16-16-02,Cabana,12383688.0,50.0,0.0,8.39,0.0,,,,OFF PLAN - 3,Available,,247673.76,True,False
9-3-2026 (1).xlsx,crysta,Phase-1-OCT,KI3-JC16-16-03,Cabana,12305759.0,50.0,0.0,7.28,0.0,,,,OFF PLAN - 3,Available,,246115.18,True,False
9-3-2026 (1).xlsx,crysta,Phase-1-OCT,KI3-JC16-16-04,Cabana,12430025.0,50.0,0.0,9.05,0.0,,,,OFF PLAN - 3,Available,,248600.5,True,False
9-3-2026 (1).xlsx,crysta,Phase-1-OCT,KI3-JC16-16-05,Cabana,12430727.0,50.0,0.0,9.06,0.0,,,,OFF PLAN - 3,Available,,248614.54,True,False
9-3-2026 (1).xlsx,crysta,Phase-1-OCT,KI3-JC16-16-06,Cabana,12305759.0,50.0,0.0,7.28,0.0,,,,OFF PLAN - 3,Available,,246115.18,True,False
9-3-2026 (1).xlsx,crysta,Phase-1-OCT,KI3-JC16-16-14,Cabana,9778397.0,50.0,0.0,0.0,0.0,,,,OFF PLAN - 3,Available,,195567.94,False,False
9-3-2026 (1).xlsx,crysta,Phase-1-OCT,KI3-JC16-16-15,Cabana,9778397.0,50.0,0.0,0.0,0.0,,,,OFF PLAN - 3,Available,,195567.94,False,False
9-3-2026 (1).xlsx,crysta,Phase-1-OCT,KI3-JC16-16-16,Cabana,9778397.0,50.0,0.0,0.0,0.0,,,,OFF PLAN - 3,Available,,195567.94,False,False
9-3-2026 (1).xlsx,crysta,Phase-1-OCT,KI3-JC16-16-17,Cabana,9778397.0,50.0,0.0,0.0,0.0,,,,OFF PLAN - 3,Available,,195567.94,False,False
9-3-2026 (1).xlsx,crysta,Phase-1-OCT,KI3-JC16-2-01,Cabana,12851964.0,50.0,0.0,9.06,0.0,,,,OFF PLAN - 3,Available,,257039.28,True,False
9-3-2026 (1).xlsx,crysta,Phase-1-OCT,KI3-JC16-2-02,Cabana,12646962.0,50.0,0.0,8.39,0.0,,,,OFF PLAN - 3,Available,,252939.24,True,False
9-3-2026 (1).xlsx,crysta,Phase-1-OCT,KI3-JC16-2-03,Cabana,12569033.0,50.0,0.0,7.28,0.0,,,,OFF PLAN - 3,Available,,251380.66,True,False
9-3-2026 (1).xlsx,crysta,Phase-1-OCT,KI3-JC16-2-05,Cabana,12694000.0,50.0,0.0,9.06,0.0,,,,OFF PLAN - 3,Available,,253880.0,True,False
9-3-2026 (1).xlsx,crysta,Phase-1-OCT,KI3-JC16-2-06,Cabana,12569033.0,50.0,0.0,7.28,0.0,,,,OFF PLAN - 3,Available,,251380.66,True,False
9-3-2026 (1).xlsx,crysta,Phase-1-OCT,KI3-JC16-2-07,Cabana,12646260.0,50.0,0.0,8.38,0.0,,,,OFF PLAN - 3,Available,,252925.2,True,False
9-3-2026 (1).xlsx,crysta,Phase-1-OCT,KI3-JC16-8-02,Cabana,12646962.0,50.0,0.0,8.39,0.0,,,,OFF PLAN - 3,Available,,252939.24,True,False
9-3-2026 (1).xlsx,crysta,Phase-1-OCT,KI3-JC16-8-03,Cabana,12569033.0,50.0,0.0,7.28,0.0,,,,OFF PLAN - 3,Available,,251380.66,True,False
9-3-2026 (1).xlsx,crysta,Phase-1-OCT,KI3-JC16-8-04,Cabana,12693298.0,50.0,0.0,9.05,0.0,,,,OFF PLAN - 3,Available,,253865.96,True,False
9-3-2026 (1).xlsx,crysta,Phase-1-OCT,KI3-JC16-8-05,Cabana,12694000.0,50.0,0.0,9.06,0.0,,,,OFF PLAN - 3,Available,,253880.0,True,False
9-3-2026 (1).xlsx,crysta,Phase-1-OCT,KI3-JC16-8-06,Cabana,12569033.0,50.0,0.0,7.28,0.0,,,,OFF PLAN - 3,Available,,251380.66,True,False
9-3-2026 (1).xlsx,crysta,Phase-1-OCT,KI3-JC16-8-07,Cabana,12646260.0,50.0,0.0,8.38,0.0,,,,OFF PLAN - 3,Available,,252925.2,True,False
9-3-2026 (1).xlsx,crysta,Phase-1-OCT,KI3-JC8-10-02,Cabana,12305759.0,50.0,0.0,7.28,0.0,,,,OFF PLAN - 3,Available,,246115.18,True,False
9-3-2026 (1).xlsx,crysta,Phase-1-OCT,KI3-JC8-10-03,Cabana,12368243.0,50.0,0.0,8.17,0.0,,,,OFF PLAN - 3,Available,,247364.86,True,False
9-3-2026 (1).xlsx,crysta,Phase-1-OCT,KI3-JC8-10-04,Cabana,12587989.0,50.0,0.0,9.05,0.0,,,,OFF PLAN - 3,Available,,251759.78,True,False
9-3-2026 (1).xlsx,crysta,Phase-1-OCT,KI3-JC8-12-03,Cabana,11683732.0,50.0,0.0,8.17,0.0,,,,OFF PLAN - 3,Available,,233674.64,True,False
9-3-2026 (1).xlsx,crysta,Phase-1-OCT,KI3-JC8-12-04,Cabana,11903477.0,50.0,0.0,9.05,0.0,,,,OFF PLAN - 3,Available,,238069.54,True,False
9-3-2026 (1).xlsx,crysta,Phase-1-OCT,KI3-JC8-13-01,Cabana,11904179.0,50.0,0.0,9.06,0.0,,,,OFF PLAN - 3,Available,,238083.58,True,False
9-3-2026 (1).xlsx,crysta,Phase-1-OCT,KI3-JC8-14-01,Cabana,12220108.0,50.0,0.0,9.06,0.0,,,,OFF PLAN - 3,Available,,244402.16,True,False
9-3-2026 (1).xlsx,crysta,Phase-1-OCT,KI3-JC8-14-02,Cabana,11937176.0,50.0,0.0,7.28,0.0,,,,OFF PLAN - 3,Available,,238743.52,True,False
9-3-2026 (1).xlsx,crysta,Phase-1-OCT,KI3-JC8-14-03,Cabana,11999660.0,50.0,0.0,8.17,0.0,,,,OFF PLAN - 3,Available,,239993.2,True,False
9-3-2026 (1).xlsx,crysta,Phase-1-OCT,KI3-JC8-14-04,Cabana,12219406.0,50.0,0.0,9.05,0.0,,,,OFF PLAN - 3,Available,,244388.12,True,False
9-3-2026 (1).xlsx,crysta,Phase-1-OCT,KI3-JC8-14-11,Cabana,9603783.0,50.0,0.0,0.0,0.0,,,,OFF PLAN - 3,Available,,192075.66,False,False
9-3-2026 (1).xlsx,crysta,Phase-1-OCT,KI3-JC8-14-14,Cabana,9603783.0,50.0,0.0,0.0,0.0,,,,OFF PLAN - 3,Available,,192075.66,False,False
9-3-2026 (1).xlsx,crysta,Phase-1-OCT,KI3-JC8-15-01,Cabana,12588691.0,50.0,0.0,9.06,0.0,,,,OFF PLAN - 3,Available,,251773.82,True,False
9-3-2026 (1).xlsx,crysta,Phase-1-OCT,KI3-JC8-15-02,Cabana,11621248.0,50.0,0.0,7.28,0.0,,,,OFF PLAN - 3,Available,,232424.96,True,False
9-3-2026 (1).xlsx,crysta,Phase-1-OCT,KI3-JC8-15-04,Cabana,11903477.0,50.0,0.0,9.05,0.0,,,,OFF PLAN - 3,Available,,238069.54,True,False
9-3-2026 (1).xlsx,crysta,Phase-1-OCT,KI3-JC8-7-03,Cabana,12631517.0,50.0,0.0,8.17,0.0,,,,OFF PLAN - 3,Available,,252630.34,True,False
9-3-2026 (1).xlsx,crysta,Phase-1-OCT,KI3-JC8-7-04,Cabana,12956572.0,50.0,0.0,9.05,0.0,,,,OFF PLAN - 3,Available,,259131.44,True,False
9-3-2026 (1).xlsx,crysta,Phase-1-OCT,KI3-SC8-9-03,Cabana,21730073.0,100.0,0.0,16.33,0.0,,,,OFF PLAN - 3,Available,,217300.73,True,False
9-3-2026 (1).xlsx,crysta,Phase-1-OCT,KR-BC4-43-03,Beach cabana,21875272.0,50.0,0.0,8.17,0.0,,,,OFF PLAN - 2,Available,,437505.44,True,False
9-3-2026 (1).xlsx,crysta,Phase-1-OCT,KR-BC4-44-02,Beach cabana,20445174.0,50.0,0.0,7.28,0.0,,,,OFF PLAN - 2,Available,,408903.48,True,False
9-3-2026 (1).xlsx,crysta,Phase-1-OCT,KR-BC4-44-03,Beach cabana,20543917.0,50.0,0.0,8.17,0.0,,,,OFF PLAN - 2,Available,,410878.34,True,False
9-3-2026 (1).xlsx,crysta,Phase-1-OCT,KR-BC4-44-04,Beach cabana,21057598.0,50.0,0.0,9.05,0.0,,,,OFF PLAN - 2,Available,,421151.96,True,False
9-3-2026 (1).xlsx,crysta,Phase-1-OCT,KR-BC4-80-02,Beach cabana,21526900.0,50.0,0.0,7.28,0.0,,,,OFF PLAN - 2,Available,,430538.0,True,False
9-3-2026 (1).xlsx,crysta,Phase-1-OCT,KR-BV8-20-02,Cabana,12789481.0,50.0,0.0,8.17,0.0,,,,OFF PLAN - 3,Available,,255789.62,True,False
9-3-2026 (1).xlsx,crysta,Phase-1-OCT,KR-BV8-28-07,Cabana,12420898.0,50.0,0.0,8.17,0.0,,,,OFF PLAN - 3,Available,,248417.96,True,False
9-3-2026 (1).xlsx,crysta,Phase-1-OCT,KR-BV8-55-07,Cabana,12420898.0,50.0,0.0,8.17,0.0,,,,OFF PLAN - 3,Available,,248417.96,True,False
9-3-2026 (1).xlsx,crysta,Phase-1-OCT,KR-BV8-65-06,Cabana,12095141.0,50.0,0.0,7.28,0.0,,,,OFF PLAN - 3,Available,,241902.82,True,False
9-3-2026 (1).xlsx,crysta,Phase-1-OCT,KR-BV8-65-07,Cabana,12157624.0,50.0,0.0,8.17,0.0,,,,OFF PLAN - 3,Available,,243152.48,True,False
9-3-2026 (1).xlsx,crysta,Phase-1-OCT,KR-JC16-21-01,Cabana,11482942.0,50.0,0.0,9.06,0.0,,,,OFF PLAN - 3,Available,,229658.84,True,False
9-3-2026 (1).xlsx,crysta,Phase-1-OCT,KR-JC16-21-05,Cabana,12851964.0,50.0,0.0,9.06,0.0,,,,OFF PLAN - 3,Available,,257039.28,True,False
9-3-2026 (1).xlsx,crysta,Phase-1-OCT,KR-JC16-21-06,Cabana,12726997.0,50.0,0.0,7.28,0.0,,,,OFF PLAN - 3,Available,,254539.94,True,False
9-3-2026 (1).xlsx,crysta,Phase-1-OCT,KR-JC16-21-07,Cabana,12804224.0,50.0,0.0,8.38,0.0,,,,OFF PLAN - 3,Available,,256084.48,True,False
9-3-2026 (1).xlsx,crysta,Phase-1-OCT,KR-JC16-21-16,Cabana,10127626.0,50.0,0.0,0.0,0.0,,,,OFF PLAN - 3,Available,,202552.52,False,False
9-3-2026 (1).xlsx,crysta,Phase-1-OCT,KR-JC16-22-02,Cabana,12488998.0,50.0,0.0,8.39,0.0,,,,OFF PLAN - 3,Available,,249779.96,True,False
9-3-2026 (1).xlsx,crysta,Phase-1-OCT,KR-JC16-22-03,Cabana,12411069.0,50.0,0.0,7.28,0.0,,,,OFF PLAN - 3,Available,,248221.38,True,False
9-3-2026 (1).xlsx,crysta,Phase-1-OCT,KR-JC16-22-04,Cabana,12219406.0,50.0,0.0,9.05,0.0,,,,OFF PLAN - 3,Available,,244388.12,True,False
9-3-2026 (1).xlsx,crysta,Phase-1-OCT,KR-JC16-22-05,Cabana,11746215.0,50.0,0.0,9.06,0.0,,,,OFF PLAN - 3,Available,,234924.3,True,False
9-3-2026 (1).xlsx,crysta,Phase-1-OCT,KR-JC16-22-07,Cabana,11698475.0,50.0,0.0,8.38,0.0,,,,OFF PLAN - 3,Available,,233969.5,True,False
9-3-2026 (1).xlsx,crysta,Phase-1-OCT,KR-JC16-22-08,Cabana,11903477.0,50.0,0.0,9.05,0.0,,,,OFF PLAN - 3,Available,,238069.54,True,False
9-3-2026 (1).xlsx,crysta,Phase-1-OCT,KR-JC16-26-02,Cabana,12436343.0,50.0,0.0,8.39,0.0,,,,OFF PLAN - 3,Available,,248726.86,True,False
9-3-2026 (1).xlsx,crysta,Phase-1-OCT,KR-JC16-26-03,Cabana,12358414.0,50.0,0.0,7.28,0.0,,,,OFF PLAN - 3,Available,,247168.28,True,False
9-3-2026 (1).xlsx,crysta,Phase-1-OCT,KR-JC16-26-05,Cabana,12483381.0,50.0,0.0,9.06,0.0,,,,OFF PLAN - 3,Available,,249667.62,True,False
9-3-2026 (1).xlsx,crysta,Phase-1-OCT,KR-JC16-26-06,Cabana,12358414.0,50.0,0.0,7.28,0.0,,,,OFF PLAN - 3,Available,,247168.28,True,False
9-3-2026 (1).xlsx,crysta,Phase-1-OCT,KR-JC16-26-07,Cabana,12435641.0,50.0,0.0,8.38,0.0,,,,OFF PLAN - 3,Available,,248712.82,True,False
9-3-2026 (1).xlsx,crysta,Phase-1-OCT,KR-JC16-26-08,Cabana,12640643.0,50.0,0.0,9.05,0.0,,,,OFF PLAN - 3,Available,,252812.86,True,False
9-3-2026 (1).xlsx,crysta,Phase-1-OCT,KR-JC16-26-18,Cabana,9953012.0,50.0,0.0,0.0,0.0,,,,OFF PLAN - 3,Available,,199060.24,False,False
9-3-2026 (1).xlsx,crysta,Phase-1-OCT,KR-JC16-29-01,Cabana,12167453.0,50.0,0.0,9.06,0.0,,,,OFF PLAN - 3,Available,,243349.06,True,False
9-3-2026 (1).xlsx,crysta,Phase-1-OCT,KR-JC16-29-02,Cabana,11962451.0,50.0,0.0,8.39,0.0,,,,OFF PLAN - 3,Available,,239249.02,True,False
9-3-2026 (1).xlsx,crysta,Phase-1-OCT,KR-JC16-29-03,Cabana,11884522.0,50.0,0.0,7.28,0.0,,,,OFF PLAN - 3,Available,,237690.44,True,False
9-3-2026 (1).xlsx,crysta,Phase-1-OCT,KR-JC16-29-04,Cabana,12008787.0,50.0,0.0,9.05,0.0,,,,OFF PLAN - 3,Available,,240175.74,True,False
9-3-2026 (1).xlsx,crysta,Phase-1-OCT,KR-JC16-29-05,Cabana,12009489.0,50.0,0.0,9.06,0.0,,,,OFF PLAN - 3,Available,,240189.78,True,False
9-3-2026 (1).xlsx,crysta,Phase-1-OCT,KR-JC16-29-06,Cabana,11884522.0,50.0,0.0,7.28,0.0,,,,OFF PLAN - 3,Available,,237690.44,True,False
9-3-2026 (1).xlsx,crysta,Phase-1-OCT,KR-JC16-29-07,Cabana,11961749.0,50.0,0.0,8.38,0.0,,,,OFF PLAN - 3,Available,,239234.98,True,False
9-3-2026 (1).xlsx,crysta,Phase-1-OCT,KR-JC16-29-08,Cabana,12272060.0,50.0,0.0,9.05,0.0,,,,OFF PLAN - 3,Available,,245441.2,True,False
9-3-2026 (1).xlsx,crysta,Phase-1-OCT,KR-JC16-29-15,Cabana,9429169.0,50.0,0.0,0.0,0.0,,,,OFF PLAN - 3,Available,,188583.38,False,False
9-3-2026 (1).xlsx,crysta,Phase-1-OCT,KR-JC16-29-18,Cabana,9647437.0,50.0,0.0,0.0,0.0,,,,OFF PLAN - 3,Available,,192948.74,False,False
9-3-2026 (1).xlsx,crysta,Phase-1-OCT,KR-JC16-31-01,Cabana,12641346.0,50.0,0.0,9.06,0.0,,,,OFF PLAN - 3,Available,,252826.92,True,False
9-3-2026 (1).xlsx,crysta,Phase-1-OCT,KR-JC16-31-02,Cabana,12436343.0,50.0,0.0,8.39,0.0,,,,OFF PLAN - 3,Available,,248726.86,True,False
9-3-2026 (1).xlsx,crysta,Phase-1-OCT,KR-JC16-31-03,Cabana,12358414.0,50.0,0.0,7.28,0.0,,,,OFF PLAN - 3,Available,,247168.28,True,False
9-3-2026 (1).xlsx,crysta,Phase-1-OCT,KR-JC16-31-05,Cabana,12483381.0,50.0,0.0,9.06,0.0,,,,OFF PLAN - 3,Available,,249667.62,True,False
9-3-2026 (1).xlsx,crysta,Phase-1-OCT,KR-JC16-31-06,Cabana,12358414.0,50.0,0.0,7.28,0.0,,,,OFF PLAN - 3,Available,,247168.28,True,False
9-3-2026 (1).xlsx,crysta,Phase-1-OCT,KR-JC16-31-07,Cabana,12435641.0,50.0,0.0,8.38,0.0,,,,OFF PLAN - 3,Available,,248712.82,True,False
9-3-2026 (1).xlsx,crysta,Phase-1-OCT,KR-JC16-32-03,Cabana,12621688.0,50.0,0.0,7.28,0.0,,,,OFF PLAN - 3,Available,,252433.76,True,False
9-3-2026 (1).xlsx,crysta,Phase-1-OCT,KR-JC16-32-06,Cabana,12621688.0,50.0,0.0,7.28,0.0,,,,OFF PLAN - 3,Available,,252433.76,True,False
9-3-2026 (1).xlsx,crysta,Phase-1-OCT,KR-JC16-35-18,Cabana,10520508.0,50.0,0.0,0.0,0.0,,,,OFF PLAN - 3,Available,,210410.16,False,False
9-3-2026 (1).xlsx,crysta,Phase-1-OCT,KR-JC16-54-03,Cabana,12358414.0,50.0,0.0,7.28,0.0,,,,OFF PLAN - 3,Available,,247168.28,True,False
9-3-2026 (1).xlsx,crysta,Phase-1-OCT,KR-JC16-54-04,Cabana,12482679.0,50.0,0.0,9.05,0.0,,,,OFF PLAN - 3,Available,,249653.58,True,False
9-3-2026 (1).xlsx,crysta,Phase-1-OCT,KR-JC16-54-05,Cabana,12483381.0,50.0,0.0,9.06,0.0,,,,OFF PLAN - 3,Available,,249667.62,True,False
9-3-2026 (1).xlsx,crysta,Phase-1-OCT,KR-JC16-54-06,Cabana,12358414.0,50.0,0.0,7.28,0.0,,,,OFF PLAN - 3,Available,,247168.28,True,False
9-3-2026 (1).xlsx,crysta,Phase-1-OCT,KR-JC16-54-07,Cabana,12435641.0,50.0,0.0,8.38,0.0,,,,OFF PLAN - 3,Available,,248712.82,True,False
9-3-2026 (1).xlsx,crysta,Phase-1-OCT,KR-JC16-57-01,Cabana,12483381.0,50.0,0.0,9.06,0.0,,,,OFF PLAN - 3,Available,,249667.62,True,False
9-3-2026 (1).xlsx,crysta,Phase-1-OCT,KR-JC16-57-02,Cabana,12173070.0,50.0,0.0,8.39,0.0,,,,OFF PLAN - 3,Available,,243461.4,True,False
9-3-2026 (1).xlsx,crysta,Phase-1-OCT,KR-JC16-57-03,Cabana,12095141.0,50.0,0.0,7.28,0.0,,,,OFF PLAN - 3,Available,,241902.82,True,False
9-3-2026 (1).xlsx,crysta,Phase-1-OCT,KR-JC16-57-04,Cabana,12219406.0,50.0,0.0,9.05,0.0,,,,OFF PLAN - 3,Available,,244388.12,True,False
9-3-2026 (1).xlsx,crysta,Phase-1-OCT,KR-JC16-57-05,Cabana,12220108.0,50.0,0.0,9.06,0.0,,,,OFF PLAN - 3,Available,,244402.16,True,False
9-3-2026 (1).xlsx,crysta,Phase-1-OCT,KR-JC16-57-06,Cabana,12095141.0,50.0,0.0,7.28,0.0,,,,OFF PLAN - 3,Available,,241902.82,True,False
9-3-2026 (1).xlsx,crysta,Phase-1-OCT,KR-JC16-57-07,Cabana,12172368.0,50.0,0.0,8.38,0.0,,,,OFF PLAN - 3,Available,,243447.36,True,False
9-3-2026 (1).xlsx,crysta,Phase-1-OCT,KR-JC16-57-08,Cabana,12377370.0,50.0,0.0,9.05,0.0,,,,OFF PLAN - 3,Available,,247547.4,True,False
9-3-2026 (1).xlsx,crysta,Phase-1-OCT,KR-JC16-57-14,Cabana,9603783.0,50.0,0.0,0.0,0.0,,,,OFF PLAN - 3,Available,,192075.66,False,False
9-3-2026 (1).xlsx,crysta,Phase-1-OCT,KR-JC16-57-17,Cabana,9603783.0,50.0,0.0,0.0,0.0,,,,OFF PLAN - 3,Available,,192075.66,False,False
9-3-2026 (1).xlsx,crysta,Phase-1-OCT,KR-JC16-63-01,Cabana,11377632.0,50.0,0.0,9.06,0.0,,,,OFF PLAN - 3,Available,,227552.64,True,False
9-3-2026 (1).xlsx,crysta,Phase-1-OCT,KR-JC16-63-05,Cabana,12536036.0,50.0,0.0,9.06,0.0,,,,OFF PLAN - 3,Available,,250720.72,True,False
9-3-2026 (1).xlsx,crysta,Phase-1-OCT,KR-JC16-63-06,Cabana,12411069.0,50.0,0.0,7.28,0.0,,,,OFF PLAN - 3,Available,,248221.38,True,False
9-3-2026 (1).xlsx,crysta,Phase-1-OCT,KR-JC16-63-07,Cabana,12488296.0,50.0,0.0,8.38,0.0,,,,OFF PLAN - 3,Available,,249765.92,True,False
9-3-2026 (1).xlsx,crysta,Phase-1-OCT,KR-JC16-63-08,Cabana,12693298.0,50.0,0.0,9.05,0.0,,,,OFF PLAN - 3,Available,,253865.96,True,False
9-3-2026 (1).xlsx,crysta,Phase-1-OCT,KR-JC16-63-16,Cabana,9865704.0,50.0,0.0,0.0,0.0,,,,OFF PLAN - 3,Available,,197314.08,False,False
9-3-2026 (1).xlsx,crysta,Phase-1-OCT,KR-JC16-63-17,Cabana,9865704.0,50.0,0.0,0.0,0.0,,,,OFF PLAN - 3,Available,,197314.08,False,False
9-3-2026 (1).xlsx,crysta,Phase-1-OCT,KR-JC16-64-02,Cabana,12857581.0,50.0,0.0,8.39,0.0,,,,OFF PLAN - 3,Available,,257151.62,True,False
9-3-2026 (1).xlsx,crysta,Phase-1-OCT,KR-JC16-64-03,Cabana,12779652.0,50.0,0.0,7.28,0.0,,,,OFF PLAN - 3,Available,,255593.04,True,False
9-3-2026 (1).xlsx,crysta,Phase-1-OCT,KR-JC16-64-05,Cabana,11746215.0,50.0,0.0,9.06,0.0,,,,OFF PLAN - 3,Available,,234924.3,True,False
9-3-2026 (1).xlsx,crysta,Phase-1-OCT,KR-JC16-64-06,Cabana,11621248.0,50.0,0.0,7.28,0.0,,,,OFF PLAN - 3,Available,,232424.96,True,False
9-3-2026 (1).xlsx,crysta,Phase-1-OCT,KR-JC16-64-07,Cabana,11698475.0,50.0,0.0,8.38,0.0,,,,OFF PLAN - 3,Available,,233969.5,True,False
9-3-2026 (1).xlsx,crysta,Phase-1-OCT,KR-JC16-64-08,Cabana,11903477.0,50.0,0.0,9.05,0.0,,,,OFF PLAN - 3,Available,,238069.54,True,False
9-3-2026 (1).xlsx,crysta,Phase-1-OCT,KR-JC16-64-14,Cabana,9778397.0,50.0,0.0,0.0,0.0,,,,OFF PLAN - 3,Available,,195567.94,False,False
9-3-2026 (1).xlsx,crysta,Phase-1-OCT,KR-JC16-67-01,Cabana,12641346.0,50.0,0.0,9.06,0.0,,,,OFF PLAN - 3,Available,,252826.92,True,False
9-3-2026 (1).xlsx,crysta,Phase-1-OCT,KR-JC16-67-02,Cabana,12436343.0,50.0,0.0,8.39,0.0,,,,OFF PLAN - 3,Available,,248726.86,True,False
9-3-2026 (1).xlsx,crysta,Phase-1-OCT,KR-JC16-67-03,Cabana,12358414.0,50.0,0.0,7.28,0.0,,,,OFF PLAN - 3,Available,,247168.28,True,False
9-3-2026 (1).xlsx,crysta,Phase-1-OCT,KR-JC16-67-04,Cabana,12482679.0,50.0,0.0,9.05,0.0,,,,OFF PLAN - 3,Available,,249653.58,True,False
9-3-2026 (1).xlsx,crysta,Phase-1-OCT,KR-JC16-67-05,Cabana,12483381.0,50.0,0.0,9.06,0.0,,,,OFF PLAN - 3,Available,,249667.62,True,False
9-3-2026 (1).xlsx,crysta,Phase-1-OCT,KR-JC16-67-06,Cabana,12358414.0,50.0,0.0,7.28,0.0,,,,OFF PLAN - 3,Available,,247168.28,True,False
9-3-2026 (1).xlsx,crysta,Phase-1-OCT,KR-JC16-67-07,Cabana,12435641.0,50.0,0.0,8.38,0.0,,,,OFF PLAN - 3,Available,,248712.82,True,False
9-3-2026 (1).xlsx,crysta,Phase-1-OCT,KR-JC16-67-08,Cabana,12640643.0,50.0,0.0,9.05,0.0,,,,OFF PLAN - 3,Available,,252812.86,True,False
9-3-2026 (1).xlsx,crysta,Phase-1-OCT,KR-JC16-67-11,Cabana,9953012.0,50.0,0.0,0.0,0.0,,,,OFF PLAN - 3,Available,,199060.24,False,False
9-3-2026 (1).xlsx,crysta,Phase-1-OCT,KR-JC16-67-15,Cabana,9822051.0,50.0,0.0,0.0,0.0,,,,OFF PLAN - 3,Available,,196441.02,False,False
9-3-2026 (1).xlsx,crysta,Phase-1-OCT,KR-JC16-67-16,Cabana,9822051.0,50.0,0.0,0.0,0.0,,,,OFF PLAN - 3,Available,,196441.02,False,False
9-3-2026 (1).xlsx,crysta,Phase-1-OCT,KR-JC16-68-01,Cabana,12641346.0,50.0,0.0,9.06,0.0,,,,OFF PLAN - 3,Available,,252826.92,True,False
9-3-2026 (1).xlsx,crysta,Phase-1-OCT,KR-JC16-68-02,Cabana,12436343.0,50.0,0.0,8.39,0.0,,,,OFF PLAN - 3,Available,,248726.86,True,False
9-3-2026 (1).xlsx,crysta,Phase-1-OCT,KR-JC16-68-03,Cabana,12358414.0,50.0,0.0,7.28,0.0,,,,OFF PLAN - 3,Available,,247168.28,True,False
9-3-2026 (1).xlsx,crysta,Phase-1-OCT,KR-JC16-68-04,Cabana,12482679.0,50.0,0.0,9.05,0.0,,,,OFF PLAN - 3,Available,,249653.58,True,False
9-3-2026 (1).xlsx,crysta,Phase-1-OCT,KR-JC8-23-01,Cabana,11904179.0,50.0,0.0,9.06,0.0,,,,OFF PLAN - 3,Available,,238083.58,True,False
9-3-2026 (1).xlsx,crysta,Phase-1-OCT,KR-JC8-23-02,Cabana,11621248.0,50.0,0.0,7.28,0.0,,,,OFF PLAN - 3,Available,,232424.96,True,False
9-3-2026 (1).xlsx,crysta,Phase-1-OCT,KR-JC8-23-03,Cabana,11683732.0,50.0,0.0,8.17,0.0,,,,OFF PLAN - 3,Available,,233674.64,True,False
9-3-2026 (1).xlsx,crysta,Phase-1-OCT,KR-JC8-23-04,Cabana,12008787.0,50.0,0.0,9.05,0.0,,,,OFF PLAN - 3,Available,,240175.74,True,False
9-3-2026 (1).xlsx,crysta,Phase-1-OCT,KR-JC8-24-01,Cabana,12483381.0,50.0,0.0,9.06,0.0,,,,OFF PLAN - 3,Available,,249667.62,True,False
9-3-2026 (1).xlsx,crysta,Phase-1-OCT,KR-JC8-24-02,Cabana,12095141.0,50.0,0.0,7.28,0.0,,,,OFF PLAN - 3,Available,,241902.82,True,False
9-3-2026 (1).xlsx,crysta,Phase-1-OCT,KR-JC8-24-03,Cabana,12157624.0,50.0,0.0,8.17,0.0,,,,OFF PLAN - 3,Available,,243152.48,True,False
9-3-2026 (1).xlsx,crysta,Phase-1-OCT,KR-JC8-24-04,Cabana,12377370.0,50.0,0.0,9.05,0.0,,,,OFF PLAN - 3,Available,,247547.4,True,False
9-3-2026 (1).xlsx,crysta,Phase-1-OCT,KR-JC8-59-02,Cabana,12095141.0,50.0,0.0,7.28,0.0,,,,OFF PLAN - 3,Available,,241902.82,True,False
9-3-2026 (1).xlsx,crysta,Phase-1-OCT,KR-JC8-59-03,Cabana,12157624.0,50.0,0.0,8.17,0.0,,,,OFF PLAN - 3,Available,,243152.48,True,False
9-3-2026 (1).xlsx,crysta,Phase-1-OCT,KR-JC8-59-04,Cabana,12377370.0,50.0,0.0,9.05,0.0,,,,OFF PLAN - 3,Available,,247547.4,True,False
9-3-2026 (1).xlsx,crysta,Phase-1-OCT,KR-JC8-60-01,Cabana,12378072.0,50.0,0.0,9.06,0.0,,,,OFF PLAN - 3,Available,,247561.44,True,False
9-3-2026 (1).xlsx,crysta,Phase-1-OCT,KR-JC8-60-02,Cabana,12095141.0,50.0,0.0,7.28,0.0,,,,OFF PLAN - 3,Available,,241902.82,True,False
9-3-2026 (1).xlsx,crysta,Phase-1-OCT,KR-JC8-60-04,Cabana,12482679.0,50.0,0.0,9.05,0.0,,,,OFF PLAN - 3,Available,,249653.58,True,False
9-3-2026 (1).xlsx,crysta,Phase-1-OCT,KR-JC8-60-12,Cabana,9603783.0,50.0,0.0,0.0,0.0,,,,OFF PLAN - 3,Available,,192075.66,False,False
9-3-2026 (1).xlsx,crysta,Phase-1-OCT,KR-JC8-60-14,Cabana,9822051.0,50.0,0.0,0.0,0.0,,,,OFF PLAN - 3,Available,,196441.02,False,False
9-3-2026 (1).xlsx,crysta,Phase-1-OCT,KR-JC8-62-01,Cabana,12694000.0,50.0,0.0,9.06,0.0,,,,OFF PLAN - 3,Available,,253880.0,True,False
9-3-2026 (1).xlsx,crysta,Phase-1-OCT,KR-JC8-62-02,Cabana,12411069.0,50.0,0.0,7.28,0.0,,,,OFF PLAN - 3,Available,,248221.38,True,False
9-3-2026 (1).xlsx,crysta,Phase-1-OCT,KR-JC8-69-02,Cabana,12358414.0,50.0,0.0,7.28,0.0,,,,OFF PLAN - 3,Available,,247168.28,True,False
9-3-2026 (1).xlsx,crysta,Phase-1-OCT,KR-OS3-39-0,One Storey,90610729.0,235.0,0.0,0.0,130.0,,,,OFF PLAN - 2,Available,,385577.57021276595,False,True
9-3-2026 (1).xlsx,crysta,Phase-1-OCT,KR-OS3-4-0,One Storey,88447140.0,235.0,0.0,0.0,130.0,,,,OFF PLAN - 2,Available,,376370.8085106383,False,True
9-3-2026 (1).xlsx,crysta,Phase-1-OCT,KR-OS3-5-0,One Storey,87873638.0,235.0,0.0,0.0,130.0,,,,OFF PLAN - 2,Available,,373930.3744680851,False,True
9-3-2026 (1).xlsx,crysta,Phase-1-OCT,KR-OS4-36-0,One Storey,117078048.0,285.0,0.0,0.0,180.0,,,,OFF PLAN - 2,Available,,410800.16842105263,False,True
9-3-2026 (1).xlsx,crysta,Phase-1-OCT,KR-OS4-37-0,One Storey,118159568.0,285.0,0.0,0.0,180.0,,,,OFF PLAN - 2,Available,,414594.9754385965,False,True
9-3-2026 (1).xlsx,crysta,Phase-1-OCT,KR-PC6-12-06,Cabana,14345710.0,60.0,0.0,9.12,0.0,,,,OFF PLAN - 3,Available,,239095.16666666666,True,False
9-3-2026 (1).xlsx,crysta,Phase-1-OCT,KR-PC6-14-13,Cabana,9571744.0,60.0,0.0,0.0,0.0,,,,OFF PLAN - 3,Available,,159529.06666666668,False,False
9-3-2026 (1).xlsx,crysta,Phase-1-OCT,KR-SC8-58-03,Cabana,20099547.0,100.0,0.0,16.33,0.0,,,,OFF PLAN - 3,Available,,200995.47,True,False
9-3-2026 (1).xlsx,crysta,Phase-1-OCT,KR-SC8-58-04,Cabana,20425048.0,100.0,0.0,17.22,0.0,,,,OFF PLAN - 3,Available,,204250.48,True,False
9-3-2026 (1).xlsx,grandvallyes,Phase-0,V1-GV-01-A,Grand View Villa,31972165.0,250.0,0.0,,51.0,,,,READY TO MOVE - 6,Available,,127888.66,False,True
9-3-2026 (1).xlsx,grandvallyes,Phase-0,V1-GV-01-B,Grand View Villa,31212051.0,250.0,0.0,,51.0,,,,READY TO MOVE - 6,Available,,124848.204,False,True
9-3-2026 (1).xlsx,grandvallyes,Phase-1,V1-GV-02-A,Grand View Villa,31212051.0,250.0,0.0,,51.0,,,,READY TO MOVE - 6,Available,,124848.204,False,True
9-3-2026 (1).xlsx,grandvallyes,Phase-1,V1-GV-02-B,Grand View Villa,31212051.0,250.0,0.0,,51.0,,,,READY TO MOVE - 6,Available,,124848.204,False,True
9-3-2026 (1).xlsx,grandvallyes,Phase-1,V1-GV-03-A,Grand View Villa,31212051.0,250.0,0.0,,51.0,,,,READY TO MOVE - 6,Available,,124848.204,False,True
9-3-2026 (1).xlsx,grandvallyes,Phase-1,V1-GV-03-B,Grand View Villa,31212051.0,250.0,0.0,,51.0,,,,READY TO MOVE - 6,Available,,124848.204,False,True
9-3-2026 (1).xlsx,grandvallyes,Phase-1,V1-GV-04-A,Grand View Villa,31212051.0,250.0,0.0,,51.0,,,,EARLY DELIVERY - 12,Available,,124848.204,False,True
9-3-2026 (1).xlsx,grandvallyes,Phase-1,V1-GV-04-B,Grand View Villa,31212051.0,250.0,0.0,,51.0,,,,EARLY DELIVERY - 12,Available,,124848.204,False,True
9-3-2026 (1).xlsx,grandvallyes,Phase-1,V1-GV-05-A,Grand View Villa,31212051.0,250.0,0.0,,51.0,,,,EARLY DELIVERY - 12,Available,,124848.204,False,True
9-3-2026 (1).xlsx,grandvallyes,Phase-1,V1-GV-05-B,Grand View Villa,31212051.0,250.0,0.0,,51.0,,,,EARLY DELIVERY - 12,Available,,124848.204,False,True
9-3-2026 (1).xlsx,grandvallyes,Phase-1,V1-GV-06-A,Grand View Villa,31212051.0,250.0,0.0,,51.0,,,,EARLY DELIVERY - 12,Available,,124848.204,False,True
9-3-2026 (1).xlsx,grandvallyes,Phase-1,V1-GV-06-B,Grand View Villa,28475639.0,250.0,0.0,,51.0,,,,EARLY DELIVERY - 12,Available,,113902.556,False,True
9-3-2026 (1).xlsx,grandvallyes,Phase-1,V1-GV-07-D,Grand View Villa,28627662.0,250.0,0.0,,51.0,,,,EARLY DELIVERY - 12,Available,,114510.648,False,True
9-3-2026 (1).xlsx,grandvallyes,Phase-1,V1-GV-08-A,Grand View Villa,29995868.0,250.0,0.0,,51.0,,,,EARLY DELIVERY - 12,Available,,119983.472,False,True
9-3-2026 (1).xlsx,grandvallyes,Phase-1,V1-GV-08-B,Grand View Villa,29995868.0,250.0,0.0,,51.0,,,,EARLY DELIVERY - 12,Available,,119983.472,False,True
9-3-2026 (1).xlsx,grandvallyes,Phase-1,V1-GV-08-D,Grand View Villa,25771887.0,250.0,0.0,,51.0,,,,EARLY DELIVERY - 12,Available,,103087.548,False,True
9-3-2026 (1).xlsx,grandvallyes,Phase-1,V1-GV-09-D,Grand View Villa,25771887.0,250.0,0.0,,51.0,,,,EARLY DELIVERY - 12,Available,,103087.548,False,True
9-3-2026 (1).xlsx,grandvallyes,Phase-1,V1-GV-10-C,Grand View Villa,25771887.0,250.0,0.0,,51.0,,,,EARLY DELIVERY - 12,Available,,103087.548,False,True
9-3-2026 (1).xlsx,grandvallyes,Phase-1,V1-GV-10-D,Grand View Villa,26428290.0,250.0,0.0,,51.0,,,,EARLY DELIVERY - 12,Available,,105713.16,False,True
9-3-2026 (1).xlsx,grandvallyes,Phase-1,V1-GV-11-A,Grand View Villa,29995868.0,250.0,0.0,,51.0,,,,EARLY DELIVERY - 12,Available,,119983.472,False,True
9-3-2026 (1).xlsx,grandvallyes,Phase-1,V1-GV-11-C,Grand View Villa,25771887.0,250.0,0.0,,51.0,,,,EARLY DELIVERY - 12,Available,,103087.548,False,True
9-3-2026 (1).xlsx,grandvallyes,Phase-1,V1-GV-11-D,Grand View Villa,25771887.0,250.0,0.0,,51.0,,,,EARLY DELIVERY - 12,Available,,103087.548,False,True
9-3-2026 (1).xlsx,grandvallyes,Phase-1,V1-GV-12-A,Grand View Villa,29995868.0,250.0,0.0,,51.0,,,,EARLY DELIVERY - 12,Available,,119983.472,False,True
9-3-2026 (1).xlsx,grandvallyes,Phase-1,V1-GV-12-B,Grand View Villa,29995868.0,250.0,0.0,,51.0,,,,EARLY DELIVERY - 12,Available,,119983.472,False,True
9-3-2026 (1).xlsx,grandvallyes,Phase-1,V1-GV-12-C,Grand View Villa,25771887.0,250.0,0.0,,51.0,,,,EARLY DELIVERY - 12,Available,,103087.548,False,True
9-3-2026 (1).xlsx,grandvallyes,Phase-1,V1-GV-12-D,Grand View Villa,25771887.0,250.0,0.0,,51.0,,,,EARLY DELIVERY - 12,Available,,103087.548,False,True
9-3-2026 (1).xlsx,grandvallyes,Phase-1,V1-GV-13-A,Grand View Villa,29995868.0,250.0,0.0,,51.0,,,,EARLY DELIVERY - 12,Available,,119983.472,False,True
9-3-2026 (1).xlsx,grandvallyes,Phase-1,V1-GV-13-B,Grand View Villa,32276211.0,250.0,0.0,,51.0,,,,EARLY DELIVERY - 12,Available,,129104.844,False,True
9-3-2026 (1).xlsx,grandvallyes,Phase-1,V1-GV-13-D,Grand View Villa,25771887.0,250.0,0.0,,51.0,,,,EARLY DELIVERY - 12,Available,,103087.548,False,True
9-3-2026 (1).xlsx,grandvallyes,Phase-1,V1-GV-18-B,Grand View Villa,30463098.0,250.0,0.0,,51.0,,,,OFF PLAN - 2,Available,,121852.392,False,True
9-3-2026 (1).xlsx,grandvallyes,Phase-1,V1-GV-18-C,Grand View Villa,26173322.0,250.0,0.0,,51.0,,,,OFF PLAN - 2,Available,,104693.288,False,True
9-3-2026 (1).xlsx,grandvallyes,Phase-1,V1-GV-19-A,Grand View Villa,30463098.0,250.0,0.0,,51.0,,,,OFF PLAN - 2,Available,,121852.392,False,True
9-3-2026 (1).xlsx,grandvallyes,Phase-1,V1-GV-19-B,Grand View Villa,30463098.0,250.0,0.0,,51.0,,,,OFF PLAN - 2,Available,,121852.392,False,True
9-3-2026 (1).xlsx,grandvallyes,Phase-1,V1-GV-19-C,Grand View Villa,26173322.0,250.0,0.0,,51.0,,,,OFF PLAN - 2,Available,,104693.288,False,True
9-3-2026 (1).xlsx,grandvallyes,Phase-1,V1-GV-19-D,Grand View Villa,26173322.0,250.0,0.0,,51.0,,,,OFF PLAN - 2,Available,,104693.288,False,True
9-3-2026 (1).xlsx,grandvallyes,Phase-1,V1-GV-20-A,Grand View Villa,30463098.0,250.0,0.0,,51.0,,,,OFF PLAN - 2,Available,,121852.392,False,True
9-3-2026 (1).xlsx,grandvallyes,Phase-1,V1-GV-20-D,Grand View Villa,26173322.0,250.0,0.0,,51.0,,,,OFF PLAN - 2,Available,,104693.288,False,True
9-3-2026 (1).xlsx,grandvallyes,Phase-1,V1-GV-21-A,Grand View Villa,30463098.0,250.0,0.0,,51.0,,,,OFF PLAN - 2,Available,,121852.392,False,True
9-3-2026 (1).xlsx,grandvallyes,Phase-1,V1-GV-21-D,Grand View Villa,26173322.0,250.0,0.0,,51.0,,,,OFF PLAN - 2,Available,,104693.288,False,True
9-3-2026 (1).xlsx,grandvallyes,Phase-1,V1-GV-22-A,Grand View Villa,31698225.0,250.0,0.0,,51.0,,,,OFF PLAN - 2,Available,,126792.9,False,True
9-3-2026 (1).xlsx,grandvallyes,Phase-1,V1-GV-22-B,Grand View Villa,32470179.0,250.0,0.0,,51.0,,,,OFF PLAN - 2,Available,,129880.716,False,True
9-3-2026 (1).xlsx,grandvallyes,Phase-1,V1-GV-22-C,Grand View Villa,37410687.0,250.0,0.0,,51.0,,,,OFF PLAN - 2,Available,,149642.748,False,True
9-3-2026 (1).xlsx,grandvallyes,Phase-1,V1-GV-22-D,Grand View Villa,36638733.0,250.0,0.0,,51.0,,,,OFF PLAN - 2,Available,,146554.932,False,True
9-3-2026 (1).xlsx,grandvallyes,Phase-1,V1-GV-23-A,Grand View Villa,31698225.0,250.0,0.0,,51.0,,,,OFF PLAN - 2,Available,,126792.9,False,True
9-3-2026 (1).xlsx,grandvallyes,Phase-1,V1-GV-23-B,Grand View Villa,31698225.0,250.0,0.0,,51.0,,,,OFF PLAN - 2,Available,,126792.9,False,True
9-3-2026 (1).xlsx,grandvallyes,Phase-1,V1-GV-23-D,Grand View Villa,36638733.0,250.0,0.0,,51.0,,,,OFF PLAN - 2,Available,,146554.932,False,True
9-3-2026 (1).xlsx,grandvallyes,Phase-1,V1-GV-24-A,Grand View Villa,32470179.0,250.0,0.0,,51.0,,,,OFF PLAN - 2,Available,,129880.716,False,True
9-3-2026 (1).xlsx,grandvallyes,Phase-1,V1-GV-24-B,Grand View Villa,31698225.0,250.0,0.0,,51.0,,,,OFF PLAN - 2,Available,,126792.9,False,True
9-3-2026 (1).xlsx,grandvallyes,Phase-1,V1-GV-24-D,Grand View Villa,37410687.0,250.0,0.0,,51.0,,,,OFF PLAN - 2,Available,,149642.748,False,True
9-3-2026 (1).xlsx,grandvallyes,Phase-1,V1-GV-25-A,Grand View Villa,30463098.0,250.0,0.0,,51.0,,,,OFF PLAN - 2,Available,,121852.392,False,True
9-3-2026 (1).xlsx,grandvallyes,Phase-1,V1-GV-25-D,Grand View Villa,37256297.0,250.0,0.0,,51.0,,,,OFF PLAN - 2,Available,,149025.188,False,True
9-3-2026 (1).xlsx,grandvallyes,Phase-1,V1-GV-37-A,Grand View Villa,32315788.0,250.0,0.0,,51.0,,,,OFF PLAN - 2,Available,,129263.152,False,True
9-3-2026 (1).xlsx,grandvallyes,Phase-1,V1-GV-37-B,Grand View Villa,32315788.0,250.0,0.0,,51.0,,,,OFF PLAN - 2,Available,,129263.152,False,True
9-3-2026 (1).xlsx,grandvallyes,Phase-1,V1-GV-37-C,Grand View Villa,36021170.0,250.0,0.0,,51.0,,,,OFF PLAN - 2,Available,,144084.68,False,True
9-3-2026 (1).xlsx,grandvallyes,Phase-1,V1-GV-37-D,Grand View Villa,36021170.0,250.0,0.0,,51.0,,,,OFF PLAN - 2,Available,,144084.68,False,True
9-3-2026 (1).xlsx,grandvallyes,Phase-1,V1-GV-38-A,Grand View Villa,32315788.0,250.0,0.0,,51.0,,,,OFF PLAN - 2,Available,,129263.152,False,True
9-3-2026 (1).xlsx,grandvallyes,Phase-1,V1-GV-53-A,Grand View Villa,31638612.0,250.0,0.0,,51.0,,,,EARLY DELIVERY - 12,Available,,126554.448,False,True
9-3-2026 (1).xlsx,grandvallyes,Phase-1,V1-GV-53-C,Grand View Villa,37340331.0,250.0,0.0,,51.0,,,,EARLY DELIVERY - 12,Available,,149361.324,False,True
9-3-2026 (1).xlsx,grandvallyes,Phase-1,V1-GV-54-A,Grand View Villa,31638612.0,250.0,0.0,,51.0,,,,EARLY DELIVERY - 12,Available,,126554.448,False,True
9-3-2026 (1).xlsx,grandvallyes,Phase-1,V1-GV-54-B,Grand View Villa,31638612.0,250.0,0.0,,51.0,,,,EARLY DELIVERY - 12,Available,,126554.448,False,True
9-3-2026 (1).xlsx,grandvallyes,Phase-1,V1-GV-55-B,Grand View Villa,31638612.0,250.0,0.0,,51.0,,,,EARLY DELIVERY - 12,Available,,126554.448,False,True
9-3-2026 (1).xlsx,grandvallyes,Phase-1,V1-GV-55-C,Grand View Villa,36569829.0,250.0,0.0,,51.0,,,,EARLY DELIVERY - 12,Available,,146279.316,False,True
9-3-2026 (1).xlsx,grandvallyes,Phase-1,V1-GV-56-A,Grand View Villa,30405808.0,250.0,0.0,,51.0,,,,EARLY DELIVERY - 12,Available,,121623.232,False,True
9-3-2026 (1).xlsx,grandvallyes,Phase-1,V1-GV-56-C,Grand View Villa,37956733.0,250.0,0.0,,51.0,,,,EARLY DELIVERY - 12,Available,,151826.932,False,True
9-3-2026 (1).xlsx,grandvallyes,Phase-1,V1-GV-56-D,Grand View Villa,37186231.0,250.0,0.0,,51.0,,,,EARLY DELIVERY - 12,Available,,148744.924,False,True
9-3-2026 (1).xlsx,grandvallyes,Phase-1,V1-GV-67-B,Grand View Villa,31972165.0,250.0,0.0,,51.0,,,,EARLY DELIVERY - 12,Available,,127888.66,False,True
9-3-2026 (1).xlsx,grandvallyes,Phase-1,V1-GV-67-C,Grand View Villa,36836898.0,250.0,0.0,,51.0,,,,EARLY DELIVERY - 12,Available,,147347.592,False,True
9-3-2026 (1).xlsx,grandvallyes,Phase-1,V1-GV-68-A,Grand View Villa,31212051.0,250.0,0.0,,51.0,,,,EARLY DELIVERY - 12,Available,,124848.204,False,True
9-3-2026 (1).xlsx,grandvallyes,Phase-1,V1-GV-68-B,Grand View Villa,31212051.0,250.0,0.0,,51.0,,,,EARLY DELIVERY - 12,Available,,124848.204,False,True
9-3-2026 (1).xlsx,grandvallyes,Phase-1,V1-GV-68-D,Grand View Villa,36076784.0,250.0,0.0,,51.0,,,,EARLY DELIVERY - 12,Available,,144307.136,False,True
9-3-2026 (1).xlsx,grandvallyes,Phase-1,V1-GV-69-A,Grand View Villa,28475639.0,250.0,0.0,,51.0,,,,EARLY DELIVERY - 12,Available,,113902.556,False,True
9-3-2026 (1).xlsx,grandvallyes,Phase-1,V1-GV-69-B,Grand View Villa,31212051.0,250.0,0.0,,51.0,,,,EARLY DELIVERY - 12,Available,,124848.204,False,True
9-3-2026 (1).xlsx,grandvallyes,Phase-1,V1-GV-69-C,Grand View Villa,36076784.0,250.0,0.0,,51.0,,,,EARLY DELIVERY - 12,Available,,144307.136,False,True
9-3-2026 (1).xlsx,grandvallyes,Phase-1,V1-GV-69-D,Grand View Villa,33340371.0,250.0,0.0,,51.0,,,,EARLY DELIVERY - 12,Available,,133361.484,False,True
9-3-2026 (1).xlsx,grandvallyes,Phase-1,V1-GV-70-B,Grand View Villa,27259456.0,250.0,0.0,,51.0,,,,EARLY DELIVERY - 12,Available,,109037.824,False,True
9-3-2026 (1).xlsx,grandvallyes,Phase-1,V1-GV-70-D,Grand View Villa,36684875.0,250.0,0.0,,51.0,,,,EARLY DELIVERY - 12,Available,,146739.5,False,True
9-3-2026 (1).xlsx,grandvallyes,Phase-1,V1-GV-71-A,Grand View Villa,29995868.0,250.0,0.0,,51.0,,,,EARLY DELIVERY - 12,Available,,119983.472,False,True
9-3-2026 (1).xlsx,grandvallyes,Phase-1,V1-GV-71-B,Grand View Villa,29995868.0,250.0,0.0,,51.0,,,,EARLY DELIVERY - 12,Available,,119983.472,False,True
9-3-2026 (1).xlsx,grandvallyes,Phase-1,V1-GV-71-C,Grand View Villa,36684875.0,250.0,0.0,,51.0,,,,EARLY DELIVERY - 12,Available,,146739.5,False,True
9-3-2026 (1).xlsx,grandvallyes,Phase-1,V1-GV-71-D,Grand View Villa,36684875.0,250.0,0.0,,51.0,,,,EARLY DELIVERY - 12,Available,,146739.5,False,True
9-3-2026 (1).xlsx,grandvallyes,Phase-1,V1-GV-72-A,Grand View Villa,29995868.0,250.0,0.0,,51.0,,,,EARLY DELIVERY - 12,Available,,119983.472,False,True
9-3-2026 (1).xlsx,grandvallyes,Phase-1,V1-GV-72-B,Grand View Villa,29995868.0,250.0,0.0,,51.0,,,,EARLY DELIVERY - 12,Available,,119983.472,False,True
9-3-2026 (1).xlsx,grandvallyes,Phase-1,V1-GV-72-C,Grand View Villa,36684875.0,250.0,0.0,,51.0,,,,EARLY DELIVERY - 12,Available,,146739.5,False,True
9-3-2026 (1).xlsx,grandvallyes,Phase-1,V1-GV-72-D,Grand View Villa,36684875.0,250.0,0.0,,51.0,,,,EARLY DELIVERY - 12,Available,,146739.5,False,True
9-3-2026 (1).xlsx,grandvallyes,Phase-1,V1-GV-73-A,Grand View Villa,29995868.0,250.0,0.0,,51.0,,,,READY TO MOVE - 6,Available,,119983.472,False,True
9-3-2026 (1).xlsx,grandvallyes,Phase-1,V1-GV-73-B,Grand View Villa,29995868.0,250.0,0.0,,51.0,,,,READY TO MOVE - 6,Available,,119983.472,False,True
9-3-2026 (1).xlsx,grandvallyes,Phase-1,V1-GV-74-A,Grand View Villa,29995868.0,250.0,0.0,,51.0,,,,READY TO MOVE - 6,Available,,119983.472,False,True
9-3-2026 (1).xlsx,grandvallyes,Phase-1,V1-GV-74-B,Grand View Villa,29995868.0,250.0,0.0,,51.0,,,,READY TO MOVE - 6,Available,,119983.472,False,True
9-3-2026 (1).xlsx,grandvallyes,Phase-1,V1-GV-74-C,Grand View Villa,36684875.0,250.0,0.0,,51.0,,,,READY TO MOVE - 6,Available,,146739.5,False,True
9-3-2026 (1).xlsx,grandvallyes,Phase-1,V1-GV-74-D,Grand View Villa,36684875.0,250.0,0.0,,51.0,,,,READY TO MOVE - 6,Available,,146739.5,False,True
9-3-2026 (1).xlsx,grandvallyes,Phase-0,V1-GV-75-B,Grand View Villa,29995868.0,250.0,0.0,,51.0,,,,READY TO MOVE - 6,Available,,119983.472,False,True
9-3-2026 (1).xlsx,grandvallyes,Phase-0,V1-GV-75-D,Grand View Villa,37444990.0,250.0,0.0,,51.0,,,,READY TO MOVE - 6,Available,,149779.96,False,True
9-3-2026 (1).xlsx,grandvallyes,Phase-0,V1-GV-76-A,Grand View Villa,32884303.0,250.0,0.0,,51.0,,,,READY TO MOVE - 6,Available,,131537.212,False,True
9-3-2026 (1).xlsx,grandvallyes,Phase-0,V1-GV-76-B,Grand View Villa,32124188.0,250.0,0.0,,51.0,,,,READY TO MOVE - 6,Available,,128496.752,False,True
9-3-2026 (1).xlsx,grandvallyes,Phase-0,V1-GV-77-A,Grand View Villa,32124188.0,250.0,0.0,,51.0,,,,READY TO MOVE - 6,Available,,128496.752,False,True
9-3-2026 (1).xlsx,grandvallyes,Phase-0,V1-GV-77-B,Grand View Villa,32884303.0,250.0,0.0,,51.0,,,,READY TO MOVE - 6,Available,,131537.212,False,True
9-3-2026 (1).xlsx,grandvallyes,Phase-0,V1-GV-78-B,Grand View Villa,33340371.0,250.0,0.0,,51.0,,,,READY TO MOVE - 6,Available,,133361.484,False,True
9-3-2026 (1).xlsx,grandvallyes,Phase-0,V1-GV-78-C,Grand View Villa,35468692.0,250.0,0.0,,51.0,,,,READY TO MOVE - 6,Available,,141874.768,False,True
9-3-2026 (1).xlsx,grandvallyes,Phase-1,V1-GV-79-B,Grand View Villa,33340371.0,250.0,0.0,,51.0,,,,READY TO MOVE - 6,Available,,133361.484,False,True
9-3-2026 (1).xlsx,grandvallyes,Phase-1,V1-GV-79-C,Grand View Villa,35468692.0,250.0,0.0,,51.0,,,,READY TO MOVE - 6,Available,,141874.768,False,True
9-3-2026 (1).xlsx,grandvallyes,Phase-1,V1-GV-80-A,Grand View Villa,31212051.0,250.0,0.0,,51.0,,,,READY TO MOVE - 6,Available,,124848.204,False,True
9-3-2026 (1).xlsx,grandvallyes,Phase-1,V1-GV-81-A,Grand View Villa,31212051.0,250.0,0.0,,51.0,,,,EARLY DELIVERY - 12,Available,,124848.204,False,True
9-3-2026 (1).xlsx,grandvallyes,Phase-1,V1-GV-81-B,Grand View Villa,31212051.0,250.0,0.0,,51.0,,,,EARLY DELIVERY - 12,Available,,124848.204,False,True
9-3-2026 (1).xlsx,grandvallyes,Phase-1,V1-GV-81-D,Grand View Villa,35468692.0,250.0,0.0,,51.0,,,,EARLY DELIVERY - 12,Available,,141874.768,False,True
9-3-2026 (1).xlsx,grandvallyes,Phase-1,V1-GV-82-A,Grand View Villa,31212051.0,250.0,0.0,,51.0,,,,EARLY DELIVERY - 12,Available,,124848.204,False,True
9-3-2026 (1).xlsx,grandvallyes,Phase-1,V1-GV-82-B,Grand View Villa,31212051.0,250.0,0.0,,51.0,,,,EARLY DELIVERY - 12,Available,,124848.204,False,True
9-3-2026 (1).xlsx,grandvallyes,Phase-1,V1-GV-83-A,Grand View Villa,31212051.0,250.0,0.0,,51.0,,,,EARLY DELIVERY - 12,Available,,124848.204,False,True
9-3-2026 (1).xlsx,grandvallyes,Phase-1,V1-GV-83-B,Grand View Villa,31972165.0,250.0,0.0,,51.0,,,,EARLY DELIVERY - 12,Available,,127888.66,False,True
9-3-2026 (1).xlsx,grandvallyes,Phase-0,V2-GV-01-A,Grand View Villa,31212051.0,250.0,0.0,,51.0,,,,READY TO MOVE - 6,Available,,124848.204,False,True
9-3-2026 (1).xlsx,grandvallyes,Phase-0,V2-GV-01-B,Grand View Villa,31972165.0,250.0,0.0,,51.0,,,,READY TO MOVE - 6,Available,,127888.66,False,True
9-3-2026 (1).xlsx,grandvallyes,Phase-0,V2-GV-30-A,Grand View Villa,33859697.0,250.0,0.0,,51.0,,,,READY TO MOVE - 6,Available,,135438.788,False,True
9-3-2026 (1).xlsx,grandvallyes,Phase-0,V2-GV-30-D,Grand View Villa,36638733.0,250.0,0.0,,51.0,,,,READY TO MOVE - 6,Available,,146554.932,False,True
9-3-2026 (1).xlsx,grandvallyes,Phase-0,V2-GV-31-A,Grand View Villa,34631652.0,250.0,0.0,,51.0,,,,READY TO MOVE - 6,Available,,138526.608,False,True
9-3-2026 (1).xlsx,grandvallyes,Phase-0,V2-GV-31-C,Grand View Villa,36638733.0,250.0,0.0,,51.0,,,,READY TO MOVE - 6,Available,,146554.932,False,True
9-3-2026 (1).xlsx,grandvallyes,Phase-0,V2-GV-31-D,Grand View Villa,37410687.0,250.0,0.0,,51.0,,,,READY TO MOVE - 6,Available,,149642.748,False,True
9-3-2026 (1).xlsx,grandvallyes,Phase-0,V2-GV-32-A,Grand View Villa,30463098.0,250.0,0.0,,51.0,,,,READY TO MOVE - 6,Available,,121852.392,False,True
9-3-2026 (1).xlsx,grandvallyes,Phase-0,V2-GV-32-B,Grand View Villa,31235052.0,250.0,0.0,,51.0,,,,READY TO MOVE - 6,Available,,124940.208,False,True
9-3-2026 (1).xlsx,grandvallyes,Phase-0,V2-GV-32-C,Grand View Villa,37719469.0,250.0,0.0,,51.0,,,,READY TO MOVE - 6,Available,,150877.876,False,True
9-3-2026 (1).xlsx,grandvallyes,Phase-0,V2-GV-44-A,Grand View Villa,32255014.0,250.0,0.0,,51.0,,,,READY TO MOVE - 6,Available,,129020.056,False,True
9-3-2026 (1).xlsx,grandvallyes,Phase-0,V2-GV-44-C,Grand View Villa,36415728.0,250.0,0.0,,51.0,,,,READY TO MOVE - 6,Available,,145662.912,False,True
9-3-2026 (1).xlsx,mv4,Phase1 AR,MV4-A-TH-001-1,Town House,26922121.0,210.0,242.2,,41.8,,,,READY TO MOVE - 6,Available,,128200.57619047619,False,True
9-3-2026 (1).xlsx,mv4,Phase1 AR,MV4-A-TH-002-2,Town House,25196246.0,210.0,185.82,,41.12,,,,READY TO MOVE - 6,Available,,119982.12380952381,False,True
9-3-2026 (1).xlsx,mv4,Phase1 AR,MV4-A-TH-002-3,Town House,25196246.0,210.0,185.82,,41.16,,,,READY TO MOVE - 6,Available,,119982.12380952381,False,True
9-3-2026 (1).xlsx,mv4,Phase1 AR,MV4-A-TH-002-4,Town House,25596246.0,210.0,185.82,,41.16,,,,READY TO MOVE - 6,Available,,121886.88571428572,False,True
9-3-2026 (1).xlsx,mv4,Phase1 AR,MV4-A-TH-002-5,Town House,25596246.0,210.0,185.82,,41.16,,,,READY TO MOVE - 6,Available,,121886.88571428572,False,True
9-3-2026 (1).xlsx,mv4,Phase1 AR,MV4-A-TH-008-4,Town House,25471246.0,210.0,185.82,,41.16,,,,EARLY DELIVERY - 12,Available,,121291.64761904762,False,True
9-3-2026 (1).xlsx,mv4,Phase1 AR,MV4-A-TH-008-5,Town House,25471246.0,210.0,185.82,,41.16,,,,EARLY DELIVERY - 12,Available,,121291.64761904762,False,True
9-3-2026 (1).xlsx,mv4,Phase1 AR,MV4-A-TH-135-2,Town House,22936636.0,210.0,194.75,,41.12,,,,READY TO MOVE - 6,Available,,109222.07619047619,False,True
9-3-2026 (1).xlsx,mv4,Phase1 AR,MV4-A-TH-135-5,Town House,22902014.0,210.0,193.09,,41.16,,,,READY TO MOVE - 6,Available,,109057.20952380952,False,True
9-3-2026 (1).xlsx,mv4,Phase1 AR,MV4-A-TH-135-6,Town House,24427166.0,210.0,282.23,,41.83,,,,READY TO MOVE - 6,Available,,116319.8380952381,False,True
9-3-2026 (1).xlsx,mv4,Phase1 AR,MV4-A-TH-136-1,Town House,24537495.0,210.0,287.52,,41.8,,,,READY TO MOVE - 6,Available,,116845.21428571429,False,True
9-3-2026 (1).xlsx,mv4,Phase1 AR,MV4-A-TH-136-2,Town House,23029029.0,210.0,199.18,,41.12,,,,READY TO MOVE - 6,Available,,109662.04285714286,False,True
9-3-2026 (1).xlsx,mv4,Phase1 AR,MV4-A-TH-136-3,Town House,23021521.0,210.0,198.82,,41.16,,,,READY TO MOVE - 6,Available,,109626.29047619048,False,True
9-3-2026 (1).xlsx,mv4,Phase1 AR,MV4-A-TH-136-4,Town House,23008173.0,210.0,198.18,,41.16,,,,READY TO MOVE - 6,Available,,109562.72857142857,False,True
9-3-2026 (1).xlsx,mv4,Phase1 AR,MV4-A-TH-136-5,Town House,22994616.0,210.0,197.53,,41.16,,,,READY TO MOVE - 6,Available,,109498.17142857143,False,True
9-3-2026 (1).xlsx,mv4,Phase1 AR,MV4-A-TH-136-6,Town House,24522062.0,210.0,286.78,,41.16,,,,READY TO MOVE - 6,Available,,116771.72380952381,False,True
9-3-2026 (1).xlsx,mv4,Phase1 AR,MV4-A-VA-005-0,Villa,40003001.0,275.0,306.35,,71.0,,,,READY TO MOVE - 6,Available,,145465.4581818182,False,True
9-3-2026 (1).xlsx,mv4,Phase1 AR,MV4-A-VA-006-0,Villa,39973334.0,275.0,312.58,,71.0,,,,READY TO MOVE - 6,Available,,145357.5781818182,False,True
9-3-2026 (1).xlsx,mv4,Phase1 AR,MV4-A-VA-132-0,Villa,44837168.0,275.0,390.59,,71.0,,,,EARLY DELIVERY - 12,Available,,163044.24727272728,False,True
9-3-2026 (1).xlsx,mv4,Phase1 AR,MV4-A-VB-128-0,Villa,36957668.0,245.0,341.76,,55.54,,,,READY TO MOVE - 6,Available,,150847.6244897959,False,True
9-3-2026 (1).xlsx,mv4,Phase1 AR,MV4-A-VB-129-0,Villa,36375622.0,245.0,318.36,,55.54,,,,READY TO MOVE - 6,Available,,148471.92653061225,False,True
9-3-2026 (1).xlsx,mv4,Phase1 AR,MV4-A-VB-131-0,Villa,36509002.0,245.0,293.57,,55.54,,,,READY TO MOVE - 6,Available,,149016.33469387755,False,True
9-3-2026 (1).xlsx,chillout,2026-08-25,CP-L1-02-TH6-A,Town House,24513191.0,210.0,245.0,161.0,40.0,,,,OFF PLAN - 3.5,Available,,116729.48095238095,True,True
9-3-2026 (1).xlsx,chillout,2026-08-25,CP-L1-02-TH6-D,Town House,22274553.0,210.0,173.0,89.0,40.0,,,,OFF PLAN - 3.5,Available,,106069.3,True,True
9-3-2026 (1).xlsx,chillout,2026-08-25,CP-L1-03-TH6-A,Town House,26045106.0,210.0,245.0,161.0,40.0,,,,OFF PLAN - 3.5,Available,,124024.31428571428,True,True
9-3-2026 (1).xlsx,chillout,2026-08-25,CP-L1-03-TH6-B,Town House,24214979.0,210.0,173.0,89.0,40.0,,,,OFF PLAN - 3.5,Available,,115309.42380952381,True,True
9-3-2026 (1).xlsx,chillout,2026-08-25,CP-L1-03-TH6-D,Town House,22274553.0,210.0,173.0,89.0,40.0,,,,OFF PLAN - 3.5,Available,,106069.3,True,True
9-3-2026 (1).xlsx,chillout,2026-08-25,CP-L1-03-TH6-E,Town House,22274553.0,210.0,173.0,89.0,40.0,,,,OFF PLAN - 3.5,Available,,106069.3,True,True
9-3-2026 (1).xlsx,chillout,2026-08-25,CP-L1-03-TH6-F,Town House,24345191.0,210.0,238.0,154.0,40.0,,,,OFF PLAN - 3.5,Available,,115929.48095238095,True,True
9-3-2026 (1).xlsx,chillout,2026-08-25,CP-L1-04-TH6-A,Town House,26309617.0,210.0,239.0,155.0,40.0,,,,OFF PLAN - 3.5,Available,,125283.89047619047,True,True
9-3-2026 (1).xlsx,chillout,2026-08-25,CP-L1-04-TH6-D,Town House,23397957.0,210.0,173.0,89.0,40.0,,,,OFF PLAN - 3.5,Available,,111418.84285714285,True,True
9-3-2026 (1).xlsx,chillout,2026-08-25,CP-L1-04-TH6-E,Town House,22580936.0,210.0,173.0,89.0,40.0,,,,OFF PLAN - 3.5,Available,,107528.26666666666,True,True
9-3-2026 (1).xlsx,chillout,2026-08-25,CP-L1-04-TH6-F,Town House,24675574.0,210.0,239.0,155.0,40.0,,,,OFF PLAN - 3.5,Available,,117502.73333333334,True,True
9-3-2026 (1).xlsx,chillout,2026-08-25,CP-L1-08-TH4-C,Town House,24004085.0,210.0,194.0,110.0,40.0,,,,OFF PLAN - 3.5,Available,,114305.16666666667,True,True
9-3-2026 (1).xlsx,chillout,2026-08-25,CP-L2-08-TG8-A02,Town House,20949447.0,210.0,128.0,63.0,0.0,,,,OFF PLAN - 3.5,Available,,99759.27142857143,True,False
9-3-2026 (1).xlsx,chillout,2026-08-25,CP-L2-08-TG8-A05,Town House,20949447.0,210.0,128.0,63.0,0.0,,,,OFF PLAN - 3.5,Available,,99759.27142857143,True,False
9-3-2026 (1).xlsx,chillout,2026-08-25,CP-L2-08-TG8-A06,Town House,20949447.0,210.0,128.0,63.0,0.0,,,,OFF PLAN - 3.5,Available,,99759.27142857143,True,False
9-3-2026 (1).xlsx,chillout,2026-08-25,CP-L2-08-TG8-A08,Town House,25204085.0,220.0,254.0,188.0,0.0,,,,OFF PLAN - 3.5,Available,,114564.02272727272,True,False
9-3-2026 (1).xlsx,chillout,2026-08-25,CP-L2-08-TG8-B01,Town House,21667915.0,220.0,179.0,112.0,0.0,,,,OFF PLAN - 3.5,Available,,98490.52272727272,True,False
9-3-2026 (1).xlsx,chillout,2026-08-25,CP-L2-08-TG8-B03,Town House,19213277.0,210.0,128.0,63.0,0.0,,,,OFF PLAN - 3.5,Available,,91491.79523809523,True,False
9-3-2026 (1).xlsx,chillout,2026-08-25,CP-L2-08-TG8-B04,Town House,19213277.0,210.0,128.0,63.0,0.0,,,,OFF PLAN - 3.5,Available,,91491.79523809523,True,False
9-3-2026 (1).xlsx,chillout,2026-08-25,CP-L2-08-TG8-B05,Town House,19213277.0,210.0,128.0,63.0,0.0,,,,OFF PLAN - 3.5,Available,,91491.79523809523,True,False
9-3-2026 (1).xlsx,chillout,2026-08-25,CP-L2-08-TG8-B06,Town House,19213277.0,210.0,128.0,63.0,0.0,,,,OFF PLAN - 3.5,Available,,91491.79523809523,True,False
9-3-2026 (1).xlsx,chillout,2026-08-25,CP-L2-08-TG8-B08,Town House,22941447.0,220.0,181.0,114.0,0.0,,,,OFF PLAN - 3.5,Available,,104279.30454545455,True,False
Availability 09-03-2026.xlsx,The Capitalway,,MB - 62,Duplex Roof,27136000.0,338.0,,,,,,Fully Finished with Ac's,,Available,,80284.02366863906,False,False
Availability 09-03-2026.xlsx,The Capitalway,,MB - 73,Typical,20967000.0,260.0,,,,,,Fully Finished with Ac's,,Available,,80642.30769230769,False,False
Availability 09-03-2026.xlsx,The Capitalway,,MC - 52,Typical,21202000.0,263.0,,,,,,Fully Finished with Ac's,,Available,,80615.96958174904,False,False
Availability 09-03-2026.xlsx,The Capitalway,,MC - 62,Typical,21202000.0,263.0,,,,,,Fully Finished with Ac's,,Available,,80615.96958174904,False,False
Availability 09-03-2026.xlsx,The Capitalway,,MC - 72,Typical,21202000.0,263.0,,,,,,Fully Finished with Ac's,,Available,,80615.96958174904,False,False
Availability 09-03-2026.xlsx,The Capitalway,,IC' - 41,Typical,8068000.0,90.0,,,,,,Fully Finished without Ac's,,Available,,89644.44444444444,False,False
Availability 09-03-2026.xlsx,The Capitalway,,PB - 13,Typical,20967000.0,260.0,,,,,,Fully Finished with Ac's,,Available,,80642.30769230769,False,False
Availability 09-03-2026.xlsx,The Capitalway,,PC - 12,Typical,21202000.0,263.0,,,,,,Fully Finished with Ac's,,Available,,80615.96958174904,False,False
Availability 09-03-2026.xlsx,The Capitalway,,PC - 72,Typical,21202000.0,263.0,,,,,,Fully Finished with Ac's,,Available,,80615.96958174904,False,False
Availability 09-03-2026.xlsx,The Capitalway,,AB - 13,Typical,17261000.0,260.0,,,,,,Fully Finished without Ac's,,Available,,66388.46153846153,False,False
Availability 09-03-2026.xlsx,The Capitalway,,AB - 23,Typical,17508000.0,260.0,,,,,,Fully Finished without Ac's,,Available,,67338.46153846153,False,False
Availability 09-03-2026.xlsx,The Capitalway,,AB - 73,Typical,17423000.0,260.0,,,,,,Fully Finished without Ac's,,Available,,67011.53846153847,False,False
Availability 09-03-2026.xlsx,The Capitalway,,BC - 02,Ground,23084000.0,263.0,,120.0,,,,Fully Finished with Ac's,,Available,,87771.86311787073,True,False
Availability 09-03-2026.xlsx,The Capitalway,,DB - 73,Typical,17091000.0,260.0,,,,,,Fully Finished without Ac's,,Available,,65734.61538461539,False,False
Availability 09-03-2026.xlsx,The Capitalway,,DC - 22,Typical,17334000.0,263.0,,,,,,Fully Finished without Ac's,,Available,,65908.74524714828,False,False
Availability 09-03-2026.xlsx,The Capitalway,,DC - 32,Typical,17572000.0,263.0,,,,,,Fully Finished without Ac's,,Available,,66813.68821292775,False,False
Availability 09-03-2026.xlsx,The Capitalway,,DC - 62,Typical,17334000.0,263.0,,,,,,Fully Finished without Ac's,,Available,,65908.74524714828,False,False
Availability 09-03-2026.xlsx,The Capitalway,,DC - 72,Typical,17243000.0,263.0,,,,,,Fully Finished without Ac's,,Available,,65562.73764258555,False,False
Availability 09-03-2026.xlsx,The Capitalway,,EA - 01,Ground,13442000.0,141.0,,60.0,,,,White Box,,Available,,95333.33333333333,True,False
Availability 09-03-2026.xlsx,The Capitalway,,EA - 02,Ground,13442000.0,141.0,,60.0,,,,White Box,,Available,,95333.33333333333,True,False
Availability 09-03-2026.xlsx,The Capitalway,,EA - 04,Ground,17337000.0,212.0,,80.0,,,,White Box,,Available,,81778.30188679245,True,False
Availability 09-03-2026.xlsx,The Capitalway,,EA - 05,Ground,17614000.0,216.0,,80.0,,,,White Box,,Available,,81546.29629629629,True,False
Availability 09-03-2026.xlsx,The Capitalway,,EA - 11,Typical,11683000.0,141.0,,,,,,White Box,,Available,,82858.1560283688,False,False
Availability 09-03-2026.xlsx,The Capitalway,,EA - 12,Typical,11683000.0,141.0,,,,,,White Box,,Available,,82858.1560283688,False,False
Availability 09-03-2026.xlsx,The Capitalway,,EA - 13,Typical,15597000.0,215.0,,,,,,White Box,,Available,,72544.18604651163,False,False
Availability 09-03-2026.xlsx,The Capitalway,,EA - 14,Typical,15082000.0,212.0,,,,,,White Box,,Available,,71141.50943396226,False,False
Availability 09-03-2026.xlsx,The Capitalway,,EA - 15,Typical,15360000.0,216.0,,,,,,White Box,,Available,,71111.11111111111,False,False
Availability 09-03-2026.xlsx,The Capitalway,,EA - 21,Typical,11851000.0,141.0,,,,,,White Box,,Available,,84049.64539007092,False,False
Availability 09-03-2026.xlsx,The Capitalway,,EA - 22,Typical,11851000.0,141.0,,,,,,White Box,,Available,,84049.64539007092,False,False
Availability 09-03-2026.xlsx,The Capitalway,,EA - 23,Typical,15828000.0,215.0,,,,,,White Box,,Available,,73618.6046511628,False,False
Availability 09-03-2026.xlsx,The Capitalway,,EA - 24,Typical,15318000.0,212.0,,,,,,White Box,,Available,,72254.71698113208,False,False
Availability 09-03-2026.xlsx,The Capitalway,,EA - 25,Typical,15594000.0,216.0,,,,,,White Box,,Available,,72194.44444444444,False,False
Availability 09-03-2026.xlsx,The Capitalway,,EA - 31,Typical,12021000.0,141.0,,,,,,White Box,,Available,,85255.31914893616,False,False
Availability 09-03-2026.xlsx,The Capitalway,,EA - 32,Typical,12021000.0,141.0,,,,,,White Box,,Available,,85255.31914893616,False,False
Availability 09-03-2026.xlsx,The Capitalway,,EA - 33,Typical,16057000.0,215.0,,,,,,White Box,,Available,,74683.72093023256,False,False
Availability 09-03-2026.xlsx,The Capitalway,,EA - 34,Typical,15543000.0,212.0,,,,,,White Box,,Available,,73316.03773584905,False,False
Availability 09-03-2026.xlsx,The Capitalway,,EA - 35,Typical,15825000.0,216.0,,,,,,White Box,,Available,,73263.88888888889,False,False
Availability 09-03-2026.xlsx,The Capitalway,,EA - 41,Typical,12021000.0,141.0,,,,,,White Box,,Available,,85255.31914893616,False,False
Availability 09-03-2026.xlsx,The Capitalway,,EA - 43,Typical,16057000.0,215.0,,,,,,White Box,,Available,,74683.72093023256,False,False
Availability 09-03-2026.xlsx,The Capitalway,,EA - 44,Typical,15543000.0,212.0,,,,,,White Box,,Available,,73316.03773584905,False,False
Availability 09-03-2026.xlsx,The Capitalway,,EA - 45,Typical,15825000.0,216.0,,,,,,White Box,,Available,,73263.88888888889,False,False
Availability 09-03-2026.xlsx,The Capitalway,,EA - 51,Typical,11915000.0,141.0,,,,,,White Box,,Available,,84503.54609929078,False,False
Availability 09-03-2026.xlsx,The Capitalway,,EA - 52,Typical,11915000.0,141.0,,,,,,White Box,,Available,,84503.54609929078,False,False
Availability 09-03-2026.xlsx,The Capitalway,,EA - 53,Typical,15908000.0,215.0,,,,,,White Box,,Available,,73990.69767441861,False,False
Availability 09-03-2026.xlsx,The Capitalway,,EA - 54,Typical,15385000.0,212.0,,,,,,White Box,,Available,,72570.75471698113,False,False
Availability 09-03-2026.xlsx,The Capitalway,,EA - 55,Typical,15671000.0,216.0,,,,,,White Box,,Available,,72550.92592592593,False,False
Availability 09-03-2026.xlsx,The Capitalway,,EA - 61,Typical,11851000.0,141.0,,,,,,White Box,,Available,,84049.64539007092,False,False
Availability 09-03-2026.xlsx,The Capitalway,,EA - 62,Typical,11851000.0,141.0,,,,,,White Box,,Available,,84049.64539007092,False,False
Availability 09-03-2026.xlsx,The Capitalway,,EA - 64,Typical,15318000.0,212.0,,,,,,White Box,,Available,,72254.71698113208,False,False
Availability 09-03-2026.xlsx,The Capitalway,,EA - 65,Typical,15594000.0,216.0,,,,,,White Box,,Available,,72194.44444444444,False,False
Availability 09-03-2026.xlsx,The Capitalway,,EA - 71,Typical,11787000.0,141.0,,,,,,White Box,,Available,,83595.74468085106,False,False
Availability 09-03-2026.xlsx,The Capitalway,,EA - 72,Typical,11787000.0,141.0,,,,,,White Box,,Available,,83595.74468085106,False,False
Availability 09-03-2026.xlsx,The Capitalway,,EA - 73,Typical,15753000.0,215.0,,,,,,White Box,,Available,,73269.76744186046,False,False
Availability 09-03-2026.xlsx,The Capitalway,,EA - 74,Typical,15236000.0,212.0,,,,,,White Box,,Available,,71867.92452830188,False,False
Availability 09-03-2026.xlsx,The Capitalway,,EA - 75,Typical,15516000.0,216.0,,,,,,White Box,,Available,,71833.33333333333,False,False
Availability 09-03-2026.xlsx,The Capitalway,,EB' - 01,Ground,15073000.0,163.0,,70.0,,,,White Box,,Available,,92472.3926380368,True,False
Availability 09-03-2026.xlsx,The Capitalway,,EB' - 02,Duplex Ground,28601000.0,338.0,,120.0,,,,White Box,,Available,,84618.34319526626,True,False
Availability 09-03-2026.xlsx,The Capitalway,,EB' - 03,Ground,14905000.0,175.0,,60.0,,,,White Box,,Available,,85171.42857142857,True,False
Availability 09-03-2026.xlsx,The Capitalway,,EB' - 11,Typical,13019000.0,163.0,,,,,,White Box,,Available,,79871.16564417178,False,False
Availability 09-03-2026.xlsx,The Capitalway,,EB' - 13,Typical,13200000.0,175.0,,,,,,White Box,,Available,,75428.57142857143,False,False
Availability 09-03-2026.xlsx,The Capitalway,,EB' - 21,Typical,13206000.0,163.0,,,,,,White Box,,Available,,81018.40490797546,False,False
Availability 09-03-2026.xlsx,The Capitalway,,EB' - 22,Typical,13167000.0,171.0,,,,,,White Box,,Available,,77000.0,False,False
Availability 09-03-2026.xlsx,The Capitalway,,EB' - 23,Typical,13399000.0,175.0,,,,,,White Box,,Available,,76565.71428571429,False,False
Availability 09-03-2026.xlsx,The Capitalway,,EB' - 31,Typical,13398000.0,163.0,,,,,,White Box,,Available,,82196.3190184049,False,False
Availability 09-03-2026.xlsx,The Capitalway,,EB' - 33,Typical,13594000.0,175.0,,,,,,White Box,,Available,,77680.0,False,False
Availability 09-03-2026.xlsx,The Capitalway,,EB' - 41,Typical,13398000.0,163.0,,,,,,White Box,,Available,,82196.3190184049,False,False
Availability 09-03-2026.xlsx,The Capitalway,,EB' - 43,Typical,13594000.0,175.0,,,,,,White Box,,Available,,77680.0,False,False
Availability 09-03-2026.xlsx,The Capitalway,,EB' - 51,Typical,13278000.0,163.0,,,,,,White Box,,Available,,81460.1226993865,False,False
Availability 09-03-2026.xlsx,The Capitalway,,EB' - 52,Typical,13227000.0,171.0,,,,,,White Box,,Available,,77350.87719298246,False,False
Availability 09-03-2026.xlsx,The Capitalway,,EB' - 61,Typical,13206000.0,163.0,,,,,,White Box,,Available,,81018.40490797546,False,False
Availability 09-03-2026.xlsx,The Capitalway,,EB' - 62,Duplex Roof,25737000.0,338.0,,,,,,White Box,,Available,,76144.97041420119,False,False
Availability 09-03-2026.xlsx,The Capitalway,,EB' - 63,Typical,13399000.0,175.0,,,,,,White Box,,Available,,76565.71428571429,False,False
Availability 09-03-2026.xlsx,The Capitalway,,EB' - 71,Typical,13140000.0,163.0,,,,,,White Box,,Available,,80613.49693251534,False,False
Availability 09-03-2026.xlsx,The Capitalway,,EB' - 73,Typical,13330000.0,175.0,,,,,,White Box,,Available,,76171.42857142857,False,False
Availability 09-03-2026.xlsx,The Capitalway,,EC' - 01,Ground,8878000.0,90.0,,40.0,,,,White Box,,Available,,98644.44444444444,True,False
Availability 09-03-2026.xlsx,The Capitalway,,EC' - 02,Ground,15359000.0,175.0,,80.0,,,,White Box,,Available,,87765.71428571429,True,False
Availability 09-03-2026.xlsx,The Capitalway,,EC' - 03,Ground,21686000.0,280.0,,120.0,,,,White Box,,Available,,77450.0,True,False
Availability 09-03-2026.xlsx,The Capitalway,,EC' - 11,Typical,7696000.0,90.0,,,,,,White Box,,Available,,85511.11111111111,False,False
Availability 09-03-2026.xlsx,The Capitalway,,EC' - 12,Typical,13135000.0,175.0,,,,,,White Box,,Available,,75057.14285714286,False,False
Availability 09-03-2026.xlsx,The Capitalway,,EC' - 13,Typical,18514000.0,280.0,,,,,,White Box,,Available,,66121.42857142857,False,False
Availability 09-03-2026.xlsx,The Capitalway,,EC' - 21,Typical,7807000.0,90.0,,,,,,White Box,,Available,,86744.44444444444,False,False
Availability 09-03-2026.xlsx,The Capitalway,,EC' - 23,Typical,18797000.0,280.0,,,,,,White Box,,Available,,67132.14285714286,False,False
Availability 09-03-2026.xlsx,The Capitalway,,EC' - 31,Typical,7928000.0,90.0,,,,,,White Box,,Available,,88088.88888888889,False,False
Availability 09-03-2026.xlsx,The Capitalway,,EC' - 32,Typical,13531000.0,175.0,,,,,,White Box,,Available,,77320.0,False,False
Availability 09-03-2026.xlsx,The Capitalway,,EC' - 41,Typical,7928000.0,90.0,,,,,,White Box,,Available,,88088.88888888889,False,False
Availability 09-03-2026.xlsx,The Capitalway,,EC' - 51,Typical,7850000.0,90.0,,,,,,White Box,,Available,,87222.22222222222,False,False
Availability 09-03-2026.xlsx,The Capitalway,,EC' - 52,Typical,13399000.0,175.0,,,,,,White Box,,Available,,76565.71428571429,False,False
Availability 09-03-2026.xlsx,The Capitalway,,EC' - 61,Typical,7807000.0,90.0,,,,,,White Box,,Available,,86744.44444444444,False,False
Availability 09-03-2026.xlsx,The Capitalway,,EC' - 62,Typical,13330000.0,175.0,,,,,,White Box,,Available,,76171.42857142857,False,False
Availability 09-03-2026.xlsx,The Capitalway,,EC' - 71,Typical,7774000.0,90.0,,,,,,White Box,,Available,,86377.77777777778,False,False
Availability 09-03-2026.xlsx,The Capitalway,,EC' - 72,Typical,13266000.0,175.0,,,,,,White Box,,Available,,75805.71428571429,False,False
Availability 09-03-2026.xlsx,The Capitalway,,EC' - 73,Typical,18695000.0,280.0,,,,,,White Box,,Available,,66767.85714285714,False,False
Availability 09-03-2026.xlsx,The Capitalway,,HC' - 22,Typical,13187000.0,175.0,,,,,,Fully Finished with Ac's,,Available,,75354.28571428571,False,False
Availability 09-03-2026.xlsx,The Capitalway,,EB' - 04,Ground,11181000.0,120.0,,60.0,,,,White Box,,Available,,93175.0,True,False
Availability 09-03-2026.xlsx,The Capitalway,,EB' - 14,Typical,9517000.0,120.0,,,,,,White Box,,Available,,79308.33333333333,False,False
Availability 09-03-2026.xlsx,The Capitalway,,EB' - 24,Typical,9665000.0,120.0,,,,,,White Box,,Available,,80541.66666666667,False,False
Availability 09-03-2026.xlsx,The Capitalway,,EB' - 34,Typical,9800000.0,120.0,,,,,,White Box,,Available,,81666.66666666667,False,False
Availability 09-03-2026.xlsx,The Capitalway,,EB' - 44,Typical,9800000.0,120.0,,,,,,White Box,,Available,,81666.66666666667,False,False
Availability 09-03-2026.xlsx,The Capitalway,,EB' - 54,Typical,9710000.0,120.0,,,,,,White Box,,Available,,80916.66666666667,False,False
Availability 09-03-2026.xlsx,The Capitalway,,EB' - 74,Typical,9610000.0,120.0,,,,,,White Box,,Available,,80083.33333333333,False,False
Availability 09-03-2026.xlsx,The Capitalway,,EC' - 01',Ground,8878000.0,90.0,,40.0,,,,White Box,,Available,,98644.44444444444,True,False
Availability 09-03-2026.xlsx,The Capitalway,,EC' - 11',Typical,7696000.0,90.0,,,,,,White Box,,Available,,85511.11111111111,False,False
Availability 09-03-2026.xlsx,The Capitalway,,EC' - 21',Typical,7807000.0,90.0,,,,,,White Box,,Available,,86744.44444444444,False,False
Availability 09-03-2026.xlsx,The Capitalway,,EC' - 31',Typical,7928000.0,90.0,,,,,,White Box,,Available,,88088.88888888889,False,False
Availability 09-03-2026.xlsx,The Capitalway,,EC' - 41',Typical,7928000.0,90.0,,,,,,White Box,,Available,,88088.88888888889,False,False
Availability 09-03-2026.xlsx,The Capitalway,,EC' - 61',Typical,7807000.0,90.0,,,,,,White Box,,Available,,86744.44444444444,False,False
Availability 09-03-2026.xlsx,The Capitalway,,EC' - 71',Typical,7774000.0,90.0,,,,,,White Box,,Available,,86377.77777777778,False,False
Availability 09-03-2026.xlsx,The Capitalway,,CA1 - 02,Office,18031000.0,110.0,,,,,,Core and Shell,,Available,,163918.18181818182,False,False
Availability 09-03-2026.xlsx,The Capitalway,,CA1 - 04,Office,18031000.0,110.0,,,,,,Core and Shell,,Available,,163918.18181818182,False,False
Availability 09-03-2026.xlsx,The Capitalway,,CA1 - 05,Office,18031000.0,110.0,,,,,,Core and Shell,,Available,,163918.18181818182,False,False
Availability 09-03-2026.xlsx,The Capitalway,,CA1 - 06,Office,15287000.0,95.0,,,,,,Core and Shell,,Available,,160915.7894736842,False,False
Availability 09-03-2026.xlsx,The Capitalway,,CA1 - 08,Office,15287000.0,95.0,,,,,,Core and Shell,,Available,,160915.7894736842,False,False
Availability 09-03-2026.xlsx,The Capitalway,,CA1 - 09,Office,18031000.0,110.0,,,,,,Core and Shell,,Available,,163918.18181818182,False,False
Availability 09-03-2026.xlsx,The Capitalway,,CA1 - 10,Office,18031000.0,110.0,,,,,,Core and Shell,,Available,,163918.18181818182,False,False
Availability 09-03-2026.xlsx,The Capitalway,,CA1 - 11,Office,15287000.0,95.0,,,,,,Core and Shell,,Available,,160915.7894736842,False,False
Availability 09-03-2026.xlsx,The Capitalway,,CA1 - 12,Office,18031000.0,110.0,,,,,,Core and Shell,,Available,,163918.18181818182,False,False
Availability 09-03-2026.xlsx,The Capitalway,,CA1 - 19,Office,9974000.0,60.0,,,,,,Core and Shell,,Available,,166233.33333333334,False,False
Availability 09-03-2026.xlsx,The Capitalway,,CA1 - 20,Office,9974000.0,60.0,,,,,,Core and Shell,,Available,,166233.33333333334,False,False
Availability 09-03-2026.xlsx,The Capitalway,,CB1 - 09,Office,18031000.0,110.0,,,,,,Core and Shell,,Available,,163918.18181818182,False,False
Availability 09-03-2026.xlsx,The Capitalway,,CB1 - 11,Office,18522000.0,110.0,,,,,,Core and Shell,,Available,,168381.81818181818,False,False
Availability 09-03-2026.xlsx,The Capitalway,,CB1 - 15,Office,8692000.0,55.0,,,,,,Core and Shell,,Available,,158036.36363636365,False,False
Availability 09-03-2026.xlsx,The Capitalway,,CA2 - 02,Office,17235000.0,105.0,,,,,,Core and Shell,,Available,,164142.85714285713,False,False
Availability 09-03-2026.xlsx,The Capitalway,,CA2 - 12,Office,17235000.0,105.0,,,,,,Core and Shell,,Available,,164142.85714285713,False,False
Availability 09-03-2026.xlsx,The Capitalway,,CA2 - 13,Office,24040000.0,145.0,,,,,,Core and Shell,,Available,,165793.10344827586,False,False
Availability 09-03-2026.xlsx,The Capitalway,,CA2 - 14,Office,9974000.0,60.0,,,,,,Core and Shell,,Available,,166233.33333333334,False,False
Availability 09-03-2026.xlsx,The Capitalway,,CB2 - 08,Office,17235000.0,105.0,,,,,,Core and Shell,,Available,,164142.85714285713,False,False
Availability 09-03-2026.xlsx,The Capitalway,,CB2 - 09,Office,17235000.0,105.0,,,,,,Core and Shell,,Available,,164142.85714285713,False,False
Availability 09-03-2026.xlsx,The Waterway Villas,,V - 34,Villa Stand Alone B,125000000.0,623.0,612.0,,,,,Core and Shell,,Available,,200642.05457463884,False,False
Availability 09-03-2026.xlsx,The Waterway Villas,,A - S1,Office,48052000.0,208.0,,,,,,Core and Shell,,Available,,231019.23076923078,False,False
Availability 09-03-2026.xlsx,The Waterway Villas,,B - S2,Office,65604000.0,284.0,,,,,,Core and Shell,,Available,,231000.0,False,False
Availability 09-03-2026.xlsx,The Waterway Villas,,B - S6,Office,65604000.0,284.0,,,,,,Core and Shell,,Available,,231000.0,False,False
Availability 09-03-2026.xlsx,The Waterway Villas,,A - S2,Office,47355000.0,205.0,,,,,,Core and Shell,,Available,,231000.0,False,False
Availability 09-03-2026.xlsx,The Waterway Villas,,A - S3,Office,47355000.0,205.0,,,,,,Core and Shell,,Available,,231000.0,False,False
Availability 09-03-2026.xlsx,WBR1,,W1 - F33,2 Bedroom,42625000.0,155.0,,,,,,Fully Finished with Appliances,,Available,,275000.0,False,False
Availability 09-03-2026.xlsx,WBR1,,W1 - S14,1 Bedroom,33000000.0,120.0,,,,,,Fully Finished with Appliances,,Available,,275000.0,False,False
Availability 09-03-2026.xlsx,WBR1,,W1 - F19,1 Bedroom,28875000.0,105.0,,,,,,Fully Finished with Appliances,,Available,,275000.0,False,False
Availability 09-03-2026.xlsx,WBR1,,W1 - T9,2 Bedroom,48125000.0,175.0,,,,,,Fully Finished with Appliances,,Available,,275000.0,False,False
Availability 09-03-2026.xlsx,WBR1,,W1 - T11,3 Bedroom,60500000.0,220.0,,,,,,Fully Finished with Appliances,,Available,,275000.0,False,False
Availability 09-03-2026.xlsx,The View,,1 - B06,Ground,43067000.0,254.0,,125.0,,,,Fully Finished without Ac's,,Available,,169555.11811023622,True,False
Availability 09-03-2026.xlsx,The View,,1 - B26,Typical,25175000.0,168.0,,,,,,Fully Finished without Ac's,,Available,,149851.19047619047,False,False
Availability 09-03-2026.xlsx,The View,,2 - B01,Ground,34493000.0,243.0,,7.0,,,,Fully Finished without Ac's,,Available,,141946.50205761316,True,False
Availability 09-03-2026.xlsx,The View,,3 - C11,Typical,23025000.0,158.0,,,,,,Fully Finished without Ac's,,Available,,145727.84810126582,False,False
Availability 09-03-2026.xlsx,The View,,4 - B04,Ground,32684000.0,232.0,,56.0,,,,Fully Finished without Ac's,,Available,,140879.3103448276,True,False
Availability 09-03-2026.xlsx,The View,,5 - B02,Ground,37753000.0,253.0,,92.0,,,,Fully Finished without Ac's,,Available,,149221.3438735178,True,False
Availability 09-03-2026.xlsx,The View,,5 - B04,Ground,33869000.0,228.0,,44.0,,,,Fully Finished without Ac's,,Available,,148548.24561403508,True,False
Availability 09-03-2026.xlsx,The View,,5 - B08,Duplex,61485000.0,422.0,,50.0,,,,Fully Finished without Ac's,,Available,,145699.0521327014,True,False
Availability 09-03-2026.xlsx,The View,,7 - B01,Ground,34105000.0,223.0,,23.0,,,,Fully Finished without Ac's,,Available,,152937.2197309417,True,False
Availability 09-03-2026.xlsx,The View,,7 - B05,Ground,36470000.0,224.0,,22.0,,,,Fully Finished without Ac's,,Available,,162812.5,True,False
Availability 09-03-2026.xlsx,The View,,7 - B08,Duplex,62755000.0,422.0,,20.0,,,,Fully Finished without Ac's,,Available,,148708.53080568722,True,False
Availability 09-03-2026.xlsx,The View,,7 - C07,Ground,25555000.0,142.0,,65.0,,,,Fully Finished without Ac's,,Available,,179964.78873239437,True,False
Availability 09-03-2026.xlsx,The View,,7 - C08,Ground,28284000.0,161.0,,54.0,,,,Fully Finished without Ac's,,Available,,175677.01863354037,True,False
Availability 09-03-2026.xlsx,The View,,7 - A11,Typical,24792000.0,156.0,,,,,,Fully Finished without Ac's,,Available,,158923.07692307694,False,False
Availability 09-03-2026.xlsx,The View,,7 - B15,Typical,34512000.0,220.0,,,,,,Fully Finished without Ac's,,Available,,156872.72727272726,False,False
Availability 09-03-2026.xlsx,The View,,7 - B16,Typical,25698000.0,170.0,,,,,,Fully Finished without Ac's,,Available,,151164.70588235295,False,False
Availability 09-03-2026.xlsx,The View,,7 - C11,Typical,23282000.0,156.0,,,,,,Fully Finished without Ac's,,Available,,149243.58974358975,False,False
Availability 09-03-2026.xlsx,The View,,7 - A21,Typical,24796000.0,156.0,,,,,,Fully Finished without Ac's,,Available,,158948.71794871794,False,False
Availability 09-03-2026.xlsx,The View,,7 - B21,Typical,32388000.0,220.0,,,,,,Fully Finished without Ac's,,Available,,147218.18181818182,False,False
Availability 09-03-2026.xlsx,The View,,7 - B22,Typical,26859000.0,167.0,,,,,,Fully Finished without Ac's,,Available,,160832.33532934132,False,False
Availability 09-03-2026.xlsx,The View,,7 - B24,Typical,29570000.0,188.0,,,,,,Fully Finished without Ac's,,Available,,157287.2340425532,False,False
Availability 09-03-2026.xlsx,The View,,7 - B25,Typical,34520000.0,220.0,,,,,,Fully Finished without Ac's,,Available,,156909.0909090909,False,False
Availability 09-03-2026.xlsx,The View,,7 - B26,Typical,25260000.0,167.0,,,,,,Fully Finished without Ac's,,Available,,151257.48502994012,False,False
Availability 09-03-2026.xlsx,The View,,7 - A31,Typical,25246000.0,160.0,,,,,,Fully Finished without Ac's,,Available,,157787.5,False,False
Availability 09-03-2026.xlsx,The View,,7 - B31,Typical,32155000.0,220.0,,,,,,Fully Finished without Ac's,,Available,,146159.0909090909,False,False
Availability 09-03-2026.xlsx,The View,,7 - B32,Typical,27158000.0,170.0,,,,,,Fully Finished without Ac's,,Available,,159752.9411764706,False,False
Availability 09-03-2026.xlsx,The View,,7 - B33,Typical,27681000.0,177.0,,,,,,Fully Finished without Ac's,,Available,,156389.83050847458,False,False
Availability 09-03-2026.xlsx,The View,,7 - B34,Typical,29370000.0,188.0,,,,,,Fully Finished without Ac's,,Available,,156223.40425531915,False,False
Availability 09-03-2026.xlsx,The View,,7 - B36,Typical,25520000.0,170.0,,,,,,Fully Finished without Ac's,,Available,,150117.64705882352,False,False
Availability 09-03-2026.xlsx,The View,,7 - C31,Typical,23698000.0,160.0,,,,,,Fully Finished without Ac's,,Available,,148112.5,False,False
Availability 09-03-2026.xlsx,The View,,7 - A41,Typical,25072000.0,160.0,,,,,,Fully Finished without Ac's,,Available,,156700.0,False,False
Availability 09-03-2026.xlsx,The View,,7 - A42,Typical,30850000.0,199.0,,,,,,Fully Finished without Ac's,,Available,,155025.1256281407,False,False
Availability 09-03-2026.xlsx,The View,,7 - B41,Typical,31921000.0,220.0,,,,,,Fully Finished without Ac's,,Available,,145095.45454545456,False,False
Availability 09-03-2026.xlsx,The View,,7 - B42,Typical,26512000.0,167.0,,,,,,Fully Finished without Ac's,,Available,,158754.49101796406,False,False
Availability 09-03-2026.xlsx,The View,,7 - B43,Typical,27795000.0,179.0,,,,,,Fully Finished without Ac's,,Available,,155279.32960893854,False,False
Availability 09-03-2026.xlsx,The View,,7 - B44,Typical,29319000.0,189.0,,,,,,Fully Finished without Ac's,,Available,,155126.9841269841,False,False
Availability 09-03-2026.xlsx,The View,,7 - B45,Typical,34044000.0,220.0,,,,,,Fully Finished without Ac's,,Available,,154745.45454545456,False,False
Availability 09-03-2026.xlsx,The View,,7 - B46,Typical,25037000.0,168.0,,,,,,Fully Finished without Ac's,,Available,,149029.7619047619,False,False
Availability 09-03-2026.xlsx,The View,,7 - A52,Typical,29874000.0,194.0,,,,,,Fully Finished without Ac's,,Available,,153989.69072164947,False,False
Availability 09-03-2026.xlsx,The View,,7 - B51,Typical,39190000.0,273.0,,,,,,Fully Finished without Ac's,,Available,,143553.11355311357,False,False
Availability 09-03-2026.xlsx,The View,,7 - B54,Typical,28966000.0,188.0,,,,,,Fully Finished without Ac's,,Available,,154074.46808510637,False,False
Availability 09-03-2026.xlsx,The View,,7 - B55,Typical,41833000.0,273.0,,,,,,Fully Finished without Ac's,,Available,,153234.43223443223,False,False
Availability 09-03-2026.xlsx,The View,,7 - B56,Typical,37452000.0,239.0,,,,,,Fully Finished without Ac's,,Available,,156702.92887029288,False,False
Availability 09-03-2026.xlsx,The View,,8 - C04,Ground,31779000.0,216.0,,60.0,,,,Fully Finished without Ac's,,Available,,147125.0,True,False
Availability 09-03-2026.xlsx,The View,,8 - A21,Typical,23884000.0,157.0,,,,,,Fully Finished without Ac's,,Available,,152127.38853503185,False,False
Availability 09-03-2026.xlsx,The View,,8 - B32,Typical,26002000.0,170.0,,,,,,Fully Finished without Ac's,,Available,,152952.9411764706,False,False
Availability 09-03-2026.xlsx,The View,,5 - A05,Ground,30378000.0,201.0,,78.0,,,,Fully Finished without Ac's,,Available,,151134.32835820896,True,False
Availability 09-03-2026.xlsx,The View,,4 - A22,Typical,26211000.0,201.0,,,,,,Fully Finished without Ac's,,Available,,130402.98507462686,False,False
Availability 09-03-2026.xlsx,The View,,8 - A37,Typical,25718000.0,198.0,,,,,,Fully Finished without Ac's,,Available,,129888.88888888889,False,False
Availability 09-03-2026.xlsx,The View,,7 - B04,Duplex,66623000.0,422.0,,37.0,,,,Fully Finished without Ac's,,Available,,157874.40758293838,True,False
Availability 09-03-2026.xlsx,The View,,7 - B35,Typical,34283000.0,220.0,,,,,,Fully Finished without Ac's,,Available,,155831.81818181818,False,False
Availability 09-03-2026.xlsx,The View,,7 - B52,Typical,38869000.0,232.0,,,,,,Fully Finished without Ac's,,Available,,167538.7931034483,False,False
Availability 09-03-2026.xlsx,The View,,1 - B4'5,Typical,29152000.0,224.0,,,,,,Fully Finished without Ac's,,Available,,130142.85714285714,False,False
Availability 09-03-2026.xlsx,The View,,1 - B4'6,Typical,25099000.0,170.0,,,,,,Fully Finished without Ac's,,Available,,147641.17647058822,False,False
Availability 09-03-2026.xlsx,The View,,1 - A4'1,Typical,21600000.0,160.0,,,,,,Fully Finished without Ac's,,Available,,135000.0,False,False
Availability 09-03-2026.xlsx,The View,,1 - B4'1,Typical,31767000.0,221.0,,,,,,Fully Finished without Ac's,,Available,,143742.0814479638,False,False
Availability 09-03-2026.xlsx,The View,,1 - B4'2,Typical,22245000.0,170.0,,,,,,Fully Finished without Ac's,,Available,,130852.94117647059,False,False
Availability 09-03-2026.xlsx,The View,,6 - A4'1,Typical,23350000.0,160.0,,,,,,Fully Finished without Ac's,,Available,,145937.5,False,False
Availability 09-03-2026.xlsx,The View,,6 - A4'2,Typical,28710000.0,199.0,,,,,,Fully Finished without Ac's,,Available,,144271.3567839196,False,False
Availability 09-03-2026.xlsx,The View,,6 - A4'4,Typical,28085000.0,205.0,,,,,,Fully Finished without Ac's,,Available,,137000.0,False,False
Availability 09-03-2026.xlsx,The View,,6 - A4'5,Typical,26082000.0,200.0,,,,,,Fully Finished without Ac's,,Available,,130410.0,False,False
Availability 09-03-2026.xlsx,The View,,6 - A4'7,Typical,28024000.0,200.0,,,,,,Fully Finished without Ac's,,Available,,140120.0,False,False
Availability 09-03-2026.xlsx,The View,,6 - B4'2,Typical,23550000.0,165.0,,,,,,Fully Finished without Ac's,,Available,,142727.27272727274,False,False
Availability 09-03-2026.xlsx,The View,,6 - B4'3,Typical,24953000.0,179.0,,,,,,Fully Finished without Ac's,,Available,,139402.23463687152,False,False
Availability 09-03-2026.xlsx,The View,,6 - B4'4,Typical,25915000.0,186.0,,,,,,Fully Finished without Ac's,,Available,,139327.95698924732,False,False
Availability 09-03-2026.xlsx,The View,,6 - B4'8,Typical,27923000.0,188.0,,,,,,Fully Finished without Ac's,,Available,,148526.59574468085,False,False
Availability 09-03-2026.xlsx,The View,,6 - C4'1,Typical,22850000.0,160.0,,,,,,Fully Finished without Ac's,,Available,,142812.5,False,False
Availability 09-03-2026.xlsx,The View,,6 - C4'2,Typical,28095000.0,199.0,,,,,,Fully Finished without Ac's,,Available,,141180.90452261307,False,False
Availability 09-03-2026.xlsx,The View,,8 - A4'1,Typical,24002000.0,160.0,,,,,,Fully Finished without Ac's,,Available,,150012.5,False,False
Availability 09-03-2026.xlsx,The View,,8 - B4'2,Typical,25377000.0,167.0,,,,,,Fully Finished without Ac's,,Available,,151958.08383233534,False,False
Availability 09-03-2026.xlsx,The View,,8 - B4'6,Typical,21990000.0,168.0,,,,,,Fully Finished without Ac's,,Available,,130892.85714285714,False,False
Availability 09-03-2026.xlsx,The View,,8 - C4'1,Typical,21215000.0,160.0,,,,,,Fully Finished without Ac's,,Available,,132593.75,False,False
Availability 09-03-2026.xlsx,The View,,1 - C4'7,Typical,26756000.0,196.0,,,,,,Fully Finished without Ac's,,Available,,136510.20408163266,False,False
Availability 09-03-2026.xlsx,The View,,1 - A4'7,Typical,25827000.0,198.0,,,,,,Fully Finished without Ac's,,Available,,130439.39393939394,False,False
Availability 09-03-2026.xlsx,The View,,1 - A4'4,Typical,26724000.0,205.0,,,,,,Fully Finished without Ac's,,Available,,130360.9756097561,False,False
Availability 09-03-2026.xlsx,The View,,1 - A4'5,Typical,26213000.0,201.0,,,,,,Fully Finished without Ac's,,Available,,130412.93532338309,False,False
Availability 09-03-2026.xlsx,The View,,6 - A4'6,Typical,25923000.0,198.0,,,,,,Fully Finished without Ac's,,Available,,130924.24242424243,False,False
Availability 09-03-2026.xlsx,The View,,6 - B4'5,Typical,29870000.0,215.0,,,,,,Fully Finished without Ac's,,Available,,138930.23255813954,False,False
Availability 09-03-2026.xlsx,The View,,6 - C4'4,Typical,27962000.0,201.0,,,,,,Fully Finished without Ac's,,Available,,139114.4278606965,False,False
Availability 09-03-2026.xlsx,The View,,6 - C4'5,Typical,26213000.0,201.0,,,,,,Fully Finished without Ac's,,Available,,130412.93532338309,False,False
Availability 09-03-2026.xlsx,The View,,6 - C4'6,Typical,26939000.0,195.0,,,,,,Fully Finished without Ac's,,Available,,138148.71794871794,False,False
Availability 09-03-2026.xlsx,The View,,6 - C4'7,Typical,28079000.0,196.0,,,,,,Fully Finished without Ac's,,Available,,143260.20408163266,False,False
Availability 09-03-2026.xlsx,The View,,8 - A4'5,Typical,26722000.0,201.0,,,,,,Fully Finished without Ac's,,Available,,132945.2736318408,False,False
Availability 09-03-2026.xlsx,The View,,8 - A4'6,Typical,26331000.0,198.0,,,,,,Fully Finished without Ac's,,Available,,132984.84848484848,False,False
Availability 09-03-2026.xlsx,The View,,8 - A4'7,Typical,25571000.0,196.0,,,,,,Fully Finished without Ac's,,Available,,130464.28571428571,False,False
Availability 09-03-2026.xlsx,The View,,8 - B4'3,Typical,26315000.0,177.0,,,,,,Fully Finished without Ac's,,Available,,148672.3163841808,False,False
Availability 09-03-2026.xlsx,The View,,8 - B4'5,Typical,31857000.0,215.0,,,,,,Fully Finished without Ac's,,Available,,148172.09302325582,False,False
Availability 09-03-2026.xlsx,The View,,8 - B4'7,Typical,23142000.0,177.0,,,,,,Fully Finished without Ac's,,Available,,130745.7627118644,False,False
Availability 09-03-2026.xlsx,The View,,8 - B4'8,Typical,24803000.0,190.0,,,,,,Fully Finished without Ac's,,Available,,130542.1052631579,False,False
Availability 09-03-2026.xlsx,The View,,8 - C4'5,Typical,28167000.0,201.0,,,,,,Fully Finished without Ac's,,Available,,140134.32835820896,False,False
Availability 09-03-2026.xlsx,The View,,8 - C4'6,Typical,27740000.0,195.0,,,,,,Fully Finished without Ac's,,Available,,142256.41025641025,False,False
Availability 09-03-2026.xlsx,The View,,8 - C4'7,Typical,28888000.0,196.0,,,,,,Fully Finished without Ac's,,Available,,147387.75510204083,False,False
Availability 09-03-2026.xlsx,The View,,8 - B4'1,Typical,28103000.0,215.0,,,,,,Fully Finished without Ac's,,Available,,130711.62790697675,False,False
Availability 09-03-2026.xlsx,The View,,K - UG1,Office,62592000.0,215.0,,,,,,Core and Shell,,Available,,291125.5813953488,False,False
Availability 09-03-2026.xlsx,The View,,K - UG2,Office,74529000.0,262.0,,,,,,Core and Shell,,Available,,284461.8320610687,False,False
Availability 09-03-2026.xlsx,The Waterway New Cairo,The Waterway New Cairo,17 - 4,Ground,35730000.0,232.0,,56.0,,,,Fully Furnished,,Available,,154008.62068965516,True,False
Availability 09-03-2026.xlsx,The Waterway New Cairo,The Waterway New Cairo,20 - 3,Ground,35263000.0,251.0,,,,,,Fully Furnished,,Available,,140490.03984063744,False,False
Availability 09-03-2026.xlsx,The Waterway New Cairo,The Waterway New Cairo,20 - 4,Ground,35758000.0,231.0,,59.0,,,,Fully Furnished,,Available,,154796.5367965368,True,False
Availability 09-03-2026.xlsx,The Waterway New Cairo,The Waterway New Cairo,20 - 11,Typical,22550000.0,164.0,,,,,,Fully Furnished,,Available,,137500.0,False,False
Availability 09-03-2026.xlsx,The Waterway New Cairo,The Waterway New Cairo,20 - 12,Typical,34988000.0,249.0,,,,,,Fully Furnished,,Available,,140514.0562248996,False,False
Availability 09-03-2026.xlsx,The Waterway New Cairo,The Waterway New Cairo,20 - 13,Typical,33200000.0,236.0,,,,,,Fully Furnished,,Available,,140677.9661016949,False,False
Availability 09-03-2026.xlsx,The Waterway New Cairo,The Waterway New Cairo,20 - 14,Typical,24400000.0,172.0,,,,,,Fully Furnished,,Available,,141860.46511627908,False,False
Availability 09-03-2026.xlsx,The Waterway New Cairo,The Waterway New Cairo,20 - 15,Typical,24813000.0,175.0,,,,,,Fully Furnished,,Available,,141788.57142857142,False,False
Availability 09-03-2026.xlsx,The Waterway New Cairo,The Waterway New Cairo,20 - 21,Typical,22825000.0,166.0,,,,,,Fully Furnished,,Available,,137500.0,False,False
Availability 09-03-2026.xlsx,The Waterway New Cairo,The Waterway New Cairo,20 - 22,Typical,33750000.0,240.0,,,,,,Fully Furnished,,Available,,140625.0,False,False
Availability 09-03-2026.xlsx,The Waterway New Cairo,The Waterway New Cairo,20 - 23,Typical,35813000.0,255.0,,,,,,Fully Furnished,,Available,,140443.13725490196,False,False
Availability 09-03-2026.xlsx,The Waterway New Cairo,The Waterway New Cairo,20 - 24,Typical,23375000.0,170.0,,,,,,Fully Furnished,,Available,,137500.0,False,False
Availability 09-03-2026.xlsx,The Waterway New Cairo,The Waterway New Cairo,20 - 25,Typical,24263000.0,171.0,,,,,,Fully Furnished,,Available,,141888.88888888888,False,False
Availability 09-03-2026.xlsx,The Waterway New Cairo,The Waterway New Cairo,20 - 31,Typical,22413000.0,163.0,,,,,,Fully Furnished,,Available,,137503.06748466258,False,False
Availability 09-03-2026.xlsx,The Waterway New Cairo,The Waterway New Cairo,20 - 32,Typical,35400000.0,252.0,,,,,,Fully Furnished,,Available,,140476.19047619047,False,False
Availability 09-03-2026.xlsx,The Waterway New Cairo,The Waterway New Cairo,20 - 33,Typical,35950000.0,256.0,,,,,,Fully Furnished,,Available,,140429.6875,False,False
Availability 09-03-2026.xlsx,The Waterway New Cairo,The Waterway New Cairo,20 - 34,Typical,23375000.0,170.0,,,,,,Fully Furnished,,Available,,137500.0,False,False
Availability 09-03-2026.xlsx,The Waterway New Cairo,The Waterway New Cairo,20 - 35,Typical,24263000.0,171.0,,,,,,Fully Furnished,,Available,,141888.88888888888,False,False
Availability 09-03-2026.xlsx,W Signature,1,S4H - 02,Ground,19031000.0,176.0,,,,,,Core and Shell,,Available,,108130.68181818182,False,False
Availability 09-03-2026.xlsx,W Signature,1,S4H - 12,Typical,19337000.0,176.0,,,,,,Core and Shell,,Available,,109869.31818181818,False,False
Availability 09-03-2026.xlsx,W Signature,1,S8B' - 01,Ground,19332000.0,164.0,,,,,,Core and Shell,,Available,,117878.0487804878,False,False
Availability 09-03-2026.xlsx,W Signature,1,S14C - 21,Typical,53135000.0,478.0,,,,,,Core and Shell,,Available,,111161.08786610879,False,False
Availability 09-03-2026.xlsx,W Signature,1,S14C - 31,Typical,52306000.0,478.0,,,,,,Core and Shell,,Available,,109426.77824267783,False,False
Availability 09-03-2026.xlsx,W Signature,1,S16C' - 21,Typical,56872000.0,478.0,,,,,,Core and Shell,,Available,,118979.07949790795,False,False
Availability 09-03-2026.xlsx,W Signature,1,S16C' - 31,Typical,56041000.0,478.0,,,,,,Core and Shell,,Available,,117240.58577405858,False,False
Availability 09-03-2026.xlsx,W Signature,1,S20F' - 11,Typical,18232000.0,164.0,,,,,,Core and Shell,,Available,,111170.73170731707,False,False
Availability 09-03-2026.xlsx,W Signature,1,S20F' - 12,Typical,19896000.0,166.0,,,,,,Core and Shell,,Available,,119855.421686747,False,False
Availability 09-03-2026.xlsx,W Signature,1,S20F' - 22,Typical,20039000.0,166.0,,,,,,Core and Shell,,Available,,120716.86746987952,False,False
Availability 09-03-2026.xlsx,W Signature,1,S20F' - 31,Typical,18090000.0,164.0,,,,,,Core and Shell,,Available,,110304.87804878049,False,False
Availability 09-03-2026.xlsx,W Signature,1,S20F' - 32,Typical,19751000.0,166.0,,,,,,Core and Shell,,Available,,118981.92771084337,False,False
Availability 09-03-2026.xlsx,W Signature,1,S22I - 31,Typical,18861000.0,171.0,,,,,,Core and Shell,,Available,,110298.24561403508,False,False
Availability 09-03-2026.xlsx,W Signature,1,S28E' - 11,Typical,24463000.0,229.0,,,,,,Core and Shell,,Available,,106825.32751091704,False,False
Availability 09-03-2026.xlsx,W Signature,1,S28E' - 21,Typical,24662000.0,229.0,,,,,,Core and Shell,,Available,,107694.3231441048,False,False
Availability 09-03-2026.xlsx,W Signature,1,S28E' - 31,Typical,24264000.0,229.0,,,,,,Core and Shell,,Available,,105956.33187772926,False,False
Availability 09-03-2026.xlsx,W Signature,1,S29E - 32,Typical,24264000.0,229.0,,,,,,Core and Shell,,Available,,105956.33187772926,False,False
Availability 09-03-2026.xlsx,W Signature,1,S33I' - 01,Ground,24463000.0,229.0,,,,,,Core and Shell,,Available,,106825.32751091704,False,False
Availability 09-03-2026.xlsx,W Signature,1,S60I - 11,Typical,17674000.0,171.0,,,,,,Core and Shell,,Available,,103356.72514619883,False,False
Availability 09-03-2026.xlsx,W Signature,1,S60I - 12,Typical,25741000.0,247.0,,,,,,Core and Shell,,Available,,104214.57489878543,False,False
Availability 09-03-2026.xlsx,W Signature,1,S60I - 31,Typical,17526000.0,171.0,,,,,,Core and Shell,,Available,,102491.22807017544,False,False
Availability 09-03-2026.xlsx,W Signature,1,S7B - 01,Ground,16960000.0,135.0,,,,,,Core and Shell,,Available,,125629.62962962964,False,False
Availability 09-03-2026.xlsx,W Signature,1,S8B' - 02,Ground,16940000.0,135.0,,,,,,Core and Shell,,Available,,125481.48148148147,False,False
Availability 09-03-2026.xlsx,W Signature,1,S18E - 01,Ground,13911000.0,118.0,,,,,,Core and Shell,,Available,,117889.83050847458,False,False
Availability 09-03-2026.xlsx,W Signature,1,S20F' - 02,Ground,17863000.0,135.0,,,,,,Core and Shell,,Available,,132318.5185185185,False,False
Availability 09-03-2026.xlsx,W Signature,1,S24H' - 02,Ground,13953000.0,119.0,,,,,,Core and Shell,,Available,,117252.10084033613,False,False
Availability 09-03-2026.xlsx,W Signature,1,S28E' - 02,Ground,13502000.0,118.0,,,,,,Core and Shell,,Available,,114423.72881355933,False,False
Availability 09-03-2026.xlsx,W Signature,1,S33I' - 02,Ground,14727000.0,118.0,,,,,,Core and Shell,,Available,,124805.08474576271,False,False
Availability 09-03-2026.xlsx,W Signature,1,S60I - 01,Ground,14514000.0,118.0,,,,,,Core and Shell,,Available,,123000.0,False,False
Availability 09-03-2026.xlsx,W Signature,1,S6A' - 02,Ground,16646000.0,135.0,,,,,,Core and Shell,,Available,,123303.70370370371,False,False
Availability 09-03-2026.xlsx,Triangle,1,A-V3-135,Stand Alone Villa,59220000.0,460.0,556.0,,,,,Core and Shell,,Available,,128739.13043478261,False,False
Availability 09-03-2026.xlsx,Triangle,1,A-V3-136,Stand Alone Villa,61989000.0,460.0,582.0,,,,,Core and Shell,,Available,,134758.69565217392,False,False
Availability 09-03-2026.xlsx,Triangle,1,A-V3-139,Stand Alone Villa,66755000.0,460.0,608.0,,,,,Core and Shell,,Available,,145119.5652173913,False,False
Availability 09-03-2026.xlsx,Triangle,1,B-V3-148,Stand Alone Villa,53703000.0,460.0,502.0,,,,,Core and Shell,,Available,,116745.65217391304,False,False
Availability 09-03-2026.xlsx,Triangle,1,B-V3-149,Stand Alone Villa,54050000.0,460.0,526.0,,,,,Core and Shell,,Available,,117500.0,False,False
Availability 09-03-2026.xlsx,Triangle,1,B-TW2-177C,TWIN VILLA,37544000.0,320.0,360.0,,,,,Core and Shell,,Available,,117325.0,False,False
Availability 09-03-2026.xlsx,Triangle,1,B-TW2-180C,TWIN VILLA,39838000.0,320.0,382.0,,,,,Core and Shell,,Available,,124493.75,False,False
Availability 09-03-2026.xlsx,Triangle,1,B-V3-181,Stand Alone Villa,64218000.0,460.0,611.0,,,,,Core and Shell,,Available,,139604.34782608695,False,False
Availability 09-03-2026.xlsx,Triangle,1,B-V3-182,Stand Alone Villa,65163000.0,460.0,620.0,,,,,Core and Shell,,Available,,141658.69565217392,False,False
Availability 09-03-2026.xlsx,Triangle,1,B-V3-183,Stand Alone Villa,64953000.0,460.0,618.0,,,,,Core and Shell,,Available,,141202.1739130435,False,False
Availability 09-03-2026.xlsx,Triangle,1,B-V3-184,Stand Alone Villa,64008000.0,460.0,609.0,,,,,Core and Shell,,Available,,139147.8260869565,False,False
Availability 09-03-2026.xlsx,Triangle,1,B-V3-185,Stand Alone Villa,62746000.0,460.0,597.0,,,,,Core and Shell,,Available,,136404.34782608695,False,False
Availability 09-03-2026.xlsx,Triangle,1,B-V3-199,Stand Alone Villa,68806000.0,460.0,646.0,,,,,Core and Shell,,Available,,149578.26086956522,False,False
Availability 09-03-2026.xlsx,Triangle,1,B-TO1-207A,TOWN HOUSE,34458000.0,270.0,305.0,,,,,Core and Shell,,Available,,127622.22222222222,False,False
Availability 09-03-2026.xlsx,Triangle,1,B-TO1-207D,TOWN HOUSE,34346000.0,270.0,304.0,,,,,Core and Shell,,Available,,127207.4074074074,False,False
Availability 09-03-2026.xlsx,Triangle,1,B-TO1-208A,TOWN HOUSE,34458000.0,270.0,305.0,,,,,Core and Shell,,Available,,127622.22222222222,False,False
Availability 09-03-2026.xlsx,Triangle,1,B-TO1-208D,TOWN HOUSE,34991000.0,270.0,304.0,,,,,Core and Shell,,Available,,129596.29629629629,False,False
Availability 09-03-2026.xlsx,Triangle,1,B-TO1-209A,TOWN HOUSE,34991000.0,270.0,304.0,,,,,Core and Shell,,Available,,129596.29629629629,False,False
Availability 09-03-2026.xlsx,Triangle,1,B-TO1-209D,TOWN HOUSE,34346000.0,270.0,304.0,,,,,Core and Shell,,Available,,127207.4074074074,False,False
Availability 09-03-2026.xlsx,Triangle,1,B-V3-221,Stand Alone Villa,70537000.0,460.0,629.0,,,,,Core and Shell,,Available,,153341.30434782608,False,False
Availability 09-03-2026.xlsx,Triangle,1,B-V3-222,Stand Alone Villa,71994000.0,460.0,642.0,,,,,Core and Shell,,Available,,156508.69565217392,False,False
Availability 09-03-2026.xlsx,Triangle,1,B-V3-223,Stand Alone Villa,70649000.0,460.0,630.0,,,,,Core and Shell,,Available,,153584.78260869565,False,False
Availability 09-03-2026.xlsx,Triangle,1,B-V3-224,Stand Alone Villa,65490000.0,460.0,584.0,,,,,Core and Shell,,Available,,142369.5652173913,False,False
Availability 09-03-2026.xlsx,Triangle,1,B-V3-225,Stand Alone Villa,62462000.0,460.0,557.0,,,,,Core and Shell,,Available,,135786.95652173914,False,False
Availability 09-03-2026.xlsx,Triangle,1,B-V3-226,Stand Alone Villa,63253000.0,460.0,548.0,,,,,Core and Shell,,Available,,137506.52173913043,False,False
Availability 09-03-2026.xlsx,Triangle,1,B-V3-228,Stand Alone Villa,70985000.0,460.0,633.0,,,,,Core and Shell,,Available,,154315.21739130435,False,False
Availability 09-03-2026.xlsx,Triangle,1,B-V3-286,Stand Alone Villa,62371000.0,460.0,633.0,,,,,Core and Shell,,Available,,135589.13043478262,False,False
Availability 09-03-2026.xlsx,Triangle,1,B-V3-287,Stand Alone Villa,66620000.0,460.0,696.0,,,,,Core and Shell,,Available,,144826.08695652173,False,False
Availability 09-03-2026.xlsx,Triangle,1,C-TW1-297A,TWIN VILLA,34682000.0,360.0,331.0,,,,,Core and Shell,,Available,,96338.88888888889,False,False
Availability 09-03-2026.xlsx,Triangle,1,C-TW1-298A,TWIN VILLA,34682000.0,360.0,331.0,,,,,Core and Shell,,Available,,96338.88888888889,False,False
Availability 09-03-2026.xlsx,Triangle,1,C-V3-309,Stand Alone Villa,48242000.0,460.0,504.0,,,,,Core and Shell,,Available,,104873.91304347826,False,False
Availability 09-03-2026.xlsx,Triangle,1,A-V5-82D,Stand Alone Villa,44372000.0,390.0,401.0,,,,,Core and Shell,,Available,,113774.35897435897,False,False
Availability 09-03-2026.xlsx,Triangle,1,B-TW2-180D,TWIN VILLA,43564000.0,345.0,399.0,,,,,Core and Shell,,Available,,126272.46376811594,False,False
Availability 09-03-2026.xlsx,Triangle,1,B-V3-198,Stand Alone Villa,64545000.0,460.0,606.0,,,,,Core and Shell,,Available,,140315.21739130435,False,False
Availability 09-03-2026.xlsx,Resale,W Signature,S59E - 11,Typical,18116900.0,171.0,,,,,,Core and Shell,Ready to Deliver,Available,,105946.783625731,False,False
Availability 09-03-2026.xlsx,Resale,W Signature,S59E - 31,Typical,17939050.0,171.0,,,,,,Core and Shell,,Available,,104906.72514619883,False,False
Availability 09-03-2026.xlsx,Resale,W Signature,S33I' - 11,Typical,24399700.0,247.0,,,,,,Core and Shell,,Available,,98784.21052631579,False,False
Availability 09-03-2026.xlsx,Resale,W Signature,S35E - 31,Typical,22400500.0,171.0,,,,,,Core and Shell,Ready to Deliver,Available,,130997.07602339181,False,False
Availability 09-03-2026.xlsx,Resale,W Signature,S4H - 22,Typical,17582000.0,176.0,,,,,,Core and Shell,,Available,,99897.72727272728,False,False
Availability 09-03-2026.xlsx,Resale,W Signature,S17I' - 11,Typical,31364000.0,247.0,,,,,,Core and Shell,,Available,,126979.75708502025,False,False
Availability 09-03-2026.xlsx,Resale,W Signature,SA2 - 01,Office,25602800.0,127.0,,,,,,Core and Shell,,Available,,201596.8503937008,False,False
Availability 09-03-2026.xlsx,Resale,The Waterway Villas,V - 11,Villa Stand Alone C,70000000.0,548.0,614.0,,,,,Core and Shell,,Available,,127737.22627737226,False,False
Availability 09-03-2026.xlsx,Resale,The Waterway Villas,V - 16,Villa Stand Alone C,66232000.0,548.0,616.0,,,,,Core and Shell,,Available,,120861.31386861314,False,False
Availability 09-03-2026.xlsx,Resale,The Waterway Villas,V - 64,Villa Stand Alone A,110000000.0,849.0,878.0,,,,,Core and Shell,,Available,,129564.19316843346,False,False
Availability 09-03-2026.xlsx,Resale,The Waterway Villas,B - G7,Showroom,86428000.0,285.0,,,,,,Core and Shell,,Available,,303256.1403508772,False,False
Availability 09-03-2026.xlsx,Resale,The Waterway Villas,V - 38,Villa Stand Alone C,66156000.0,548.0,578.0,,,,,Core and Shell,,Available,,120722.62773722627,False,False
Availability 09-03-2026.xlsx,Resale,The Waterway North Coast,171 - 21,Sea View Chalet,18151700.0,180.0,,,,,,Fully Finished with ACs,,Available,,100842.77777777778,False,False
Availability 09-03-2026.xlsx,Resale,The Waterway New Cairo,3 - 34,Typical,17042000.0,169.0,,,,,,Fully Furnished,,Available,,100840.23668639053,False,False
Availability 09-03-2026.xlsx,Resale,The Waterway New Cairo,7 - 35,Typical,27040000.0,172.0,,,,,,Fully Furnished,,Available,,157209.3023255814,False,False
Availability 09-03-2026.xlsx,Resale,The View,4 - B12,Typical,18858000.0,167.0,,,,,,Fully Finished with ACs,,Available,,112922.15568862275,False,False
Availability 09-03-2026.xlsx,Resale,The View,6 - A65,Mini Penthouse,19908000.0,140.0,,,,,,Fully Finished With AC's,,Available,,142200.0,False,False
Availability 09-03-2026.xlsx,Resale,The View,K - 201,Office,89883900.0,375.0,,,,,,Core and Shell,,Available,,239690.4,False,False
Availability 09-03-2026.xlsx,Resale,The View,K - 202,Office,64953700.0,281.0,,,,,,Core and Shell,,Available,,231151.95729537366,False,False
Availability 09-03-2026.xlsx,Resale,The View,K - 203,Office,90183600.0,396.0,,,,,,Core and Shell,,Available,,227736.36363636365,False,False
Availability 09-03-2026.xlsx,Resale,The View,4 - B27,Typical,18000000.0,180.0,,,,,,Fully Finished With AC's,,Available,,100000.0,False,False
Availability 09-03-2026.xlsx,Resale,The View,4 - B28,Typical,20600000.0,206.0,,,,,,Fully Finished With AC's,,Available,,100000.0,False,False
Availability 09-03-2026.xlsx,Resale,The View,A - 207,Office,37100000.0,212.0,,,,,,Core and Shell,,Available,,175000.0,False,False
Availability 09-03-2026.xlsx,Resale,The View,5 - C65,Mini Penthouse,23826000.0,143.0,,,,,,Fully Finished With AC's,,Available,,166615.38461538462,False,False
Availability 09-03-2026.xlsx,Resale,The View,5 - B42,Typical,13591300.0,170.0,,,,,,Fully Finished With AC's,,Available,,79948.82352941176,False,False
Availability 09-03-2026.xlsx,Resale,The View,6 - B01,Ground,29581185.0,219.0,,,,,,Fully Finished with Ac's,,Available,,135073.90410958903,False,False
Availability 09-03-2026.xlsx,Resale,The View,I - 403,Office,50560000.0,180.0,,,,,,Core and Shell,,Available,,280888.8888888889,False,False
Availability 09-03-2026.xlsx,Resale,The HUB,SH - 5,Shop,20270000.0,63.0,,,,,,Core and Shell,Ready to Deliver,Available,,321746.0317460318,False,False
Availability 09-03-2026.xlsx,Resale,W Signature,S53C' - 01,Duplex,56595080.0,483.0,,,,,,Core and Shell,,Available,,117174.07867494824,False,False
Availability 09-03-2026.xlsx,Resale,W Signature,S29E - 21,Typical,20901700.0,171.0,,,,,,Core and Shell,,Available,,122232.16374269006,False,False
Availability 09-03-2026.xlsx,Resale,W Signature,S55G' - 13,Typical,16458200.0,166.0,,,,,,Core and Shell,,Available,,99145.78313253012,False,False
Availability 09-03-2026.xlsx,Resale,The Waterway Villas,V - 23,Villa Stand Alone B,75000000.0,596.0,612.0,,,,,Core and Shell,,Available,,125838.92617449665,False,False
Availability 09-03-2026.xlsx,Resale,The Waterway Villas,V - 58,Villa Stand Alone D,85000000.0,625.0,612.0,,,,,Core and Shell,,Available,,136000.0,False,False
Available Units 04-03-2026 11-24-16.xlsx,Available Units,CORE - ZONE 1,OW/CA1-11-2-1,4 Bedrooms + Nanny,18262000.0,214.0,,,,,,,,,,85336.44859813084,False,False
Available Units 04-03-2026 11-24-16.xlsx,Available Units,CORE - ZONE 1,OW/CA1-14-1-1,3 Bedrooms,14786000.0,156.0,,,,,,,,,,94782.05128205128,False,False
Available Units 04-03-2026 11-24-16.xlsx,Available Units,CORE - ZONE 1,OW/CA1-1-4-3,Duplex,19664000.0,212.0,,,,,,,,,,92754.71698113208,False,False
Available Units 04-03-2026 11-24-16.xlsx,Available Units,CORE - ZONE 1,OW/CA1-15-2-3,3 Bedrooms,14566000.0,158.0,,,,,,,,,,92189.87341772152,False,False
Available Units 04-03-2026 11-24-16.xlsx,Available Units,CORE - ZONE 1,OW/CA1-21-4-1,Duplex,19481000.0,212.0,,,,,,,,,,91891.50943396226,False,False
Available Units 04-03-2026 11-24-16.xlsx,Available Units,CORE - ZONE 1,OW/CA1-21-4-3,3 Bedrooms+Nanny,15470000.0,173.0,,,,,,,,,,89421.96531791908,False,False
Available Units 04-03-2026 11-24-16.xlsx,Available Units,CORE - ZONE 1,OW/CA1-24-0-3,3 Bedrooms,16147000.0,154.0,,,,,,,,,,104850.64935064936,False,False
Available Units 04-03-2026 11-24-16.xlsx,Available Units,CORE - ZONE 1,OW/CA1-24-1-4,3 Bedrooms,14111000.0,156.0,,,,,,,,,,90455.1282051282,False,False
Available Units 04-03-2026 11-24-16.xlsx,Available Units,CORE - ZONE 1,OW/CA1-24-2-3,3 Bedrooms,14566000.0,158.0,,,,,,,,,,92189.87341772152,False,False
Available Units 04-03-2026 11-24-16.xlsx,Available Units,CORE - ZONE 1,OW/CA1-24-3-2,3 Bedrooms,14289000.0,155.0,,,,,,,,,,92187.09677419355,False,False
Available Units 04-03-2026 11-24-16.xlsx,Available Units,CORE - ZONE 1,OW/CA1-24-4-2,3 Bedrooms,13736000.0,149.0,,,,,,,,,,92187.91946308725,False,False
Available Units 04-03-2026 11-24-16.xlsx,Available Units,CORE - ZONE 1,OW/CA1-25-0-1,1 Bedroom,8330000.0,77.0,,,,,,,,,,108181.81818181818,False,False
Available Units 04-03-2026 11-24-16.xlsx,Available Units,CORE - ZONE 1,OW/CA1-25-0-3,1 Bedroom,8467000.0,84.0,,,,,,,,,,100797.61904761905,False,False
Available Units 04-03-2026 11-24-16.xlsx,Available Units,CORE - ZONE 1,OW/CA1-25-2-2,1 Bedroom,7816000.0,84.0,,,,,,,,,,93047.61904761905,False,False
Available Units 04-03-2026 11-24-16.xlsx,Available Units,CORE - ZONE 1,OW/CA1-25-2-3,1 Bedroom,7816000.0,84.0,,,,,,,,,,93047.61904761905,False,False
Available Units 04-03-2026 11-24-16.xlsx,Available Units,CORE - ZONE 1,OW/CA1-25-3-2,1 Bedroom,7890000.0,84.0,,,,,,,,,,93928.57142857143,False,False
Available Units 04-03-2026 11-24-16.xlsx,Available Units,CORE - ZONE 1,OW/CA1-25-3-3,1 Bedroom,7890000.0,84.0,,,,,,,,,,93928.57142857143,False,False
Available Units 04-03-2026 11-24-16.xlsx,Available Units,CORE - ZONE 1,OW/CA1-25-4-2,1 Bedroom,7890000.0,84.0,,,,,,,,,,93928.57142857143,False,False
Available Units 04-03-2026 11-24-16.xlsx,Available Units,CORE - ZONE 1,OW/CA1-25-4-3,1 Bedroom,7890000.0,84.0,,,,,,,,,,93928.57142857143,False,False
Available Units 04-03-2026 11-24-16.xlsx,Available Units,CORE - ZONE 1,OW/CA1-25-5-2,1 Bedroom,7742000.0,84.0,,,,,,,,,,92166.66666666667,False,False
Available Units 04-03-2026 11-24-16.xlsx,Available Units,CORE - ZONE 1,OW/CA1-25-5-3,Penthouse,17430000.0,195.0,,,,,,,,,,89384.61538461539,False,False
Available Units 04-03-2026 11-24-16.xlsx,Available Units,CORE - ZONE 1,OW/CA1-26-0-1,3 Bedrooms,16147000.0,154.0,,,,,,,,,,104850.64935064936,False,False
Available Units 04-03-2026 11-24-16.xlsx,Available Units,CORE - ZONE 1,OW/CA1-26-1-1,3 Bedrooms,14922000.0,156.0,,,,,,,,,,95653.84615384616,False,False
Available Units 04-03-2026 11-24-16.xlsx,Available Units,CORE - ZONE 1,OW/CA1-26-2-1,3 Bedrooms,15386000.0,158.0,,,,,,,,,,97379.74683544303,False,False
Available Units 04-03-2026 11-24-16.xlsx,Available Units,CORE - ZONE 1,OW/CA1-27-2-2,1 Bedroom,8186000.0,84.0,,,,,,,,,,97452.38095238095,False,False
Available Units 04-03-2026 11-24-16.xlsx,Available Units,CORE - ZONE 1,OW/CA1-30-0-3,1 Bedroom,8385000.0,84.0,,,,,,,,,,99821.42857142857,False,False
Available Units 04-03-2026 11-24-16.xlsx,Available Units,CORE - ZONE 1,OW/CA1-31-3-2,3 Bedrooms,14960000.0,155.0,,,,,,,,,,96516.12903225806,False,False
Available Units 04-03-2026 11-24-16.xlsx,Available Units,CORE - ZONE 1,OW/CA1-31-4-1,Duplex,19481000.0,212.0,,,,,,,,,,91891.50943396226,False,False
Available Units 04-03-2026 11-24-16.xlsx,Available Units,CORE - ZONE 1,OW/CA1-31-5-1,2 Bedrooms,11577000.0,121.0,,,,,,,,,,95677.68595041323,False,False
Available Units 04-03-2026 11-24-16.xlsx,Available Units,CORE - ZONE 1,OW/CA1-32-4-3,Duplex,19664000.0,212.0,,,,,,,,,,92754.71698113208,False,False
Available Units 04-03-2026 11-24-16.xlsx,Available Units,CORE - ZONE 1,OW/CA1-36-1-2,1 Bedroom,7890000.0,84.0,,,,,,,,,,93928.57142857143,False,False
Available Units 04-03-2026 11-24-16.xlsx,Available Units,CORE - ZONE 1,OW/CA1-37-2-3,4 Bedrooms + Nanny,18961000.0,214.0,,,,,,,,,,88602.80373831776,False,False
Available Units 04-03-2026 11-24-16.xlsx,Available Units,CORE - ZONE 1,OW/CA1-37-3-3,3 Bedrooms+Nanny,16096000.0,180.0,,,,,,,,,,89422.22222222222,False,False
Available Units 04-03-2026 11-24-16.xlsx,Available Units,CORE - ZONE 1,OW/CA1-37-4-1,Duplex,19481000.0,212.0,,,,,,,,,,91891.50943396226,False,False
Available Units 04-03-2026 11-24-16.xlsx,Available Units,CORE - ZONE 1,OW/CA1-38-1-2,1 Bedroom,8112000.0,84.0,,,,,,,,,,96571.42857142857,False,False
Available Units 04-03-2026 11-24-16.xlsx,Available Units,CORE - ZONE 1,OW/CA1-4-1-2,3 Bedrooms,13750000.0,152.0,,,,,,,,,,90460.52631578948,False,False
Available Units 04-03-2026 11-24-16.xlsx,Available Units,CORE - ZONE 1,OW/CA1-4-3-2,Duplex,19489000.0,222.0,,,,,,,,,,87788.28828828828,False,False
Available Units 04-03-2026 11-24-16.xlsx,Available Units,CORE - ZONE 1,OW/CA1-9-0-1,2 Bedrooms,11531000.0,120.0,,,,,,,,,,96091.66666666667,False,False
Available Units 04-03-2026 11-24-16.xlsx,Available Units,CORE - ZONE 1,OW/CA1-9-1-1,3 Bedrooms,13618000.0,152.0,,,,,,,,,,89592.1052631579,False,False
Available Units 04-03-2026 11-24-16.xlsx,Available Units,CORE - ZONE 1,OW/CA1-9-1-2,2 Bedrooms,11154000.0,121.0,,,,,,,,,,92181.81818181818,False,False
Available Units 04-03-2026 11-24-16.xlsx,Available Units,CORE - ZONE 1,OW/CA1-9-2-1,3 Bedrooms,13972000.0,153.0,,,,,,,,,,91320.2614379085,False,False
Available Units 04-03-2026 11-24-16.xlsx,Available Units,CORE - ZONE 1,OW/CA1-9-2-2,2 Bedrooms,11366000.0,121.0,,,,,,,,,,93933.88429752066,False,False
Available Units 04-03-2026 11-24-16.xlsx,Available Units,CORE - ZONE 1,OW/CA1-9-3-1,Duplex,19307000.0,222.0,,,,,,,,,,86968.46846846846,False,False
Available Units 04-03-2026 11-24-16.xlsx,Available Units,CORE - ZONE 1,OW/CA1-9-3-2,2 Bedrooms,11472000.0,121.0,,,,,,,,,,94809.9173553719,False,False
Available Units 04-03-2026 11-24-16.xlsx,Available Units,CORE - ZONE 1,OW/CA1-9-4-1,2 Bedrooms,10903000.0,115.0,,,,,,,,,,94808.69565217392,False,False
Available Units 04-03-2026 11-24-16.xlsx,Available Units,CORE - ZONE 3,OW/CA3-102-5-2,1 Bedroom,7665000.0,84.0,,,,,,,,,,91250.0,False,False
Available Units 04-03-2026 11-24-16.xlsx,Available Units,CORE - ZONE 3,OW/CA3-106-0-2,1 Bedroom,8145000.0,84.0,,,,,,,,,,96964.28571428571,False,False
Available Units 04-03-2026 11-24-16.xlsx,Available Units,CORE - ZONE 3,OW/CA3-94-3-2,3 Bedrooms,14402000.0,155.0,,,,,,,,,,92916.12903225806,False,False
Available Units 04-03-2026 11-24-16.xlsx,Available Units,CORE - ZONE 3,OW/CA3-95-3-4,2 Bedrooms,10974000.0,117.0,,,,,,,,,,93794.8717948718,False,False
Available Units 04-03-2026 11-24-16.xlsx,Available Units,CORE - ZONE 3,OW/CA3-95-5-2,1 Bedroom,7809000.0,84.0,,,,,,,,,,92964.28571428571,False,False
Available Units 04-03-2026 11-24-16.xlsx,Available Units,CORE - ZONE 3,OW/CA3-98-4-1,Duplex,20346000.0,212.0,,,,,,,,,,95971.69811320755,False,False
Available Units 04-03-2026 11-24-16.xlsx,Available Units,CLUB YARD - ZONE 1,OW/CYA1-18-0-1,3 Bedrooms+Nanny,24512000.0,186.0,,,,,,,,,,131784.94623655913,False,False
Available Units 04-03-2026 11-24-16.xlsx,Available Units,CLUB YARD - ZONE 1,OW/CYA1-18-0-3,Loft,24434000.0,220.0,,,,,,,,,,111063.63636363637,False,False
Available Units 04-03-2026 11-24-16.xlsx,Available Units,CLUB YARD - ZONE 1,OW/CYA1-18-1-1,3 Bedrooms+Nanny,22311000.0,187.0,,,,,,,,,,119310.16042780748,False,False
Available Units 04-03-2026 11-24-16.xlsx,Available Units,CLUB YARD - ZONE 1,OW/CYA1-18-2-1,3 Bedrooms+Nanny,22311000.0,187.0,,,,,,,,,,119310.16042780748,False,False
Available Units 04-03-2026 11-24-16.xlsx,Available Units,CLUB YARD - ZONE 1,OW/CYA1-18-2-4,3 Bedrooms+Nanny,20682000.0,172.0,,,,,,,,,,120244.18604651163,False,False
Available Units 04-03-2026 11-24-16.xlsx,Available Units,CLUB YARD - ZONE 1,OW/CYA1-18-3-1,3 Bedrooms+Nanny,22398000.0,187.0,,,,,,,,,,119775.40106951872,False,False
Available Units 04-03-2026 11-24-16.xlsx,Available Units,CLUB YARD - ZONE 1,OW/CYA1-18-3-3,Loft,22336000.0,213.0,,,,,,,,,,104863.84976525822,False,False
Available Units 04-03-2026 11-24-16.xlsx,Available Units,CLUB YARD - ZONE 2,OW/CYA2-11-4-1,Duplex,25429000.0,212.0,,,,,,,,,,119948.11320754717,False,False
Available Units 04-03-2026 11-24-16.xlsx,Available Units,CLUB YARD - ZONE 2,OW/CYA2-20-2-1,3 Bedrooms+Nanny,22485000.0,187.0,,,,,,,,,,120240.64171122995,False,False
Available Units 04-03-2026 11-24-16.xlsx,Available Units,CLUB YARD - ZONE 2,OW/CYA2-20-3-4,Loft,25348000.0,210.0,,,,,,,,,,120704.76190476191,False,False
Available Units 04-03-2026 11-24-16.xlsx,Available Units,CLUB YARD - ZONE 2,OW/CYA2-22-3-3,3 Bedrooms+Nanny,19798000.0,180.0,,,,,,,,,,109988.88888888889,False,False
Available Units 04-03-2026 11-24-16.xlsx,Available Units,CLUB YARD - ZONE 2,OW/CYA2-26-0-3,3 Bedrooms+Nanny,22830000.0,179.0,,,,,,,,,,127541.89944134078,False,False
Available Units 04-03-2026 11-24-16.xlsx,Available Units,GREEN VALLEY - ZONE 1,OW/GV1-12-VB,Standalone Villa,51945000.0,336.0,,,,,,,,,,154598.2142857143,False,False
Available Units 04-03-2026 11-24-16.xlsx,Available Units,GREEN VALLEY - ZONE 1,OW/GV1-14-VA,Standalone Villa,53158000.0,263.0,,,,,,,,,,202121.67300380228,False,False
Available Units 04-03-2026 11-24-16.xlsx,Available Units,GREEN VALLEY - ZONE 1,OW/GV1-15-THA,Twin Villas,46918000.0,260.0,,,,,,,,,,180453.84615384616,False,False
Available Units 04-03-2026 11-24-16.xlsx,Available Units,GREEN VALLEY - ZONE 1,OW/GV1-15-THB,Twin Villas,48016000.0,265.0,,,,,,,,,,181192.45283018867,False,False
Available Units 04-03-2026 11-24-16.xlsx,Available Units,GREEN VALLEY - ZONE 1,OW/GV1-19-VB,Standalone Villa,71996000.0,336.0,,,,,,,,,,214273.80952380953,False,False
Available Units 04-03-2026 11-24-16.xlsx,Available Units,GREEN VALLEY - ZONE 1,OW/GV1-1-JB,Townhouse Middle,25638000.0,175.0,,,,,,,,,,146502.85714285713,False,False
Available Units 04-03-2026 11-24-16.xlsx,Available Units,GREEN VALLEY - ZONE 1,OW/GV1-1-JD,Townhouse Middle,25638000.0,175.0,,,,,,,,,,146502.85714285713,False,False
Available Units 04-03-2026 11-24-16.xlsx,Available Units,GREEN VALLEY - ZONE 1,OW/GV1-2-JA,Townhouse Corner,30067000.0,179.0,,,,,,,,,,167972.06703910616,False,False
Available Units 04-03-2026 11-24-16.xlsx,Available Units,GREEN VALLEY - ZONE 1,OW/GV1-2-JB,Townhouse Middle,25638000.0,175.0,,,,,,,,,,146502.85714285713,False,False
Available Units 04-03-2026 11-24-16.xlsx,Available Units,GREEN VALLEY - ZONE 1,OW/GV1-2-JC,Townhouse Middle,25464000.0,173.0,,,,,,,,,,147190.7514450867,False,False
Available Units 04-03-2026 11-24-16.xlsx,Available Units,GREEN VALLEY - ZONE 1,OW/GV1-2-JD,Townhouse Middle,25638000.0,175.0,,,,,,,,,,146502.85714285713,False,False
Available Units 04-03-2026 11-24-16.xlsx,Available Units,GREEN VALLEY - ZONE 1,OW/GV1-2-JE,Townhouse Corner,29495000.0,179.0,,,,,,,,,,164776.53631284917,False,False
Available Units 04-03-2026 11-24-16.xlsx,Available Units,GREEN VALLEY - ZONE 1,OW/GV1-5-VA,Standalone Villa,51272000.0,263.0,,,,,,,,,,194950.57034220532,False,False
Available Units 04-03-2026 11-24-16.xlsx,Available Units,GREEN VALLEY - ZONE 1,OW/GV1-9-MA,Townhouse Corner,26373000.0,177.0,,,,,,,,,,149000.0,False,False
Available Units 04-03-2026 11-24-16.xlsx,Available Units,GREEN VALLEY - ZONE 2,OW/GV2-171-VA,Standalone Villa,47782000.0,263.0,,,,,,,,,,181680.608365019,False,False
Available Units 04-03-2026 11-24-16.xlsx,Available Units,GREEN VALLEY - ZONE 2,OW/GV2-177-TKB,Twin Villas,39320000.0,207.0,,,,,,,,,,189951.69082125605,False,False
Available Units 04-03-2026 11-24-16.xlsx,Available Units,GREEN VALLEY - ZONE 2,OW/GV2-178-THA,Twin Villas,38611000.0,260.0,,,,,,,,,,148503.84615384616,False,False
Available Units 04-03-2026 11-24-16.xlsx,Available Units,GREEN VALLEY - ZONE 2,OW/GV2-178-THB,Twin Villas,38653000.0,265.0,,,,,,,,,,145860.37735849057,False,False
Available Units 04-03-2026 11-24-16.xlsx,Available Units,GREEN VALLEY - ZONE 2,OW/GV2-181-MA,Townhouse Corner,26251000.0,177.0,,,,,,,,,,148310.73446327684,False,False
Available Units 04-03-2026 11-24-16.xlsx,Available Units,GREEN VALLEY - ZONE 2,OW/GV2-185-MA,Townhouse Corner,31421000.0,177.0,,,,,,,,,,177519.77401129942,False,False
Available Units 04-03-2026 11-24-16.xlsx,Available Units,GREEN VALLEY - ZONE 2,OW/GV2-185-MD,Townhouse Middle,22184000.0,169.0,,,,,,,,,,131266.2721893491,False,False
Available Units 04-03-2026 11-24-16.xlsx,Available Units,GREEN VALLEY - ZONE 2,OW/GV2-185-ME,Townhouse Middle,22184000.0,169.0,,,,,,,,,,131266.2721893491,False,False
Available Units 04-03-2026 11-24-16.xlsx,Available Units,GREEN VALLEY - ZONE 2,OW/GV2-186-THA,Twin Villas,41670000.0,260.0,,,,,,,,,,160269.23076923078,False,False
Available Units 04-03-2026 11-24-16.xlsx,Available Units,GREEN VALLEY - ZONE 2,OW/GV2-186-THB,Twin Villas,41713000.0,265.0,,,,,,,,,,157407.54716981133,False,False
Available Units 04-03-2026 11-24-16.xlsx,Available Units,GREEN VALLEY - ZONE 2,OW/GV2-187-THA,Twin Villas,41099000.0,260.0,,,,,,,,,,158073.07692307694,False,False
Available Units 04-03-2026 11-24-16.xlsx,Available Units,GREEN VALLEY - ZONE 2,OW/GV2-187-THB,Twin Villas,42773000.0,265.0,,,,,,,,,,161407.54716981133,False,False
Available Units 04-03-2026 11-24-16.xlsx,Available Units,GREEN VALLEY - ZONE 2,OW/GV2-191-JA,Townhouse Corner,27653000.0,179.0,,,,,,,,,,154486.03351955308,False,False
Available Units 04-03-2026 11-24-16.xlsx,Available Units,GREEN VALLEY - ZONE 2,OW/GV2-191-JC,Townhouse Middle,23321000.0,173.0,,,,,,,,,,134803.4682080925,False,False
Available Units 04-03-2026 11-24-16.xlsx,Available Units,GREEN VALLEY - ZONE 2,OW/GV2-191-JD,Townhouse Middle,23504000.0,175.0,,,,,,,,,,134308.57142857142,False,False
Available Units 04-03-2026 11-24-16.xlsx,Available Units,GREEN VALLEY - ZONE 2,OW/GV2-192-GB,Townhouse Middle,29185000.0,211.0,,,,,,,,,,138317.5355450237,False,False
Available Units 04-03-2026 11-24-16.xlsx,Available Units,GREEN VALLEY - ZONE 2,OW/GV2-192-GC,Townhouse Middle,29185000.0,211.0,,,,,,,,,,138317.5355450237,False,False
Available Units 04-03-2026 11-24-16.xlsx,Available Units,GREEN VALLEY - ZONE 2,OW/GV2-193-JA,Townhouse Corner,27824000.0,179.0,,,,,,,,,,155441.34078212292,False,False
Available Units 04-03-2026 11-24-16.xlsx,Available Units,GREEN VALLEY - ZONE 2,OW/GV2-193-JB,Townhouse Middle,23504000.0,175.0,,,,,,,,,,134308.57142857142,False,False
Available Units 04-03-2026 11-24-16.xlsx,Available Units,GREEN VALLEY - ZONE 3,OW/GV3-203-SA,Maisonette,16966000.0,136.0,,,,,,,,,,124750.0,False,False
Available Units 04-03-2026 11-24-16.xlsx,Available Units,GREEN VALLEY - ZONE 3,OW/GV3-203-SC,Maisonette,23938000.0,235.0,,,,,,,,,,101863.82978723405,False,False
Available Units 04-03-2026 11-24-16.xlsx,Available Units,GREEN VALLEY - ZONE 3,OW/GV3-203-SD,Maisonette,25184000.0,248.0,,,,,,,,,,101548.3870967742,False,False
Available Units 04-03-2026 11-24-16.xlsx,Available Units,GREEN VALLEY - ZONE 3,OW/GV3-208-GA,Townhouse Corner,31809000.0,206.0,,,,,,,,,,154412.6213592233,False,False
Available Units 04-03-2026 11-24-16.xlsx,Available Units,GREEN VALLEY - ZONE 3,OW/GV3-208-GB,Townhouse Middle,28200000.0,211.0,,,,,,,,,,133649.28909952607,False,False
Available Units 04-03-2026 11-24-16.xlsx,Available Units,GREEN VALLEY - ZONE 3,OW/GV3-208-GC,Townhouse Middle,28200000.0,211.0,,,,,,,,,,133649.28909952607,False,False
Available Units 04-03-2026 11-24-16.xlsx,Available Units,GREEN VALLEY - ZONE 3,OW/GV3-214-MF,Townhouse Corner,26958000.0,177.0,,,,,,,,,,152305.08474576272,False,False
Available Units 04-03-2026 11-24-16.xlsx,Available Units,GREEN VALLEY - ZONE 3,OW/GV3-251-MA,Townhouse Corner,30162000.0,177.0,,,,,,,,,,170406.77966101695,False,False
Available Units 04-03-2026 11-24-16.xlsx,Available Units,GREEN VALLEY - ZONE 3,OW/GV3-88-VC,Standalone Villa,65615000.0,405.0,,,,,,,,,,162012.34567901236,False,False
Available Units 04-03-2026 11-24-16.xlsx,Available Units,GREEN VALLEY - ZONE 4,OW/GV4-236-VA,Standalone Villa,45132000.0,263.0,,,,,,,,,,171604.56273764258,False,False
Available Units 04-03-2026 11-24-16.xlsx,Available Units,GREEN VALLEY - ZONE 4,OW/GV4-247-TKA,Twin Villas,39461000.0,204.0,,,,,,,,,,193436.27450980392,False,False
Available Units 04-03-2026 11-24-16.xlsx,Available Units,GREEN VALLEY - ZONE 4,OW/GV4-247-TKB,Twin Villas,39596000.0,207.0,,,,,,,,,,191285.02415458937,False,False
Available Units 04-03-2026 11-24-16.xlsx,Available Units,GREEN VALLEY - ZONE 4,OW/GV4-296-GA,Townhouse Corner,35464000.0,206.0,,,,,,,,,,172155.33980582524,False,False
Available Units 04-03-2026 11-24-16.xlsx,Available Units,GREEN VALLEY - ZONE 4,OW/GV4-296-GB,Townhouse Middle,32192000.0,211.0,,,,,,,,,,152568.72037914692,False,False
Available Units 04-03-2026 11-24-16.xlsx,Available Units,GREEN VALLEY - ZONE 4,OW/GV4-296-GC,Townhouse Middle,32192000.0,211.0,,,,,,,,,,152568.72037914692,False,False
Available Units 04-03-2026 11-24-16.xlsx,Available Units,GREEN VALLEY - ZONE 4,OW/GV4-296-GD,Townhouse Corner,35464000.0,206.0,,,,,,,,,,172155.33980582524,False,False
Available Units 04-03-2026 11-24-16.xlsx,Available Units,GREEN VALLEY - ZONE 4,OW/GV4-299-MA,Townhouse Corner,29668000.0,177.0,,,,,,,,,,167615.81920903956,False,False
Available Units 04-03-2026 11-24-16.xlsx,Available Units,GREEN VALLEY - ZONE 4,OW/GV4-299-MB,Townhouse Middle,25894000.0,169.0,,,,,,,,,,153218.9349112426,False,False
Available Units 04-03-2026 11-24-16.xlsx,Available Units,GREEN VALLEY - ZONE 4,OW/GV4-299-MD,Townhouse Middle,25894000.0,169.0,,,,,,,,,,153218.9349112426,False,False
Available Units 04-03-2026 11-24-16.xlsx,Available Units,GREEN VALLEY - ZONE 4,OW/GV4-302-MA,Townhouse Corner,30141000.0,177.0,,,,,,,,,,170288.13559322033,False,False
Available Units 04-03-2026 11-24-16.xlsx,Available Units,GREEN VALLEY - ZONE 4,OW/GV4-302-MC,Townhouse Middle,26383000.0,169.0,,,,,,,,,,156112.42603550295,False,False
Available Units 04-03-2026 11-24-16.xlsx,Available Units,GREEN VALLEY - ZONE 4,OW/GV4-302-ME,Townhouse Middle,25894000.0,169.0,,,,,,,,,,153218.9349112426,False,False
Available Units 04-03-2026 11-24-16.xlsx,Available Units,MID YARD - ZONE 1,OW/MYA1-1-0-2,Loft,18807000.0,158.0,,,,,,,,,,119031.64556962025,False,False
Available Units 04-03-2026 11-24-16.xlsx,Available Units,MID YARD - ZONE 1,OW/MYA1-1-0-4,1 Bedroom,11343000.0,82.0,,,,,,,,,,138329.26829268291,False,False
Available Units 04-03-2026 11-24-16.xlsx,Available Units,MID YARD - ZONE 1,OW/MYA1-11-0-1,Loft,29974000.0,227.0,,,,,,,,,,132044.0528634361,False,False
Available Units 04-03-2026 11-24-16.xlsx,Available Units,MID YARD - ZONE 1,OW/MYA1-11-0-2,Loft,28117000.0,215.0,,,,,,,,,,130776.74418604652,False,False
Available Units 04-03-2026 11-24-16.xlsx,Available Units,MID YARD - ZONE 1,OW/MYA1-1-1-1,2 Bedrooms,13950000.0,120.0,,,,,,,,,,116250.0,False,False
Available Units 04-03-2026 11-24-16.xlsx,Available Units,MID YARD - ZONE 1,OW/MYA1-11-2-1,3 Bedrooms,18887000.0,156.0,,,,,,,,,,121070.51282051283,False,False
Available Units 04-03-2026 11-24-16.xlsx,Available Units,MID YARD - ZONE 1,OW/MYA1-11-3-4,3 Bedrooms+Nanny,20215000.0,169.0,,,,,,,,,,119615.38461538461,False,False
Available Units 04-03-2026 11-24-16.xlsx,Available Units,MID YARD - ZONE 1,OW/MYA1-11-4-1,Duplex,27695000.0,223.0,,,,,,,,,,124192.82511210762,False,False
Available Units 04-03-2026 11-24-16.xlsx,Available Units,MID YARD - ZONE 1,OW/MYA1-1-2-2,Loft,25158000.0,226.0,,,,,,,,,,111318.58407079647,False,False
Available Units 04-03-2026 11-24-16.xlsx,Available Units,MID YARD - ZONE 1,OW/MYA1-1-2-3,1 Bedroom,9604000.0,80.0,,,,,,,,,,120050.0,False,False
Available Units 04-03-2026 11-24-16.xlsx,Available Units,MID YARD - ZONE 1,OW/MYA1-1-3-1,3 Bedrooms,17855000.0,160.0,,,,,,,,,,111593.75,False,False
Available Units 04-03-2026 11-24-16.xlsx,Available Units,MID YARD - ZONE 1,OW/MYA1-1-4-1,3 Bedrooms+Nanny,20541000.0,185.0,,,,,,,,,,111032.43243243243,False,False
Available Units 04-03-2026 11-24-16.xlsx,Available Units,MID YARD - ZONE 1,OW/MYA1-1-5-1,Penthouse,22454000.0,197.0,,,,,,,,,,113979.69543147208,False,False
Available Units 04-03-2026 11-24-16.xlsx,Available Units,MID YARD - ZONE 1,OW/MYA1-2-0-1,Loft,27836000.0,227.0,,,,,,,,,,122625.55066079296,False,False
Available Units 04-03-2026 11-24-16.xlsx,Available Units,MID YARD - ZONE 1,OW/MYA1-2-0-2,Loft,26102000.0,215.0,,,,,,,,,,121404.6511627907,False,False
Available Units 04-03-2026 11-24-16.xlsx,Available Units,MID YARD - ZONE 1,OW/MYA1-2-1-1,2 Bedrooms,13950000.0,120.0,,,,,,,,,,116250.0,False,False
Available Units 04-03-2026 11-24-16.xlsx,Available Units,MID YARD - ZONE 1,OW/MYA1-2-3-1,3 Bedrooms,17577000.0,156.0,,,,,,,,,,112673.07692307692,False,False
Available Units 04-03-2026 11-24-16.xlsx,Available Units,MID YARD - ZONE 1,OW/MYA1-2-3-4,3 Bedrooms+Nanny,18765000.0,169.0,,,,,,,,,,111035.50295857988,False,False
Available Units 04-03-2026 11-24-16.xlsx,Available Units,MID YARD - ZONE 1,OW/MYA1-2-4-1,Duplex,25717000.0,223.0,,,,,,,,,,115322.86995515694,False,False
Available Units 04-03-2026 11-24-16.xlsx,Available Units,MID YARD - ZONE 1,OW/MYA1-2-4-3,3 Bedrooms+Nanny,19542000.0,176.0,,,,,,,,,,111034.09090909091,False,False
Available Units 04-03-2026 11-24-16.xlsx,Available Units,MID YARD - ZONE 1,OW/MYA1-2-5-2,Penthouse,19746000.0,163.0,,,,,,,,,,121141.10429447853,False,False
Available Units 04-03-2026 11-24-16.xlsx,Available Units,MID YARD - ZONE 1,OW/MYA1-3-0-2,Loft,26102000.0,215.0,,,,,,,,,,121404.6511627907,False,False
Available Units 04-03-2026 11-24-16.xlsx,Available Units,MID YARD - ZONE 1,OW/MYA1-3-0-3,Loft,29974000.0,227.0,,,,,,,,,,132044.0528634361,False,False
Available Units 04-03-2026 11-24-16.xlsx,Available Units,MID YARD - ZONE 1,OW/MYA1-3-1-2,2 Bedrooms,13950000.0,120.0,,,,,,,,,,116250.0,False,False
Available Units 04-03-2026 11-24-16.xlsx,Available Units,MID YARD - ZONE 1,OW/MYA1-3-2-4,3 Bedrooms,18887000.0,156.0,,,,,,,,,,121070.51282051283,False,False
Available Units 04-03-2026 11-24-16.xlsx,Available Units,MID YARD - ZONE 1,OW/MYA1-3-3-1,3 Bedrooms+Nanny,18765000.0,169.0,,,,,,,,,,111035.50295857988,False,False
Available Units 04-03-2026 11-24-16.xlsx,Available Units,MID YARD - ZONE 1,OW/MYA1-3-3-3,1 Bedroom,9675000.0,80.0,,,,,,,,,,120937.5,False,False
Available Units 04-03-2026 11-24-16.xlsx,Available Units,MID YARD - ZONE 1,OW/MYA1-3-3-4,3 Bedrooms,18929000.0,156.0,,,,,,,,,,121339.7435897436,False,False
Available Units 04-03-2026 11-24-16.xlsx,Available Units,MID YARD - ZONE 1,OW/MYA1-3-4-1,3 Bedrooms+Nanny,19542000.0,176.0,,,,,,,,,,111034.09090909091,False,False
Available Units 04-03-2026 11-24-16.xlsx,Available Units,MID YARD - ZONE 1,OW/MYA1-3-4-3,Duplex,27695000.0,223.0,,,,,,,,,,124192.82511210762,False,False
Available Units 04-03-2026 11-24-16.xlsx,Available Units,MID YARD - ZONE 1,OW/MYA1-4-1-2,3 Bedrooms,18483000.0,153.0,,,,,,,,,,120803.92156862745,False,False
Available Units 04-03-2026 11-24-16.xlsx,Available Units,MID YARD - ZONE 1,OW/MYA1-4-2-2,3 Bedrooms,18483000.0,153.0,,,,,,,,,,120803.92156862745,False,False
Available Units 04-03-2026 11-24-16.xlsx,Available Units,MID YARD - ZONE 1,OW/MYA1-6-0-2,Loft,20759000.0,158.0,,,,,,,,,,131386.07594936708,False,False
Available Units 04-03-2026 11-24-16.xlsx,Available Units,MID YARD - ZONE 1,OW/MYA1-6-2-2,Loft,27240000.0,226.0,,,,,,,,,,120530.97345132743,False,False
Available Units 04-03-2026 11-24-16.xlsx,Available Units,MID YARD - ZONE 1,OW/MYA1-8-0-3,Loft,28726000.0,214.0,,,,,,,,,,134233.6448598131,False,False
Available Units 04-03-2026 11-24-16.xlsx,Available Units,MID YARD - ZONE 1,OW/MYA1-8-0-4,Loft,20210000.0,161.0,,,,,,,,,,125527.95031055901,False,False
Available Units 04-03-2026 11-24-16.xlsx,Available Units,MID YARD - ZONE 1,OW/MYA1-8-1-1,2 Bedrooms,14380000.0,124.0,,,,,,,,,,115967.74193548386,False,False
Available Units 04-03-2026 11-24-16.xlsx,Available Units,MID YARD - ZONE 1,OW/MYA1-8-2-1,1 Bedroom,9821000.0,82.0,,,,,,,,,,119768.29268292683,False,False
Available Units 04-03-2026 11-24-16.xlsx,Available Units,MID YARD - ZONE 1,OW/MYA1-8-2-4,3 Bedrooms+Nanny,22129000.0,185.0,,,,,,,,,,119616.21621621621,False,False
Available Units 04-03-2026 11-24-16.xlsx,Available Units,MID YARD - ZONE 1,OW/MYA1-8-2-5,2 Bedrooms,14728000.0,127.0,,,,,,,,,,115968.50393700787,False,False
Available Units 04-03-2026 11-24-16.xlsx,Available Units,MID YARD - ZONE 1,OW/MYA1-8-3-1,1 Bedroom,9965000.0,83.0,,,,,,,,,,120060.24096385542,False,False
Available Units 04-03-2026 11-24-16.xlsx,Available Units,MID YARD - ZONE 1,OW/MYA1-8-3-5,2 Bedrooms,13834000.0,119.0,,,,,,,,,,116252.10084033613,False,False
Available Units 04-03-2026 11-24-16.xlsx,Available Units,O views-SF,OW/OV-118-G,Single Storey,52450000.0,227.0,,,,,,,,,,231057.26872246695,False,False
Available Units 04-03-2026 11-24-16.xlsx,Available Units,O views-SF,OW/OV-120-G,Single Storey,50839000.0,227.0,,,,,,,,,,223960.35242290748,False,False
Available Units 04-03-2026 11-24-16.xlsx,Available Units,O views-SF,OW/OV-121-G,Single Storey,50082000.0,227.0,,,,,,,,,,220625.55066079294,False,False
Available Units 04-03-2026 11-24-16.xlsx,Available Units,O views-SF,OW/OV-123-SV2,Side Villa,39955000.0,212.0,,,,,,,,,,188466.98113207548,False,False
Available Units 04-03-2026 11-24-16.xlsx,Available Units,O views-SF,OW/OV-124-SV1,Side Villa,40023000.0,213.0,,,,,,,,,,187901.4084507042,False,False
Available Units 04-03-2026 11-24-16.xlsx,Available Units,O views-SF,OW/OV-125-UV1A,U-Villa,33177000.0,213.0,,,,,,,,,,155760.5633802817,False,False
Available Units 04-03-2026 11-24-16.xlsx,Available Units,O views-SF,OW/OV-125-UV1B,U-Villa,30069000.0,217.0,,,,,,,,,,138566.8202764977,False,False
Available Units 04-03-2026 11-24-16.xlsx,Available Units,O views-SF,OW/OV-125-UV1C,U-Villa,30069000.0,217.0,,,,,,,,,,138566.8202764977,False,False
Available Units 04-03-2026 11-24-16.xlsx,Available Units,O views-SF,OW/OV-126-UV2A,U-Villa,33289000.0,212.0,,,,,,,,,,157023.5849056604,False,False
Available Units 04-03-2026 11-24-16.xlsx,Available Units,O views-SF,OW/OV-126-UV2B,U-Villa,29971000.0,216.0,,,,,,,,,,138754.62962962964,False,False
Available Units 04-03-2026 11-24-16.xlsx,Available Units,O views-SF,OW/OV-126-UV2D,U-Villa,36492000.0,216.0,,,,,,,,,,168944.44444444444,False,False
Available Units 04-03-2026 11-24-16.xlsx,Available Units,O views-SF,OW/OV-127-JB,Townhouse Middle,20710000.0,167.0,,,,,,,,,,124011.97604790419,False,False
Available Units 04-03-2026 11-24-16.xlsx,Available Units,O views-SF,OW/OV-127-JE,Townhouse Corner,23221000.0,169.0,,,,,,,,,,137402.36686390534,False,False
Available Units 04-03-2026 11-24-16.xlsx,Available Units,O views-SF,OW/OV-128-UV1B,U-Villa,30924000.0,217.0,,,,,,,,,,142506.9124423963,False,False
Available Units 04-03-2026 11-24-16.xlsx,Available Units,O views-SF,OW/OV-128-UV1D,U-Villa,38351000.0,217.0,,,,,,,,,,176732.71889400922,False,False
Available Units 04-03-2026 11-24-16.xlsx,Available Units,O views-SF,OW/OV-129-GD,Townhouse Corner,28088000.0,199.0,,,,,,,,,,141145.72864321608,False,False
Available Units 04-03-2026 11-24-16.xlsx,Available Units,O views-MF,OW/OV-147-00-1,3 Bedrooms Ground,16271000.0,149.0,,,,,,,,,,109201.34228187919,False,False
Available Units 04-03-2026 11-24-16.xlsx,Available Units,O views-MF,OW/OV-147-01-1,2 Bedrooms Ground,12145000.0,128.0,,,,,,,,,,94882.8125,False,False
Available Units 04-03-2026 11-24-16.xlsx,Available Units,O views-MF,OW/OV-147-01-2,2 Bedrooms Ground,12460000.0,130.0,,,,,,,,,,95846.15384615384,False,False
Available Units 04-03-2026 11-24-16.xlsx,Available Units,O views-MF,OW/OV-147-2-1,2 Bedrooms,10111000.0,121.0,,,,,,,,,,83561.98347107437,False,False
Available Units 04-03-2026 11-24-16.xlsx,Available Units,O views-MF,OW/OV-147-2-2,2 Bedrooms,10025000.0,118.0,,,,,,,,,,84957.62711864407,False,False
Available Units 04-03-2026 11-24-16.xlsx,Available Units,O views-MF,OW/OV-147-3-1,Penthouse,11031000.0,119.0,,,,,,,,,,92697.47899159664,False,False
Available Units 04-03-2026 11-24-16.xlsx,Available Units,O views-MF,OW/OV-147-3-2,Penthouse,7712000.0,68.0,,,,,,,,,,113411.76470588235,False,False
Available Units 04-03-2026 11-24-16.xlsx,Available Units,O views-MF,OW/OV-148-00-2,3 Bedrooms Ground,16203000.0,150.0,,,,,,,,,,108020.0,False,False
Available Units 04-03-2026 11-24-16.xlsx,Available Units,O views-MF,OW/OV-148-01-1,2 Bedrooms Ground,12163000.0,128.0,,,,,,,,,,95023.4375,False,False
Available Units 04-03-2026 11-24-16.xlsx,Available Units,O views-MF,OW/OV-148-01-2,2 Bedrooms Ground,12606000.0,133.0,,,,,,,,,,94781.95488721805,False,False
Available Units 04-03-2026 11-24-16.xlsx,Available Units,O views-MF,OW/OV-148-2-1,2 Bedrooms,10508000.0,127.0,,,,,,,,,,82740.15748031496,False,False
Available Units 04-03-2026 11-24-16.xlsx,Available Units,O views-MF,OW/OV-148-2-2,2 Bedrooms,10657000.0,128.0,,,,,,,,,,83257.8125,False,False
Available Units 04-03-2026 11-24-16.xlsx,Available Units,O views-MF,OW/OV-148-3-1,2 Bedrooms,10111000.0,121.0,,,,,,,,,,83561.98347107437,False,False
Available Units 04-03-2026 11-24-16.xlsx,Available Units,O views-MF,OW/OV-148-4-1,Penthouse,11031000.0,119.0,,,,,,,,,,92697.47899159664,False,False
Available Units 04-03-2026 11-24-16.xlsx,Available Units,O views-MF,OW/OV-148-4-2,Penthouse,7659000.0,68.0,,,,,,,,,,112632.35294117648,False,False
Available Units 04-03-2026 11-24-16.xlsx,Available Units,O views-MF,OW/OV-149-00-1,3 Bedrooms Ground,16827000.0,149.0,,,,,,,,,,112932.88590604028,False,False
Available Units 04-03-2026 11-24-16.xlsx,Available Units,O views-MF,OW/OV-149-3-2,Penthouse,7638000.0,68.0,,,,,,,,,,112323.5294117647,False,False
Available Units 04-03-2026 11-24-16.xlsx,Available Units,O views-MF,OW/OV-150-3-2,2 Bedrooms,10405000.0,121.0,,,,,,,,,,85991.73553719008,False,False
Available Units 04-03-2026 11-24-16.xlsx,Available Units,O views-MF,OW/OV-150-4-1,Penthouse,11031000.0,119.0,,,,,,,,,,92697.47899159664,False,False
Available Units 04-03-2026 11-24-16.xlsx,Available Units,O views-MF,OW/OV-152-00-1,3 Bedrooms Ground,16455000.0,149.0,,,,,,,,,,110436.24161073826,False,False
Available Units 04-03-2026 11-24-16.xlsx,Available Units,O views-MF,OW/OV-152-01-1,2 Bedrooms Ground,12163000.0,128.0,,,,,,,,,,95023.4375,False,False
Available Units 04-03-2026 11-24-16.xlsx,Available Units,O views-MF,OW/OV-152-01-2,2 Bedrooms Ground,12623000.0,133.0,,,,,,,,,,94909.77443609023,False,False
Available Units 04-03-2026 11-24-16.xlsx,Available Units,O views-MF,OW/OV-153-00-2,3 Bedrooms Ground,17136000.0,149.0,,,,,,,,,,115006.71140939597,False,False
Available Units 04-03-2026 11-24-16.xlsx,Available Units,O views-MF,OW/OV-154-00-1,Signature Twin,20830000.0,181.0,,,,,,,,,,115082.8729281768,False,False
Available Units 04-03-2026 11-24-16.xlsx,Available Units,O views-MF,OW/OV-156-00-2,Signature Twin,19704000.0,180.0,,,,,,,,,,109466.66666666667,False,False
Available Units 04-03-2026 11-24-16.xlsx,Available Units,O views-MF,OW/OV-156-01-1,Signature Twin,18848000.0,177.0,,,,,,,,,,106485.87570621469,False,False
Available Units 04-03-2026 11-24-16.xlsx,Available Units,O views-MF,OW/OV-157-00-2,Signature Twin,20728000.0,180.0,,,,,,,,,,115155.55555555556,False,False
Available Units 04-03-2026 11-24-16.xlsx,Available Units,O views-MF,OW/OV-158-00-1,Signature Twin,20584000.0,181.0,,,,,,,,,,113723.75690607735,False,False
Available Units 04-03-2026 11-24-16.xlsx,Available Units,O views-MF,OW/OV-158-00-2,Signature Twin,19755000.0,180.0,,,,,,,,,,109750.0,False,False
Available Units 04-03-2026 11-24-16.xlsx,Available Units,O views-MF,OW/OV-159-00-1,Signature Twin,20044000.0,181.0,,,,,,,,,,110740.33149171271,False,False
Available Units 04-03-2026 11-24-16.xlsx,Available Units,O views-MF,OW/OV-159-00-2,Signature Twin,19971000.0,180.0,,,,,,,,,,110950.0,False,False
Available Units 04-03-2026 11-24-16.xlsx,Available Units,O views-MF,OW/OV-159-01-1,Signature Twin,18792000.0,177.0,,,,,,,,,,106169.49152542373,False,False
Available Units 04-03-2026 11-24-16.xlsx,Available Units,O views-MF,OW/OV-160-00-1,3 Bedrooms Ground,16407000.0,149.0,,,,,,,,,,110114.09395973154,False,False
Available Units 04-03-2026 11-24-16.xlsx,Available Units,O views-MF,OW/OV-160-00-2,3 Bedrooms Ground,16407000.0,149.0,,,,,,,,,,110114.09395973154,False,False
Available Units 04-03-2026 11-24-16.xlsx,Available Units,O views-MF,OW/OV-160-01-1,2 Bedrooms Ground,12399000.0,128.0,,,,,,,,,,96867.1875,False,False
Available Units 04-03-2026 11-24-16.xlsx,Available Units,O views-MF,OW/OV-160-01-2,2 Bedrooms Ground,12579000.0,130.0,,,,,,,,,,96761.53846153847,False,False
Available Units 04-03-2026 11-24-16.xlsx,Available Units,O views-MF,OW/OV-160-2-1,2 Bedrooms,10307000.0,121.0,,,,,,,,,,85181.81818181818,False,False
Available Units 04-03-2026 11-24-16.xlsx,Available Units,O views-MF,OW/OV-160-2-2,2 Bedrooms,10121000.0,118.0,,,,,,,,,,85771.18644067796,False,False
Available Units 04-03-2026 11-24-16.xlsx,Available Units,O views-MF,OW/OV-160-3-1,Penthouse,11245000.0,119.0,,,,,,,,,,94495.79831932773,False,False
Available Units 04-03-2026 11-24-16.xlsx,Available Units,O views-MF,OW/OV-160-3-2,Penthouse,7786000.0,68.0,,,,,,,,,,114500.0,False,False
Available Units 04-03-2026 11-24-16.xlsx,Available Units,O views-MF,OW/OV-161-00-1,3 Bedrooms Ground,16512000.0,149.0,,,,,,,,,,110818.79194630873,False,False
Available Units 04-03-2026 11-24-16.xlsx,Available Units,O views-MF,OW/OV-161-00-2,3 Bedrooms Ground,16849000.0,150.0,,,,,,,,,,112326.66666666667,False,False
Available Units 04-03-2026 11-24-16.xlsx,Available Units,O views-MF,OW/OV-161-01-1,2 Bedrooms Ground,12435000.0,128.0,,,,,,,,,,97148.4375,False,False
Available Units 04-03-2026 11-24-16.xlsx,Available Units,O views-MF,OW/OV-161-2-1,2 Bedrooms,10712000.0,127.0,,,,,,,,,,84346.45669291339,False,False
Available Units 04-03-2026 11-24-16.xlsx,Available Units,O views-MF,OW/OV-161-3-2,2 Bedrooms,10601000.0,121.0,,,,,,,,,,87611.57024793388,False,False
Available Units 04-03-2026 11-24-16.xlsx,Available Units,O views-MF,OW/OV-161-4-1,Penthouse,11245000.0,119.0,,,,,,,,,,94495.79831932773,False,False
Available Units 04-03-2026 11-24-16.xlsx,Available Units,O views-MF,OW/OV-162-00-1,3 Bedrooms Ground,17419000.0,148.0,,,,,,,,,,117695.94594594595,False,False
Available Units 04-03-2026 11-24-16.xlsx,Available Units,O views-MF,OW/OV-162-00-2,3 Bedrooms Ground,16202000.0,149.0,,,,,,,,,,108738.25503355704,False,False
Available Units 04-03-2026 11-24-16.xlsx,Available Units,O views-MF,OW/OV-162-01-2,2 Bedrooms Ground,12728000.0,133.0,,,,,,,,,,95699.24812030075,False,False
Available Units 04-03-2026 11-24-16.xlsx,Available Units,O views-MF,OW/OV-162-2-2,2 Bedrooms,10677000.0,127.0,,,,,,,,,,84070.86614173229,False,False
Available Units 04-03-2026 11-24-16.xlsx,Available Units,O views-MF,OW/OV-163-00-1,3 Bedrooms Ground,16185000.0,149.0,,,,,,,,,,108624.1610738255,False,False
Available Units 04-03-2026 11-24-16.xlsx,Available Units,O views-MF,OW/OV-163-00-2,3 Bedrooms Ground,16547000.0,149.0,,,,,,,,,,111053.69127516779,False,False
Available Units 04-03-2026 11-24-16.xlsx,Available Units,O views-MF,OW/OV-163-01-1,2 Bedrooms Ground,12298000.0,128.0,,,,,,,,,,96078.125,False,False
Available Units 04-03-2026 11-24-16.xlsx,Available Units,O views-MF,OW/OV-163-01-2,2 Bedrooms Ground,12477000.0,130.0,,,,,,,,,,95976.92307692308,False,False
Available Units 04-03-2026 11-24-16.xlsx,Available Units,O views-MF,OW/OV-163-2-1,2 Bedrooms,10209000.0,121.0,,,,,,,,,,84371.90082644628,False,False
Available Units 04-03-2026 11-24-16.xlsx,Available Units,O views-MF,OW/OV-163-2-2,2 Bedrooms,10025000.0,118.0,,,,,,,,,,84957.62711864407,False,False
Available Units 04-03-2026 11-24-16.xlsx,Available Units,O views-MF,OW/OV-163-3-1,Penthouse,11138000.0,119.0,,,,,,,,,,93596.63865546219,False,False
Available Units 04-03-2026 11-24-16.xlsx,Available Units,O views-MF,OW/OV-163-3-2,Penthouse,7712000.0,68.0,,,,,,,,,,113411.76470588235,False,False
Available Units 04-03-2026 11-24-16.xlsx,Available Units,O views-MF,OW/OV-164-00-1,3 Bedrooms Ground,16150000.0,149.0,,,,,,,,,,108389.26174496644,False,False
Available Units 04-03-2026 11-24-16.xlsx,Available Units,O views-MF,OW/OV-164-00-2,3 Bedrooms Ground,16323000.0,150.0,,,,,,,,,,108820.0,False,False
Available Units 04-03-2026 11-24-16.xlsx,Available Units,O views-MF,OW/OV-164-01-1,2 Bedrooms Ground,12316000.0,128.0,,,,,,,,,,96218.75,False,False
Available Units 04-03-2026 11-24-16.xlsx,Available Units,O views-MF,OW/OV-164-01-2,2 Bedrooms Ground,12746000.0,133.0,,,,,,,,,,95834.58646616542,False,False
Available Units 04-03-2026 11-24-16.xlsx,Available Units,O views-MF,OW/OV-164-2-1,2 Bedrooms,10610000.0,127.0,,,,,,,,,,83543.30708661418,False,False
Available Units 04-03-2026 11-24-16.xlsx,Available Units,O views-MF,OW/OV-164-2-2,2 Bedrooms,10760000.0,128.0,,,,,,,,,,84062.5,False,False
Available Units 04-03-2026 11-24-16.xlsx,Available Units,O views-MF,OW/OV-164-3-1,2 Bedrooms,10209000.0,121.0,,,,,,,,,,84371.90082644628,False,False
Available Units 04-03-2026 11-24-16.xlsx,Available Units,O views-MF,OW/OV-164-3-2,2 Bedrooms,10209000.0,121.0,,,,,,,,,,84371.90082644628,False,False
Available Units 04-03-2026 11-24-16.xlsx,Available Units,O views-MF,OW/OV-164-4-1,Penthouse,11138000.0,119.0,,,,,,,,,,93596.63865546219,False,False
Available Units 04-03-2026 11-24-16.xlsx,Available Units,O views-MF,OW/OV-164-4-2,Penthouse,7734000.0,68.0,,,,,,,,,,113735.29411764706,False,False
Available Units 04-03-2026 11-24-16.xlsx,Available Units,O views-MF,OW/OV-165-00-1,3 Bedrooms Ground,15856000.0,149.0,,,,,,,,,,106416.10738255034,False,False
Available Units 04-03-2026 11-24-16.xlsx,Available Units,O views-MF,OW/OV-165-00-2,3 Bedrooms Ground,16927000.0,149.0,,,,,,,,,,113604.02684563758,False,False
Available Units 04-03-2026 11-24-16.xlsx,Available Units,O views-MF,OW/OV-165-01-1,2 Bedrooms Ground,12281000.0,128.0,,,,,,,,,,95945.3125,False,False
Available Units 04-03-2026 11-24-16.xlsx,Available Units,O views-MF,OW/OV-165-01-2,2 Bedrooms Ground,12819000.0,130.0,,,,,,,,,,98607.69230769231,False,False
Available Units 04-03-2026 11-24-16.xlsx,Available Units,O views-MF,OW/OV-165-3-1,Penthouse,11138000.0,119.0,,,,,,,,,,93596.63865546219,False,False
Available Units 04-03-2026 11-24-16.xlsx,Available Units,O views-MF,OW/OV-166-00-1,3 Bedrooms Ground,17216000.0,148.0,,,,,,,,,,116324.32432432432,False,False
Available Units 04-03-2026 11-24-16.xlsx,Available Units,O views-MF,OW/OV-166-00-2,3 Bedrooms Ground,15995000.0,149.0,,,,,,,,,,107348.9932885906,False,False
Available Units 04-03-2026 11-24-16.xlsx,Available Units,O views-MF,OW/OV-166-01-1,2 Bedrooms Ground,12653000.0,128.0,,,,,,,,,,98851.5625,False,False
Available Units 04-03-2026 11-24-16.xlsx,Available Units,O views-MF,OW/OV-166-01-2,2 Bedrooms Ground,12710000.0,133.0,,,,,,,,,,95563.90977443609,False,False
Available Units 04-03-2026 11-24-16.xlsx,Available Units,O views-MF,OW/OV-166-2-2,2 Bedrooms,10677000.0,127.0,,,,,,,,,,84070.86614173229,False,False
Available Units 04-03-2026 11-24-16.xlsx,Available Units,O views-MF,OW/OV-166-3-2,2 Bedrooms,10209000.0,121.0,,,,,,,,,,84371.90082644628,False,False
Available Units 04-03-2026 11-24-16.xlsx,Available Units,O views-MF,OW/OV-166-4-1,Penthouse + N,17823000.0,170.0,,,,,,,,,,104841.17647058824,False,False
Available Units 04-03-2026 11-24-16.xlsx,Available Units,O views-MF,OW/OV-167-00-1,3 Bedrooms Ground,16323000.0,149.0,,,,,,,,,,109550.3355704698,False,False
Available Units 04-03-2026 11-24-16.xlsx,Available Units,O views-MF,OW/OV-167-00-2,3 Bedrooms Ground,15995000.0,150.0,,,,,,,,,,106633.33333333333,False,False
Available Units 04-03-2026 11-24-16.xlsx,Available Units,O views-MF,OW/OV-167-01-1,2 Bedrooms Ground,12298000.0,128.0,,,,,,,,,,96078.125,False,False
Available Units 04-03-2026 11-24-16.xlsx,Available Units,O views-MF,OW/OV-167-01-2,2 Bedrooms Ground,12710000.0,133.0,,,,,,,,,,95563.90977443609,False,False
Available Units 04-03-2026 11-24-16.xlsx,Available Units,O views-MF,OW/OV-167-2-1,2 Bedrooms,10610000.0,127.0,,,,,,,,,,83543.30708661418,False,False
Available Units 04-03-2026 11-24-16.xlsx,Available Units,O views-MF,OW/OV-167-2-2,2 Bedrooms,10760000.0,128.0,,,,,,,,,,84062.5,False,False
Available Units 04-03-2026 11-24-16.xlsx,Available Units,O views-MF,OW/OV-167-3-1,2 Bedrooms,10209000.0,121.0,,,,,,,,,,84371.90082644628,False,False
Available Units 04-03-2026 11-24-16.xlsx,Available Units,O views-MF,OW/OV-167-3-2,2 Bedrooms,10209000.0,121.0,,,,,,,,,,84371.90082644628,False,False
Available Units 04-03-2026 11-24-16.xlsx,Available Units,O views-MF,OW/OV-167-4-1,Penthouse,11138000.0,119.0,,,,,,,,,,93596.63865546219,False,False
Available Units 04-03-2026 11-24-16.xlsx,Available Units,O views-MF,OW/OV-167-4-2,Penthouse,7734000.0,68.0,,,,,,,,,,113735.29411764706,False,False
Available Units 04-03-2026 11-24-16.xlsx,Available Units,O views-MF,OW/OV-168-00-1,3 Bedrooms Ground,16340000.0,149.0,,,,,,,,,,109664.42953020135,False,False
Available Units 04-03-2026 11-24-16.xlsx,Available Units,O views-MF,OW/OV-168-00-2,3 Bedrooms Ground,15710000.0,149.0,,,,,,,,,,105436.24161073826,False,False
Available Units 04-03-2026 11-24-16.xlsx,Available Units,O views-MF,OW/OV-168-01-1,2 Bedrooms Ground,12263000.0,128.0,,,,,,,,,,95804.6875,False,False
Available Units 04-03-2026 11-24-16.xlsx,Available Units,O views-MF,OW/OV-168-01-2,2 Bedrooms Ground,12579000.0,130.0,,,,,,,,,,96761.53846153847,False,False
Available Units 04-03-2026 11-24-16.xlsx,Available Units,O views-MF,OW/OV-168-2-1,2 Bedrooms,10209000.0,121.0,,,,,,,,,,84371.90082644628,False,False
Available Units 04-03-2026 11-24-16.xlsx,Available Units,O views-MF,OW/OV-168-2-2,2 Bedrooms,10121000.0,118.0,,,,,,,,,,85771.18644067796,False,False
Available Units 04-03-2026 11-24-16.xlsx,Available Units,O views-MF,OW/OV-168-3-1,Penthouse,11138000.0,119.0,,,,,,,,,,93596.63865546219,False,False
Available Units 04-03-2026 11-24-16.xlsx,Available Units,O views-MF,OW/OV-168-3-2,Penthouse,7786000.0,68.0,,,,,,,,,,114500.0,False,False
Available Units 04-03-2026 11-24-16.xlsx,Available Units,O views-MF,OW/OV-169-00-1,3 Bedrooms Ground,15832000.0,149.0,,,,,,,,,,106255.03355704698,False,False
Available Units 04-03-2026 11-24-16.xlsx,Available Units,O views-MF,OW/OV-169-00-2,3 Bedrooms Ground,15733000.0,149.0,,,,,,,,,,105590.60402684564,False,False
Available Units 04-03-2026 11-24-16.xlsx,Available Units,O views-MF,OW/OV-169-01-1,2 Bedrooms Ground,12381000.0,128.0,,,,,,,,,,96726.5625,False,False
Available Units 04-03-2026 11-24-16.xlsx,Available Units,O views-MF,OW/OV-169-01-2,2 Bedrooms Ground,12681000.0,130.0,,,,,,,,,,97546.15384615384,False,False
Available Units 04-03-2026 11-24-16.xlsx,Available Units,O views-MF,OW/OV-169-2-1,2 Bedrooms,10307000.0,121.0,,,,,,,,,,85181.81818181818,False,False
Available Units 04-03-2026 11-24-16.xlsx,Available Units,O views-MF,OW/OV-169-2-2,2 Bedrooms,10218000.0,118.0,,,,,,,,,,86593.22033898305,False,False
Available Units 04-03-2026 11-24-16.xlsx,Available Units,O views-MF,OW/OV-169-3-1,Penthouse,11245000.0,119.0,,,,,,,,,,94495.79831932773,False,False
Available Units 04-03-2026 11-24-16.xlsx,Available Units,O views-MF,OW/OV-169-3-2,Penthouse,7861000.0,68.0,,,,,,,,,,115602.94117647059,False,False
Available Units 04-03-2026 11-24-16.xlsx,Available Units,O views-MF,OW/OV-170-00-1,3 Bedrooms Ground,15744000.0,148.0,,,,,,,,,,106378.37837837837,False,False
Available Units 04-03-2026 11-24-16.xlsx,Available Units,O views-MF,OW/OV-170-00-2,3 Bedrooms Ground,15657000.0,149.0,,,,,,,,,,105080.53691275168,False,False
Available Units 04-03-2026 11-24-16.xlsx,Available Units,O views-MF,OW/OV-170-01-1,2 Bedrooms Ground,12399000.0,128.0,,,,,,,,,,96867.1875,False,False
Available Units 04-03-2026 11-24-16.xlsx,Available Units,O views-MF,OW/OV-170-01-2,2 Bedrooms Ground,12832000.0,133.0,,,,,,,,,,96481.2030075188,False,False
Available Units 04-03-2026 11-24-16.xlsx,Available Units,O views-MF,OW/OV-170-3-1,2 Bedrooms,10223000.0,120.0,,,,,,,,,,85191.66666666667,False,False
Available Units 04-03-2026 11-24-16.xlsx,Available Units,O views-MF,OW/OV-170-3-2,2 Bedrooms,10307000.0,121.0,,,,,,,,,,85181.81818181818,False,False
Available Units 04-03-2026 11-24-16.xlsx,Available Units,O views-MF,OW/OV-170-4-1,Penthouse + N,17992000.0,170.0,,,,,,,,,,105835.29411764706,False,False
Available Units 04-03-2026 11-24-16.xlsx,Available Units,O views-MF,OW/OV-171-00-1,3 Bedrooms Ground,16315000.0,149.0,,,,,,,,,,109496.64429530202,False,False
Available Units 04-03-2026 11-24-16.xlsx,Available Units,O views-MF,OW/OV-171-00-2,3 Bedrooms Ground,15710000.0,149.0,,,,,,,,,,105436.24161073826,False,False
Available Units 04-03-2026 11-24-16.xlsx,Available Units,O views-MF,OW/OV-171-01-1,2 Bedrooms Ground,12381000.0,128.0,,,,,,,,,,96726.5625,False,False
Available Units 04-03-2026 11-24-16.xlsx,Available Units,O views-MF,OW/OV-171-01-2,2 Bedrooms Ground,12561000.0,130.0,,,,,,,,,,96623.07692307692,False,False
Available Units 04-03-2026 11-24-16.xlsx,Available Units,O views-MF,OW/OV-172-00-1,3 Bedrooms Ground,15710000.0,149.0,,,,,,,,,,105436.24161073826,False,False
Available Units 04-03-2026 11-24-16.xlsx,Available Units,O views-MF,OW/OV-172-00-2,3 Bedrooms Ground,16532000.0,150.0,,,,,,,,,,110213.33333333333,False,False
Available Units 04-03-2026 11-24-16.xlsx,Available Units,O views-MF,OW/OV-172-01-1,2 Bedrooms Ground,12399000.0,128.0,,,,,,,,,,96867.1875,False,False
Available Units 04-03-2026 11-24-16.xlsx,Available Units,O views-MF,OW/OV-172-01-2,2 Bedrooms Ground,12832000.0,133.0,,,,,,,,,,96481.2030075188,False,False
Available Units 04-03-2026 11-24-16.xlsx,Available Units,O views-MF,OW/OV-172-2-1,2 Bedrooms,10712000.0,127.0,,,,,,,,,,84346.45669291339,False,False
Available Units 04-03-2026 11-24-16.xlsx,Available Units,O views-MF,OW/OV-172-4-2,Penthouse,7808000.0,68.0,,,,,,,,,,114823.5294117647,False,False
Available Units 04-03-2026 11-24-16.xlsx,Available Units,O views-MF,OW/OV-173-00-1,3 Bedrooms Ground,16093000.0,149.0,,,,,,,,,,108006.71140939597,False,False
Available Units 04-03-2026 11-24-16.xlsx,Available Units,O views-MF,OW/OV-173-00-2,3 Bedrooms Ground,16006000.0,149.0,,,,,,,,,,107422.81879194631,False,False
Available Units 04-03-2026 11-24-16.xlsx,Available Units,O views-MF,OW/OV-173-01-1,2 Bedrooms Ground,12381000.0,128.0,,,,,,,,,,96726.5625,False,False
Available Units 04-03-2026 11-24-16.xlsx,Available Units,O views-MF,OW/OV-173-01-2,2 Bedrooms Ground,12561000.0,130.0,,,,,,,,,,96623.07692307692,False,False
Available Units 04-03-2026 11-24-16.xlsx,Available Units,O views-MF,OW/OV-173-2-1,2 Bedrooms,10307000.0,121.0,,,,,,,,,,85181.81818181818,False,False
Available Units 04-03-2026 11-24-16.xlsx,Available Units,O views-MF,OW/OV-173-2-2,2 Bedrooms,10121000.0,118.0,,,,,,,,,,85771.18644067796,False,False
Available Units 04-03-2026 11-24-16.xlsx,Available Units,O views-MF,OW/OV-173-3-1,Penthouse,11245000.0,119.0,,,,,,,,,,94495.79831932773,False,False
Available Units 04-03-2026 11-24-16.xlsx,Available Units,O views-MF,OW/OV-173-3-2,Penthouse,7786000.0,68.0,,,,,,,,,,114500.0,False,False
Available Units 04-03-2026 11-24-16.xlsx,Available Units,O views-MF,OW/OV-174-00-1,3 Bedrooms Ground,15733000.0,148.0,,,,,,,,,,106304.05405405405,False,False
Available Units 04-03-2026 11-24-16.xlsx,Available Units,O views-MF,OW/OV-174-00-2,3 Bedrooms Ground,15744000.0,149.0,,,,,,,,,,105664.42953020135,False,False
Available Units 04-03-2026 11-24-16.xlsx,Available Units,O views-MF,OW/OV-174-01-1,2 Bedrooms Ground,12517000.0,128.0,,,,,,,,,,97789.0625,False,False
Available Units 04-03-2026 11-24-16.xlsx,Available Units,O views-MF,OW/OV-174-01-2,2 Bedrooms Ground,12832000.0,133.0,,,,,,,,,,96481.2030075188,False,False
Available Units 04-03-2026 11-24-16.xlsx,Available Units,O views-MF,OW/OV-174-2-1,2 Bedrooms,10814000.0,127.0,,,,,,,,,,85149.6062992126,False,False
Available Units 04-03-2026 11-24-16.xlsx,Available Units,O views-MF,OW/OV-174-2-2,2 Bedrooms,10779000.0,127.0,,,,,,,,,,84874.0157480315,False,False
Available Units 04-03-2026 11-24-16.xlsx,Available Units,O views-MF,OW/OV-174-3-1,2 Bedrooms,10320000.0,120.0,,,,,,,,,,86000.0,False,False
Available Units 04-03-2026 11-24-16.xlsx,Available Units,O views-MF,OW/OV-174-3-2,2 Bedrooms,10307000.0,121.0,,,,,,,,,,85181.81818181818,False,False
Available Units 04-03-2026 11-24-16.xlsx,Available Units,O views-MF,OW/OV-174-4-1,Penthouse + N,17823000.0,170.0,,,,,,,,,,104841.17647058824,False,False
Available Units 04-03-2026 11-24-16.xlsx,Available Units,O views-MF,OW/OV-175-00-1,3 Bedrooms Ground,15710000.0,149.0,,,,,,,,,,105436.24161073826,False,False
Available Units 04-03-2026 11-24-16.xlsx,Available Units,O views-MF,OW/OV-175-00-2,3 Bedrooms Ground,15716000.0,149.0,,,,,,,,,,105476.5100671141,False,False
Available Units 04-03-2026 11-24-16.xlsx,Available Units,O views-MF,OW/OV-175-01-1,2 Bedrooms Ground,12381000.0,128.0,,,,,,,,,,96726.5625,False,False
Available Units 04-03-2026 11-24-16.xlsx,Available Units,O views-MF,OW/OV-175-01-2,2 Bedrooms Ground,12681000.0,130.0,,,,,,,,,,97546.15384615384,False,False
Available Units 04-03-2026 11-24-16.xlsx,Available Units,O views-MF,OW/OV-175-2-1,2 Bedrooms,10307000.0,121.0,,,,,,,,,,85181.81818181818,False,False
Available Units 04-03-2026 11-24-16.xlsx,Available Units,O views-MF,OW/OV-175-2-2,2 Bedrooms,10218000.0,118.0,,,,,,,,,,86593.22033898305,False,False
Available Units 04-03-2026 11-24-16.xlsx,Available Units,O views-MF,OW/OV-175-3-2,Penthouse,7861000.0,68.0,,,,,,,,,,115602.94117647059,False,False
Available Units 04-03-2026 11-24-16.xlsx,Available Units,O views-MF,OW/OV-176-00-1,3 Bedrooms Ground,16056000.0,148.0,,,,,,,,,,108486.48648648648,False,False
Available Units 04-03-2026 11-24-16.xlsx,Available Units,O views-MF,OW/OV-176-00-2,3 Bedrooms Ground,16216000.0,149.0,,,,,,,,,,108832.21476510067,False,False
Available Units 04-03-2026 11-24-16.xlsx,Available Units,O views-MF,OW/OV-176-01-1,2 Bedrooms Ground,12399000.0,128.0,,,,,,,,,,96867.1875,False,False
Available Units 04-03-2026 11-24-16.xlsx,Available Units,O views-MF,OW/OV-176-01-2,2 Bedrooms Ground,12832000.0,133.0,,,,,,,,,,96481.2030075188,False,False
Available Units 04-03-2026 11-24-16.xlsx,Available Units,O views-MF,OW/OV-176-2-1,2 Bedrooms,10712000.0,127.0,,,,,,,,,,84346.45669291339,False,False
Available Units 04-03-2026 11-24-16.xlsx,Available Units,O views-MF,OW/OV-176-2-2,2 Bedrooms,10779000.0,127.0,,,,,,,,,,84874.0157480315,False,False
Available Units 04-03-2026 11-24-16.xlsx,Available Units,O views-MF,OW/OV-176-3-1,2 Bedrooms,10223000.0,120.0,,,,,,,,,,85191.66666666667,False,False
Available Units 04-03-2026 11-24-16.xlsx,Available Units,O views-MF,OW/OV-176-3-2,2 Bedrooms,10307000.0,121.0,,,,,,,,,,85181.81818181818,False,False
Available Units 04-03-2026 11-24-16.xlsx,Available Units,O views-MF,OW/OV-177-00-1,3 Bedrooms Ground,15733000.0,149.0,,,,,,,,,,105590.60402684564,False,False
Available Units 04-03-2026 11-24-16.xlsx,Available Units,O views-MF,OW/OV-177-00-2,3 Bedrooms Ground,15901000.0,149.0,,,,,,,,,,106718.12080536912,False,False
Available Units 04-03-2026 11-24-16.xlsx,Available Units,O views-MF,OW/OV-177-01-1,2 Bedrooms Ground,12498000.0,128.0,,,,,,,,,,97640.625,False,False
Available Units 04-03-2026 11-24-16.xlsx,Available Units,O views-MF,OW/OV-177-01-2,2 Bedrooms Ground,12561000.0,130.0,,,,,,,,,,96623.07692307692,False,False
Available Units 04-03-2026 11-24-16.xlsx,Available Units,O views-MF,OW/OV-177-2-2,2 Bedrooms,10121000.0,118.0,,,,,,,,,,85771.18644067796,False,False
Available Units 04-03-2026 11-24-16.xlsx,Available Units,Parkside,OW/PS-21-1-1,2 Bedrooms,9718000.0,99.0,,,,,,,,,,98161.61616161616,False,False
Available Units 04-03-2026 11-24-16.xlsx,Available Units,Parkside,OW/PS-21-1-2,2 Bedrooms,9424000.0,96.0,,,,,,,,,,98166.66666666667,False,False
Available Units 04-03-2026 11-24-16.xlsx,Available Units,Parkside,OW/PS-21-2-1,Penthouse,12797000.0,125.0,,,,,,,,,,102376.0,False,False
Available Units 04-03-2026 11-24-16.xlsx,Available Units,Parkside,OW/PS-22-1-1,2 Bedrooms,9448000.0,99.0,,,,,,,,,,95434.34343434343,False,False
Available Units 04-03-2026 11-24-16.xlsx,Available Units,Parkside,OW/PS-22-1-2,2 Bedrooms,9161000.0,96.0,,,,,,,,,,95427.08333333333,False,False
Available Units 04-03-2026 11-24-16.xlsx,Available Units,Parkside,OW/PS-24-0-2,3 Bedrooms,15079000.0,137.0,,,,,,,,,,110065.69343065693,False,False
Available Units 04-03-2026 11-24-16.xlsx,Available Units,Parkside,OW/PS-27-MA,Townhouse Corner,29824000.0,172.0,,,,,,,,,,173395.3488372093,False,False
Available Units 04-03-2026 11-24-16.xlsx,Available Units,Parkside,OW/PS-28-1-1,2 Bedrooms,9266000.0,99.0,,,,,,,,,,93595.95959595959,False,False
Available Units 04-03-2026 11-24-16.xlsx,Available Units,Parkside,OW/PS-30-1-1,2 Bedrooms,9448000.0,99.0,,,,,,,,,,95434.34343434343,False,False
Available Units 04-03-2026 11-24-16.xlsx,Available Units,Parkside,OW/PS-31-1-1,2 Bedrooms,9718000.0,99.0,,,,,,,,,,98161.61616161616,False,False
Available Units 04-03-2026 11-24-16.xlsx,Available Units,Parkside,OW/PS-32-1-1,2 Bedrooms,9623000.0,99.0,,,,,,,,,,97202.0202020202,False,False
Available Units 04-03-2026 11-24-16.xlsx,Available Units,Parkside,OW/PS-33-1-1,2 Bedrooms,9355000.0,99.0,,,,,,,,,,94494.9494949495,False,False
Available Units 04-03-2026 11-24-16.xlsx,Available Units,Parkside,OW/PS-36-1-1,2 Bedrooms,9355000.0,99.0,,,,,,,,,,94494.9494949495,False,False
Available Units 04-03-2026 11-24-16.xlsx,Available Units,Parkside,OW/PS-37-0-1,3 Bedrooms,17043000.0,148.0,,,,,,,,,,115155.4054054054,False,False
Available Units 04-03-2026 11-24-16.xlsx,Available Units,Parkside,OW/PS-37-1-1,2 Bedrooms,9522000.0,99.0,,,,,,,,,,96181.81818181818,False,False
Available Units 04-03-2026 11-24-16.xlsx,Available Units,Parkside,OW/PS-37-2-1,2 Bedrooms,9041000.0,94.0,,,,,,,,,,96180.85106382979,False,False
Available Units 04-03-2026 11-24-16.xlsx,Available Units,Parkside,OW/PS-38-1-1,2 Bedrooms,9355000.0,99.0,,,,,,,,,,94494.9494949495,False,False
Available Units 04-03-2026 11-24-16.xlsx,Available Units,Parkside,OW/PS-42-1-1,2 Bedrooms,9623000.0,99.0,,,,,,,,,,97202.0202020202,False,False
Available Units 04-03-2026 11-24-16.xlsx,Available Units,Parkside,OW/PS-42-1-2,2 Bedrooms,9331000.0,96.0,,,,,,,,,,97197.91666666667,False,False
Available Units 04-03-2026 11-24-16.xlsx,Available Units,Parkside,OW/PS-43-1-1,2 Bedrooms,9217000.0,99.0,,,,,,,,,,93101.0101010101,False,False
Available Units 04-03-2026 11-24-16.xlsx,Available Units,Parkside,OW/PS-43-1-2,2 Bedrooms,8937000.0,96.0,,,,,,,,,,93093.75,False,False
Available Units 04-03-2026 11-24-16.xlsx,Available Units,Parkside,OW/PS-46-JE,Townhouse Corner,29357000.0,169.0,,,,,,,,,,173710.05917159762,False,False
Available Units 04-03-2026 11-24-16.xlsx,Available Units,Parkside,OW/PS-48-0-1,3 Bedrooms,16706000.0,148.0,,,,,,,,,,112878.37837837837,False,False
Available Units 04-03-2026 11-24-16.xlsx,Available Units,Parkside,OW/PS-54-1-1,2 Bedrooms,9217000.0,99.0,,,,,,,,,,93101.0101010101,False,False
Available Units 04-03-2026 11-24-16.xlsx,Available Units,Parkside,OW/PS-54-1-2,2 Bedrooms,8937000.0,96.0,,,,,,,,,,93093.75,False,False
Available Units 04-03-2026 11-24-16.xlsx,Available Units,Parkside,OW/PS-60-1-1,2 Bedrooms,9217000.0,99.0,,,,,,,,,,93101.0101010101,False,False
Available Units 04-03-2026 11-24-16.xlsx,Available Units,Parkside,OW/PS-60-1-2,2 Bedrooms,8937000.0,96.0,,,,,,,,,,93093.75,False,False
Available Units 04-03-2026 11-24-16.xlsx,Available Units,Parkside,OW/PS-60-2-3,Penthouse,14441000.0,146.0,,,,,,,,,,98910.95890410959,False,False
Available Units 04-03-2026 11-24-16.xlsx,Available Units,Parkside,OW/PS-61-1-1,2 Bedrooms,9129000.0,99.0,,,,,,,,,,92212.12121212122,False,False
Available Units 04-03-2026 11-24-16.xlsx,Available Units,Parkside,OW/PS-61-1-2,2 Bedrooms,8852000.0,96.0,,,,,,,,,,92208.33333333333,False,False
Available Units 04-03-2026 11-24-16.xlsx,Available Units,Parkside,OW/PS-62-1-1,2 Bedrooms,9129000.0,99.0,,,,,,,,,,92212.12121212122,False,False
Available Units 04-03-2026 11-24-16.xlsx,Available Units,Parkside,OW/PS-62-1-2,2 Bedrooms,8852000.0,96.0,,,,,,,,,,92208.33333333333,False,False
Available Units 04-03-2026 11-24-16.xlsx,Available Units,Parkside,OW/PS-62-2-1,2 Bedrooms,8668000.0,94.0,,,,,,,,,,92212.76595744681,False,False
Available Units 04-03-2026 11-24-16.xlsx,Available Units,Parkside,OW/PS-63-1-1,2 Bedrooms,9129000.0,99.0,,,,,,,,,,92212.12121212122,False,False
Available Units 04-03-2026 11-24-16.xlsx,Available Units,Parkside,OW/PS-63-1-2,2 Bedrooms,8852000.0,96.0,,,,,,,,,,92208.33333333333,False,False
Available Units 04-03-2026 11-24-16.xlsx,Available Units,Parkside,OW/PS-64-1-1,2 Bedrooms,9129000.0,99.0,,,,,,,,,,92212.12121212122,False,False
Available Units 04-03-2026 11-24-16.xlsx,Available Units,Parkside,OW/PS-64-1-2,2 Bedrooms,8852000.0,96.0,,,,,,,,,,92208.33333333333,False,False
Available Units 04-03-2026 11-24-16.xlsx,Available Units,Parkside,OW/PS-64-2-1,2 Bedrooms,8668000.0,94.0,,,,,,,,,,92212.76595744681,False,False
Available Units 04-03-2026 11-24-16.xlsx,Available Units,Parkside,OW/PS-65-MA,Townhouse Corner,25101000.0,172.0,,,,,,,,,,145936.0465116279,False,False
Available Units 04-03-2026 11-24-16.xlsx,Available Units,Parkside,OW/PS-65-MB,Townhouse Middle,21764000.0,164.0,,,,,,,,,,132707.31707317074,False,False
Available Units 04-03-2026 11-24-16.xlsx,Available Units,Parkside,OW/PS-65-MF,Townhouse Corner,26445000.0,172.0,,,,,,,,,,153750.0,False,False
Available Units 04-03-2026 11-24-16.xlsx,Available Units,Parkside,OW/PS-66-MA,Townhouse Corner,24312000.0,172.0,,,,,,,,,,141348.83720930232,False,False
Available Units 04-03-2026 11-24-16.xlsx,Available Units,Parkside,OW/PS-66-MD,Townhouse Middle,20651000.0,167.0,,,,,,,,,,123658.68263473053,False,False
Available Units 04-03-2026 11-24-16.xlsx,Available Units,Parkside,OW/PS-66-MF,Townhouse Corner,25112000.0,172.0,,,,,,,,,,146000.0,False,False
Available Units 04-03-2026 11-24-16.xlsx,Available Units,Parkside,OW/PS-68-1-1,2 Bedrooms,8951000.0,99.0,,,,,,,,,,90414.14141414141,False,False
Available Units 04-03-2026 11-24-16.xlsx,Available Units,Parkside,OW/PS-69-1-1,2 Bedrooms,9129000.0,99.0,,,,,,,,,,92212.12121212122,False,False
Available Units 04-03-2026 11-24-16.xlsx,Available Units,Parkside,OW/PS-69-1-2,2 Bedrooms,8852000.0,96.0,,,,,,,,,,92208.33333333333,False,False
Available Units 04-03-2026 11-24-16.xlsx,Available Units,Parkside,OW/PS-70-1-1,2 Bedrooms,9129000.0,99.0,,,,,,,,,,92212.12121212122,False,False
Available Units 04-03-2026 11-24-16.xlsx,Available Units,Parkside,OW/PS-72-1-1,2 Bedrooms,8777000.0,99.0,,,,,,,,,,88656.56565656565,False,False
Available Units 04-03-2026 11-24-16.xlsx,Available Units,Parkside,OW/PS-74-1-1,2 Bedrooms,9129000.0,99.0,,,,,,,,,,92212.12121212122,False,False
Available Units 04-03-2026 11-24-16.xlsx,Available Units,Parkside,OW/PS-75-1-1,2 Bedrooms,9394000.0,99.0,,,,,,,,,,94888.88888888889,False,False
Available Units 04-03-2026 11-24-16.xlsx,Available Units,Parkside,OW/PS-75-1-2,2 Bedrooms,9110000.0,96.0,,,,,,,,,,94895.83333333333,False,False
Available Units 04-03-2026 11-24-16.xlsx,Available Units,Parkside,OW/PS-75-2-1,2 Bedrooms,8920000.0,94.0,,,,,,,,,,94893.6170212766,False,False
Available Units 04-03-2026 11-24-16.xlsx,Available Units,Parkside,OW/PS-76-JE,Townhouse Corner,25817000.0,169.0,,,,,,,,,,152763.31360946747,False,False
Available Units 04-03-2026 11-24-16.xlsx,Available Units,Parkside,OW/PS-77-JA,Townhouse Corner,25085000.0,170.0,,,,,,,,,,147558.82352941178,False,False
Available Units 04-03-2026 11-24-16.xlsx,Available Units,Parkside,OW/PS-77-JB,Townhouse Middle,20784000.0,167.0,,,,,,,,,,124455.08982035928,False,False
Available Units 04-03-2026 11-24-16.xlsx,Available Units,Parkside,OW/PS-77-JD,Townhouse Middle,20824000.0,167.0,,,,,,,,,,124694.61077844311,False,False
Available Units 04-03-2026 11-24-16.xlsx,Available Units,Parkside,OW/PS-77-JE,Townhouse Corner,25044000.0,169.0,,,,,,,,,,148189.34911242605,False,False
Available Units 04-03-2026 11-24-16.xlsx,Available Units,Parkside,OW/PS-78-JA,Townhouse Corner,25085000.0,170.0,,,,,,,,,,147558.82352941178,False,False
Available Units 04-03-2026 11-24-16.xlsx,Available Units,Parkside,OW/PS-81-UV1D,U-Villa,34639000.0,217.0,,,,,,,,,,159626.72811059907,False,False
Available Units 04-03-2026 11-24-16.xlsx,Available Units,Parkside,OW/PS-82-UV2A,U-Villa,32729000.0,212.0,,,,,,,,,,154382.0754716981,False,False
Available Units 04-03-2026 11-24-16.xlsx,Available Units,Parkside,OW/PS-82-UV2D,U-Villa,34920000.0,216.0,,,,,,,,,,161666.66666666666,False,False
Available Units 04-03-2026 11-24-16.xlsx,Available Units,Parkside,OW/PS-83-UV1D,U-Villa,35709000.0,217.0,,,,,,,,,,164557.60368663594,False,False
Available Units 04-03-2026 11-24-16.xlsx,Available Units,Parkside,OW/PS-89-G,Single Storey,47607000.0,227.0,,,,,,,,,,209722.4669603524,False,False
Available Units 04-03-2026 11-24-16.xlsx,Available Units,Parkside,OW/PS-92-G,Single Storey,46518000.0,227.0,,,,,,,,,,204925.1101321586,False,False
Available Units 04-03-2026 11-24-16.xlsx,Available Units,QEMET MF - ZONE 1,OW/QA1-13-1-1,3 Bedrooms + Nanny + Family,23217000.0,205.0,,,,,,,,,,113253.65853658537,False,False
Available Units 04-03-2026 11-24-16.xlsx,Available Units,QEMET MF - ZONE 1,OW/QA1-13-2-1,3 Bedrooms + Nanny + Family,23895000.0,211.0,,,,,,,,,,113246.44549763034,False,False
Available Units 04-03-2026 11-24-16.xlsx,Available Units,QEMET MF - ZONE 4,OW/QA4-36-2-4,Duplex,26868000.0,229.0,,,,,,,,,,117327.51091703057,False,False
Available Units 04-03-2026 11-24-16.xlsx,Available Units,QEMET MF - ZONE 4,OW/QA4-41-1-1,4 Bedrooms + Nanny,27236000.0,207.0,,,,,,,,,,131574.87922705314,False,False
Available Units 04-03-2026 11-24-16.xlsx,Available Units,QEMET MF - ZONE 4,OW/QA4-43-4-5,3 Bedrooms,18141000.0,150.0,,,,,,,,,,120940.0,False,False
Available Units 04-03-2026 11-24-16.xlsx,Available Units,SPRING VALLEY - ZONE 1,OW/SV1-29-VA,Standalone Villa,47795000.0,263.0,,,,,,,,,,181730.03802281368,False,False
Available Units 04-03-2026 11-24-16.xlsx,Available Units,SPRING VALLEY - ZONE 1,OW/SV1-35-VA,Standalone Villa,49567000.0,263.0,,,,,,,,,,188467.68060836502,False,False
Available Units 04-03-2026 11-24-16.xlsx,Available Units,SPRING VALLEY - ZONE 2,OW/SV2-49-VB,Standalone Villa,53698000.0,336.0,,,,,,,,,,159815.47619047618,False,False
Available Units 04-03-2026 11-24-16.xlsx,Available Units,SPRING VALLEY - ZONE 2,OW/SV2-71-VB,Standalone Villa,51764000.0,336.0,,,,,,,,,,154059.52380952382,False,False
Available Units 04-03-2026 11-24-16.xlsx,Available Units,SPRING VALLEY - ZONE 2,OW/SV2-73-VB,Standalone Villa,52687000.0,336.0,,,,,,,,,,156806.54761904763,False,False
Available Units 04-03-2026 11-24-16.xlsx,Available Units,SPRING VALLEY - ZONE 3,OW/SV3-200-MA,Townhouse Corner,32894000.0,177.0,,,,,,,,,,185841.8079096045,False,False
Available Units 04-03-2026 11-24-16.xlsx,Available Units,SPRING VALLEY - ZONE 3,OW/SV3-200-MF,Townhouse Corner,32978000.0,177.0,,,,,,,,,,186316.38418079095,False,False
Available Units 04-03-2026 11-24-16.xlsx,Available Units,SPRING VALLEY - ZONE 3,OW/SV3-229-GC,Townhouse Middle,29869000.0,211.0,,,,,,,,,,141559.24170616115,False,False
Available Units 04-03-2026 11-24-16.xlsx,Available Units,SPRING VALLEY - ZONE 3,OW/SV3-229-GD,Townhouse Corner,34615000.0,206.0,,,,,,,,,,168033.98058252427,False,False
export_units-2026-03-09_1773089560.xlsx,Worksheet,KEEVA,,,25980000.0,,,,,,,not finished,,,,,False,False
export_units-2026-03-09_1773089560.xlsx,Worksheet,KEEVA,,,33340000.0,,,,,,,not finished,,,,,False,False
export_units-2026-03-09_1773089560.xlsx,Worksheet,KEEVA,,,33920000.0,,,,,,,not finished,,,,,False,False
export_units-2026-03-09_1773089560.xlsx,Worksheet,KEEVA,,,22900000.0,,,,,,,not finished,,,,,False,False
export_units-2026-03-09_1773089560.xlsx,Worksheet,AT-EAST,,,12200000.0,,,,,,,Not Finished,,,,,False,False
export_units-2026-03-09_1773089560.xlsx,Worksheet,AT-EAST,,,13160000.0,,,,,,,Not Finished,,,,,False,False
export_units-2026-03-09_1773089560.xlsx,Worksheet,AT-EAST,,,6235000.0,,,,,,,Not Finished,,,,,False,False
export_units-2026-03-09_1773089560.xlsx,Worksheet,AT-EAST,,,6985000.0,,,,,,,Not Finished,,,,,False,False
export_units-2026-03-09_1773089560.xlsx,Worksheet,AT-EAST,,,6310000.0,,,,,,,Not Finished,,,,,False,False
export_units-2026-03-09_1773089560.xlsx,Worksheet,AT-EAST,,,6370000.0,,,,,,,Not Finished,,,,,False,False
export_units-2026-03-09_1773089560.xlsx,Worksheet,AT-EAST,,,12875000.0,,,,,,,Not Finished,,,,,False,False
export_units-2026-03-09_1773089560.xlsx,Worksheet,AT-EAST,,,6265000.0,,,,,,,Not Finished,,,,,False,False
export_units-2026-03-09_1773089560.xlsx,Worksheet,AT-EAST,,,6340000.0,,,,,,,Not Finished,,,,,False,False
export_units-2026-03-09_1773089560.xlsx,Worksheet,AT-EAST,,,11975000.0,,,,,,,Not Finished,,,,,False,False
export_units-2026-03-09_1773089560.xlsx,Worksheet,AT-EAST,,,10395000.0,,,,,,,Not Finished,,,,,False,False
export_units-2026-03-09_1773089560.xlsx,Worksheet,AT-EAST,,,6415000.0,,,,,,,Not Finished,,,,,False,False
export_units-2026-03-09_1773089560.xlsx,Worksheet,AT-EAST,,,6205000.0,,,,,,,Not Finished,,,,,False,False
export_units-2026-03-09_1773089560.xlsx,Worksheet,AT-EAST,,,6490000.0,,,,,,,Not Finished,,,,,False,False
export_units-2026-03-09_1773089560.xlsx,Worksheet,AT-EAST,,,6280000.0,,,,,,,Not Finished,,,,,False,False
export_units-2026-03-09_1773089560.xlsx,Worksheet,AT-EAST,,,10640000.0,,,,,,,Not Finished,,,,,False,False
export_units-2026-03-09_1773089560.xlsx,Worksheet,AT-EAST,,,10790000.0,,,,,,,Not Finished,,,,,False,False
export_units-2026-03-09_1773089560.xlsx,Worksheet,AT-EAST,,,5055000.0,,,,,,,Not Finished,,,,,False,False
export_units-2026-03-09_1773089560.xlsx,Worksheet,AT-EAST,,,12130000.0,,,,,,,Not Finished,,,,,False,False
export_units-2026-03-09_1773089560.xlsx,Worksheet,AT-EAST,,,11410000.0,,,,,,,Not Finished,,,,,False,False
export_units-2026-03-09_1773089560.xlsx,Worksheet,AT-EAST,,,6160000.0,,,,,,,Not Finished,,,,,False,False
export_units-2026-03-09_1773089560.xlsx,Worksheet,AT-EAST,,,5155000.0,,,,,,,Not Finished,,,,,False,False
export_units-2026-03-09_1773089560.xlsx,Worksheet,AT-EAST,,,10445000.0,,,,,,,Not Finished,,,,,False,False
export_units-2026-03-09_1773089560.xlsx,Worksheet,AT-EAST,,,11405000.0,,,,,,,Not Finished,,,,,False,False
export_units-2026-03-09_1773089560.xlsx,Worksheet,AT-EAST,,,6085000.0,,,,,,,Not Finished,,,,,False,False
export_units-2026-03-09_1773089560.xlsx,Worksheet,AT-EAST,,,9900000.0,,,,,,,Not Finished,,,,,False,False
export_units-2026-03-09_1773089560.xlsx,Worksheet,AT-EAST,,,11400000.0,,,,,,,Not Finished,,,,,False,False
export_units-2026-03-09_1773089560.xlsx,Worksheet,AT-EAST,,,5385000.0,,,,,,,Not Finished,,,,,False,False
export_units-2026-03-09_1773089560.xlsx,Worksheet,AT-EAST,,,4945000.0,,,,,,,Not Finished,,,,,False,False
export_units-2026-03-09_1773089560.xlsx,Worksheet,AT-EAST,,,11370000.0,,,,,,,Not Finished,,,,,False,False
export_units-2026-03-09_1773089560.xlsx,Worksheet,AT-EAST,,,5460000.0,,,,,,,Not Finished,,,,,False,False
export_units-2026-03-09_1773089560.xlsx,Worksheet,AT-EAST,,,6430000.0,,,,,,,Not Finished,,,,,False,False
export_units-2026-03-09_1773089560.xlsx,Worksheet,AT-EAST,,,6220000.0,,,,,,,Not Finished,,,,,False,False
export_units-2026-03-09_1773089560.xlsx,Worksheet,AT-EAST,,,12475000.0,,,,,,,Not Finished,,,,,False,False
export_units-2026-03-09_1773089560.xlsx,Worksheet,AT-EAST,,,6385000.0,,,,,,,Not Finished,,,,,False,False
export_units-2026-03-09_1773089560.xlsx,Worksheet,AT-EAST,,,6295000.0,,,,,,,Not Finished,,,,,False,False
export_units-2026-03-09_1773089560.xlsx,Worksheet,AT-EAST,,,13320000.0,,,,,,,Not Finished,,,,,False,False
export_units-2026-03-09_1773089560.xlsx,Worksheet,AT-EAST,,,12815000.0,,,,,,,Not Finished,,,,,False,False
export_units-2026-03-09_1773089560.xlsx,Worksheet,AT-EAST,,,6100000.0,,,,,,,Not Finished,,,,,False,False
export_units-2026-03-09_1773089560.xlsx,Worksheet,AT-EAST,,,6115000.0,,,,,,,Not Finished,,,,,False,False
export_units-2026-03-09_1773089560.xlsx,Worksheet,AT-EAST,,,6175000.0,,,,,,,Not Finished,,,,,False,False
export_units-2026-03-09_1773089560.xlsx,Worksheet,AT-EAST,,,6610000.0,,,,,,,Not Finished,,,,,False,False
export_units-2026-03-09_1773089560.xlsx,Worksheet,AT-EAST,,,6670000.0,,,,,,,Not Finished,,,,,False,False
export_units-2026-03-09_1773089560.xlsx,Worksheet,AT-EAST,,,6580000.0,,,,,,,Not Finished,,,,,False,False
export_units-2026-03-09_1773089560.xlsx,Worksheet,AT-EAST,,,6655000.0,,,,,,,Not Finished,,,,,False,False
export_units-2026-03-09_1773089560.xlsx,Worksheet,AT-EAST,,,6535000.0,,,,,,,Not Finished,,,,,False,False
export_units-2026-03-09_1773089560.xlsx,Worksheet,AT-EAST,,,6520000.0,,,,,,,Not Finished,,,,,False,False
export_units-2026-03-09_1773089560.xlsx,Worksheet,AT-EAST,,,6730000.0,,,,,,,Not Finished,,,,,False,False
export_units-2026-03-09_1773089560.xlsx,Worksheet,AT-EAST,,,10695000.0,,,,,,,Not Finished,,,,,False,False
export_units-2026-03-09_1773089560.xlsx,Worksheet,AT-EAST,,,11110000.0,,,,,,,Not Finished,,,,,False,False
export_units-2026-03-09_1773089560.xlsx,Worksheet,AT-EAST,,,6460000.0,,,,,,,Not Finished,,,,,False,False
export_units-2026-03-09_1773089560.xlsx,Worksheet,AT-EAST,,,5530000.0,,,,,,,Not Finished,,,,,False,False
export_units-2026-03-09_1773089560.xlsx,Worksheet,AT-EAST,,,11860000.0,,,,,,,Not Finished,,,,,False,False
export_units-2026-03-09_1773089560.xlsx,Worksheet,AT-EAST,,,11870000.0,,,,,,,Not Finished,,,,,False,False
export_units-2026-03-09_1773089560.xlsx,Worksheet,AT-EAST,,,6745000.0,,,,,,,Not Finished,,,,,False,False
export_units-2026-03-09_1773089560.xlsx,Worksheet,AT-EAST,,,11385000.0,,,,,,,Not Finished,,,,,False,False
export_units-2026-03-09_1773089560.xlsx,Worksheet,AT-EAST,,,11435000.0,,,,,,,Not Finished,,,,,False,False
export_units-2026-03-09_1773089560.xlsx,Worksheet,AT-EAST,,,12215000.0,,,,,,,Not Finished,,,,,False,False
export_units-2026-03-09_1773089560.xlsx,Worksheet,AT-EAST,,,6505000.0,,,,,,,Not Finished,,,,,False,False
export_units-2026-03-09_1773089560.xlsx,Worksheet,AT-EAST,,,6325000.0,,,,,,,Not Finished,,,,,False,False
export_units-2026-03-09_1773089560.xlsx,Worksheet,AT-EAST,,,6190000.0,,,,,,,Not Finished,,,,,False,False
export_units-2026-03-09_1773089560.xlsx,Worksheet,AT-EAST,,,6400000.0,,,,,,,Not Finished,,,,,False,False
export_units-2026-03-09_1773089560.xlsx,Worksheet,AT-EAST,,,4995000.0,,,,,,,Not Finished,,,,,False,False
export_units-2026-03-09_1773089560.xlsx,Worksheet,AT-EAST,,,5300000.0,,,,,,,Not Finished,,,,,False,False
export_units-2026-03-09_1773089560.xlsx,Worksheet,AT-EAST,,,11430000.0,,,,,,,Not Finished,,,,,False,False
export_units-2026-03-09_1773089560.xlsx,Worksheet,AT-EAST,,,6900000.0,,,,,,,Not Finished,,,,,False,False
export_units-2026-03-09_1773089560.xlsx,Worksheet,AT-EAST,,,6250000.0,,,,,,,Not Finished,,,,,False,False
export_units-2026-03-09_1773089560.xlsx,Worksheet,AT-EAST,,,6640000.0,,,,,,,Not Finished,,,,,False,False
export_units-2026-03-09_1773089560.xlsx,Worksheet,AT-EAST,,,6550000.0,,,,,,,Not Finished,,,,,False,False
export_units-2026-03-09_1773089560.xlsx,Worksheet,AT-EAST,,,6625000.0,,,,,,,Not Finished,,,,,False,False
export_units-2026-03-09_1773089560.xlsx,Worksheet,AT-EAST,,,6700000.0,,,,,,,Not Finished,,,,,False,False
export_units-2026-03-09_1773089560.xlsx,Worksheet,AT-EAST,,,10345000.0,,,,,,,Not Finished,,,,,False,False
export_units-2026-03-09_1773089560.xlsx,Worksheet,AT-EAST,,,11065000.0,,,,,,,Not Finished,,,,,False,False
export_units-2026-03-09_1773089560.xlsx,Worksheet,THE MORNINGS,,,13075000.0,,,,,3.0,,not finished,,,,,False,False
export_units-2026-03-09_1773089560.xlsx,Worksheet,THE MORNINGS,,,12828000.0,,,,,3.0,,not finished,,,,,False,False
export_units-2026-03-09_1773089560.xlsx,Worksheet,THE MORNINGS,,,9464000.0,,,,,2.0,,not finished,,,,,False,False
export_units-2026-03-09_1773089560.xlsx,Worksheet,THE MORNINGS,,,11981000.0,,,,,3.0,,not finished,,,,,False,False
export_units-2026-03-09_1773089560.xlsx,Worksheet,THE MORNINGS,,,12887000.0,,,,,3.0,,not finished,,,,,False,False
export_units-2026-03-09_1773089560.xlsx,Worksheet,THE MORNINGS,,,9508000.0,,,,,2.0,,not finished,,,,,False,False
export_units-2026-03-09_1773089560.xlsx,Worksheet,THE MORNINGS,,,12036000.0,,,,,3.0,,not finished,,,,,False,False
export_units-2026-03-09_1773089560.xlsx,Worksheet,THE MORNINGS,,,9553000.0,,,,,2.0,,not finished,,,,,False,False
export_units-2026-03-09_1773089560.xlsx,Worksheet,THE MORNINGS,,,13006000.0,,,,,3.0,,not finished,,,,,False,False
export_units-2026-03-09_1773089560.xlsx,Worksheet,THE MORNINGS,,,6106000.0,,,,,1.0,,not finished,,,,,False,False
export_units-2026-03-09_1773089560.xlsx,Worksheet,THE MORNINGS,,,13303000.0,,,,,3.0,,not finished,,,,,False,False
export_units-2026-03-09_1773089560.xlsx,Worksheet,THE MORNINGS,,,13066000.0,,,,,3.0,,not finished,,,,,False,False
export_units-2026-03-09_1773089560.xlsx,Worksheet,THE MORNINGS,,,9642000.0,,,,,2.0,,not finished,,,,,False,False
export_units-2026-03-09_1773089560.xlsx,Worksheet,THE MORNINGS,,,6135000.0,,,,,1.0,,not finished,,,,,False,False
export_units-2026-03-09_1773089560.xlsx,Worksheet,THE MORNINGS,,,12205000.0,,,,,3.0,,not finished,,,,,False,False
export_units-2026-03-09_1773089560.xlsx,Worksheet,THE MORNINGS,,,9731000.0,,,,,2.0,,not finished,,,,,False,False
export_units-2026-03-09_1773089560.xlsx,Worksheet,THE MORNINGS,,,9850000.0,,,,,2.0,,not finished,,,,,False,False
export_units-2026-03-09_1773089560.xlsx,Worksheet,THE MORNINGS,,,13006000.0,,,,,,,not finished,,,,,False,False
export_units-2026-03-09_1773089560.xlsx,Worksheet,THE MORNINGS,,,9686000.0,,,,,2.0,,not finished,,,,,False,False
export_units-2026-03-09_1773089560.xlsx,Worksheet,THE MORNINGS,,,6279000.0,,,,,1.0,,not finished,,,,,False,False
export_units-2026-03-09_1773089560.xlsx,Worksheet,THE MORNINGS,,,9941000.0,,,,,2.0,,not finished,,,,,False,False
export_units-2026-03-09_1773089560.xlsx,Worksheet,THE MORNINGS,,,13125000.0,,,,,3.0,,not finished,,,,,False,False
export_units-2026-03-09_1773089560.xlsx,Worksheet,THE MORNINGS,,,9775000.0,,,,,2.0,,not finished,,,,,False,False
export_units-2026-03-09_1773089560.xlsx,Worksheet,THE MORNINGS,,,13185000.0,,,,,3.0,,not finished,,,,,False,False
export_units-2026-03-09_1773089560.xlsx,Worksheet,THE MORNINGS,,,9821000.0,,,,,2.0,,not finished,,,,,False,False
export_units-2026-03-09_1773089560.xlsx,Worksheet,THE MORNINGS,,,6366000.0,,,,,1.0,,not finished,,,,,False,False
export_units-2026-03-09_1773089560.xlsx,Worksheet,THE MORNINGS,,,14150000.0,,,,,3.0,,not finished,,,,,False,False
export_units-2026-03-09_1773089560.xlsx,Worksheet,THE MORNINGS,,,13187000.0,,,,,3.0,,not finished,,,,,False,False
export_units-2026-03-09_1773089560.xlsx,Worksheet,THE MORNINGS,,,11884000.0,,,,,3.0,,not finished,,,,,False,False
export_units-2026-03-09_1773089560.xlsx,Worksheet,THE MORNINGS,,,13007000.0,,,,,3.0,,not finished,,,,,False,False
export_units-2026-03-09_1773089560.xlsx,Worksheet,THE MORNINGS,,,12947000.0,,,,,3.0,,not finished,,,,,False,False
export_units-2026-03-09_1773089560.xlsx,Worksheet,THE MORNINGS,,,12317000.0,,,,,3.0,,not finished,,,,,False,False
export_units-2026-03-09_1773089560.xlsx,Worksheet,THE MORNINGS,,,12373000.0,,,,,3.0,,not finished,,,,,False,False
export_units-2026-03-09_1773089560.xlsx,Worksheet,THE MORNINGS,,,6308000.0,,,,,1.0,,not finished,,,,,False,False
export_units-2026-03-09_1773089560.xlsx,Worksheet,THE MORNINGS,,,12428000.0,,,,,3.0,,not finished,,,,,False,False
export_units-2026-03-09_1773089560.xlsx,Worksheet,THE MORNINGS,,,13185000.0,,,,,,,not finished,,,,,False,False
export_units-2026-03-09_1773089560.xlsx,Worksheet,THE MORNINGS,,,9821000.0,,,,,,,not finished,,,,,False,False
export_units-2026-03-09_1773089560.xlsx,Worksheet,THE MORNINGS,,,12541000.0,,,,,,,not finished,,,,,False,False
export_units-2026-03-09_1773089560.xlsx,Worksheet,THE MORNINGS,,,5664000.0,,,,,,,not finished,,,,,False,False
export_units-2026-03-09_1773089560.xlsx,Worksheet,THE MORNINGS,,,9698000.0,,,,,,,not finished,,,,,False,False
export_units-2026-03-09_1773089560.xlsx,Worksheet,THE MORNINGS,,,4792000.0,,,,,,,not finished,,,,,False,False
export_units-2026-03-09_1773089560.xlsx,Worksheet,THE MORNINGS,,,8988000.0,,,,,2.0,,not finished,,,,,False,False
export_units-2026-03-09_1773089560.xlsx,Worksheet,THE MORNINGS,,,4768000.0,,,,,1.0,,not finished,,,,,False,False
export_units-2026-03-09_1773089560.xlsx,Worksheet,THE MORNINGS,,,4838000.0,,,,,1.0,,not finished,,,,,False,False
export_units-2026-03-09_1773089560.xlsx,Worksheet,THE MORNINGS,,,9154000.0,,,,,2.0,,not finished,,,,,False,False
export_units-2026-03-09_1773089560.xlsx,Worksheet,THE MORNINGS,,,4862000.0,,,,,1.0,,not finished,,,,,False,False
export_units-2026-03-09_1773089560.xlsx,Worksheet,THE MORNINGS,,,12765000.0,,,,,3.0,,not finished,,,,,False,False
export_units-2026-03-09_1773089560.xlsx,Worksheet,THE MORNINGS,,,9237000.0,,,,,2.0,,not finished,,,,,False,False
export_units-2026-03-09_1773089560.xlsx,Worksheet,THE MORNINGS,,,7765000.0,,,,,2.0,,not finished,,,,,False,False
export_units-2026-03-09_1773089560.xlsx,Worksheet,THE MORNINGS,,,9649000.0,,,,,2.0,,not finished,,,,,False,False
export_units-2026-03-09_1773089560.xlsx,Worksheet,THE MORNINGS,,,9693000.0,,,,,2.0,,not finished,,,,,False,False
export_units-2026-03-09_1773089560.xlsx,Worksheet,THE MORNINGS,,,9737000.0,,,,,2.0,,not finished,,,,,False,False
export_units-2026-03-09_1773089560.xlsx,Worksheet,THE MORNINGS,,,6956000.0,,,,,,,Not Finished,,,,,False,False
export_units-2026-03-09_1773089560.xlsx,Worksheet,THE MORNINGS,,,7054000.0,,,,,,,Not Finished,,,,,False,False
export_units-2026-03-09_1773089560.xlsx,Worksheet,THE MORNINGS,,,4745000.0,,,,,1.0,,not finished,,,,,False,False
export_units-2026-03-09_1773089560.xlsx,Worksheet,THE MORNINGS,,,9322000.0,,,,,2.0,,not finished,,,,,False,False
export_units-2026-03-09_1773089560.xlsx,Worksheet,THE MORNINGS,,,10436000.0,,,,,2.0,,not finished,,,,,False,False
export_units-2026-03-09_1773089560.xlsx,Worksheet,THE MORNINGS,,,12093000.0,,,,,3.0,,not finished,,,,,False,False
export_units-2026-03-09_1773089560.xlsx,Worksheet,THE MORNINGS,,,12149000.0,,,,,3.0,,not finished,,,,,False,False
export_units-2026-03-09_1773089560.xlsx,Worksheet,THE MORNINGS,,,12149000.0,,,,,2.0,,not finished,,,,,False,False
export_units-2026-03-09_1773089560.xlsx,Worksheet,THE MORNINGS,,,12261000.0,,,,,3.0,,not finished,,,,,False,False
export_units-2026-03-09_1773089560.xlsx,Worksheet,THE MORNINGS,,,5317000.0,,,,,1.0,,not finished,,,,,False,False
export_units-2026-03-09_1773089560.xlsx,Worksheet,THE MORNINGS,,,9072000.0,,,,,2.0,,not finished,,,,,False,False
export_units-2026-03-09_1773089560.xlsx,Worksheet,THE MORNINGS,,,12261000.0,,,,,,,not finished,,,,,False,False
export_units-2026-03-09_1773089560.xlsx,Worksheet,THE MORNINGS,,,11874000.0,,,,,3.0,,not finished,,,,,False,False
export_units-2026-03-09_1773089560.xlsx,Worksheet,THE MORNINGS,,,11819000.0,,,,,3.0,,not finished,,,,,False,False
export_units-2026-03-09_1773089560.xlsx,Worksheet,THE MORNINGS,,,11929000.0,,,,,3.0,,not finished,,,,,False,False
export_units-2026-03-09_1773089560.xlsx,Worksheet,THE MORNINGS,,,12541000.0,,,,,3.0,,not finished,,,,,False,False
export_units-2026-03-09_1773089560.xlsx,Worksheet,THE MORNINGS,,,9030000.0,,,,,2.0,,not finished,,,,,False,False
export_units-2026-03-09_1773089560.xlsx,Worksheet,THE MORNINGS,,,12653000.0,,,,,,,not finished,,,,,False,False
export_units-2026-03-09_1773089560.xlsx,Worksheet,THE MORNINGS,,,12709000.0,,,,,3.0,,not finished,,,,,False,False
export_units-2026-03-09_1773089560.xlsx,Worksheet,THE MORNINGS,,,4885000.0,,,,,1.0,,not finished,,,,,False,False
export_units-2026-03-09_1773089560.xlsx,Worksheet,THE MORNINGS,,,10257000.0,,,,,,,not finished,,,,,False,False
export_units-2026-03-09_1773089560.xlsx,Worksheet,THE MORNINGS,,,12932000.0,,,,,3.0,,not finished,,,,,False,False
export_units-2026-03-09_1773089560.xlsx,Worksheet,THE MORNINGS,,,9646000.0,,,,,,,not finished,,,,,False,False
export_units-2026-03-09_1773089560.xlsx,Worksheet,THE MORNINGS,,,9814000.0,,,,,2.0,,not finished,,,,,False,False
export_units-2026-03-09_1773089560.xlsx,Worksheet,THE MORNINGS,,,12501000.0,,,,,,,not finished,,,,,False,False
export_units-2026-03-09_1773089560.xlsx,Worksheet,THE MORNINGS,,,12733000.0,,,,,3.0,,not finished,,,,,False,False
export_units-2026-03-09_1773089560.xlsx,Worksheet,THE MORNINGS,,,9215000.0,,,,,2.0,,not finished,,,,,False,False
export_units-2026-03-09_1773089560.xlsx,Worksheet,THE MORNINGS,,,9484000.0,,,,,2.0,,not finished,,,,,False,False
export_units-2026-03-09_1773089560.xlsx,Worksheet,THE MORNINGS,,,9859000.0,,,,,2.0,,not finished,,,,,False,False
export_units-2026-03-09_1773089560.xlsx,Worksheet,THE MORNINGS,,,12559000.0,,,,,3.0,,not finished,,,,,False,False
export_units-2026-03-09_1773089560.xlsx,Worksheet,THE MORNINGS,,,9259000.0,,,,,2.0,,not finished,,,,,False,False
export_units-2026-03-09_1773089560.xlsx,Worksheet,THE MORNINGS,,,9527000.0,,,,,2.0,,not finished,,,,,False,False
export_units-2026-03-09_1773089560.xlsx,Worksheet,THE MORNINGS,,,9904000.0,,,,,2.0,,not finished,,,,,False,False
export_units-2026-03-09_1773089560.xlsx,Worksheet,THE MORNINGS,,,12617000.0,,,,,3.0,,not finished,,,,,False,False
export_units-2026-03-09_1773089560.xlsx,Worksheet,THE MORNINGS,,,12848000.0,,,,,3.0,,not finished,,,,,False,False
export_units-2026-03-09_1773089560.xlsx,Worksheet,THE MORNINGS,,,9571000.0,,,,,2.0,,not finished,,,,,False,False
export_units-2026-03-09_1773089560.xlsx,Worksheet,THE MORNINGS,,,12675000.0,,,,,2.0,,not finished,,,,,False,False
export_units-2026-03-09_1773089560.xlsx,Worksheet,THE MORNINGS,,,12906000.0,,,,,3.0,,not finished,,,,,False,False
export_units-2026-03-09_1773089560.xlsx,Worksheet,THE MORNINGS,,,9614000.0,,,,,2.0,,not finished,,,,,False,False
export_units-2026-03-09_1773089560.xlsx,Worksheet,THE MORNINGS,,,9994000.0,,,,,2.0,,not finished,,,,,False,False
export_units-2026-03-09_1773089560.xlsx,Worksheet,THE MORNINGS,,,12965000.0,,,,,3.0,,not finished,,,,,False,False
export_units-2026-03-09_1773089560.xlsx,Worksheet,THE MORNINGS,,,9657000.0,,,,,2.0,,not finished,,,,,False,False
export_units-2026-03-09_1773089560.xlsx,Worksheet,THE MORNINGS,,,13339000.0,,,,,3.0,,not finished,,,,,False,False
export_units-2026-03-09_1773089560.xlsx,Worksheet,THE MORNINGS,,,13243000.0,,,,,3.0,,not finished,,,,,False,False
export_units-2026-03-09_1773089560.xlsx,Worksheet,THE MORNINGS,,,12653000.0,,,,,3.0,,not finished,,,,,False,False
export_units-2026-03-09_1773089560.xlsx,Worksheet,THE MORNINGS,,,13362000.0,,,,,3.0,,not finished,,,,,False,False
export_units-2026-03-09_1773089560.xlsx,Worksheet,THE MORNINGS,,,6395000.0,,,,,2.0,,not finished,,,,,False,False
export_units-2026-03-09_1773089560.xlsx,Worksheet,THE MORNINGS,,,9910000.0,,,,,2.0,,not finished,,,,,False,False
export_units-2026-03-09_1773089560.xlsx,Worksheet,THE MORNINGS,,,6424000.0,,,,,1.0,,not finished,,,,,False,False
export_units-2026-03-09_1773089560.xlsx,Worksheet,THE MORNINGS,,,8721000.0,,,,,2.0,,not finished,,,,,False,False
export_units-2026-03-09_1773089560.xlsx,Worksheet,THE MORNINGS,,,9383000.0,,,,,2.0,,not finished,,,,,False,False
export_units-2026-03-09_1773089560.xlsx,Worksheet,THE MORNINGS,,,9781000.0,,,,,2.0,,not finished,,,,,False,False
export_units-2026-03-09_1773089560.xlsx,Worksheet,THE MORNINGS,,,9826000.0,,,,,2.0,,not finished,,,,,False,False
export_units-2026-03-09_1773089560.xlsx,Worksheet,THE MORNINGS,,,7928000.0,,,,,2.0,,not finished,,,,,False,False
export_units-2026-03-09_1773089560.xlsx,Worksheet,THE MORNINGS,,,7087000.0,,,,,,,Not Finished,,,,,False,False
export_units-2026-03-09_1773089560.xlsx,Worksheet,THE MORNINGS,,,7152000.0,,,,,,,Not Finished,,,,,False,False
export_units-2026-03-09_1773089560.xlsx,Worksheet,THE MORNINGS,,,4652000.0,,,,,,,not finished,,,,,False,False
export_units-2026-03-09_1773089560.xlsx,Worksheet,THE MORNINGS,,,9406000.0,,,,,2.0,,not finished,,,,,False,False
export_units-2026-03-09_1773089560.xlsx,Worksheet,THE MORNINGS,,,10525000.0,,,,,2.0,,not finished,,,,,False,False
export_units-2026-03-09_1773089560.xlsx,Worksheet,THE MORNINGS,,,4325000.0,,,,,1.0,,not finished,,,,,False,False
export_units-2026-03-09_1773089560.xlsx,Worksheet,THE MORNINGS,,,4675000.0,,,,,,,not finished,,,,,False,False
export_units-2026-03-09_1773089560.xlsx,Worksheet,THE MORNINGS,,,9113000.0,,,,,2.0,,not finished,,,,,False,False
export_units-2026-03-09_1773089560.xlsx,Worksheet,THE MORNINGS,,,12373000.0,,,,,,,not finished,,,,,False,False
export_units-2026-03-09_1773089560.xlsx,Worksheet,THE MORNINGS,,,9196000.0,,,,,2.0,,not finished,,,,,False,False
export_units-2026-03-09_1773089560.xlsx,Worksheet,THE MORNINGS,,,4722000.0,,,,,1.0,,not finished,,,,,False,False
export_units-2026-03-09_1773089560.xlsx,Worksheet,THE MORNINGS,,,5265000.0,,,,,1.0,,not finished,,,,,False,False
export_units-2026-03-09_1773089560.xlsx,Worksheet,THE MORNINGS,,,4675000.0,,,,,1.0,,not finished,,,,,False,False
export_units-2026-03-09_1773089560.xlsx,Worksheet,THE MORNINGS,,,7555000.0,,,,,,,finished,,,,,False,False
export_units-2026-03-09_1773089560.xlsx,Worksheet,THE MORNINGS,,,17397000.0,,,,,,,finished,,,,,False,False
export_units-2026-03-09_1773089560.xlsx,Worksheet,THE MORNINGS,,,7191000.0,,,,,,,finished,,,,,False,False
export_units-2026-03-09_1773089560.xlsx,Worksheet,THE MORNINGS,,,6958000.0,,,,,,,finished,,,,,False,False
export_units-2026-03-09_1773089560.xlsx,Worksheet,THE MORNINGS,,,13498000.0,,,,,,,Not Finished,,,,,False,False
export_units-2026-03-09_1773089560.xlsx,Worksheet,THE MORNINGS,,,7725000.0,,,,,,,Not Finished,,,,,False,False
export_units-2026-03-09_1773089560.xlsx,Worksheet,THE MORNINGS,,,8516000.0,,,,,,,Not Finished,,,,,False,False
export_units-2026-03-09_1773089560.xlsx,Worksheet,YOUD,,,54379000.0,,,,,4.0,,finished,,,,,False,False
export_units-2026-03-09_1773089560.xlsx,Worksheet,YOUD,,,61467000.0,,,,,4.0,,finished,,,,,False,False
export_units-2026-03-09_1773089560.xlsx,Worksheet,YOUD,,,67646000.0,,,,,4.0,,finished,,,,,False,False
export_units-2026-03-09_1773089560.xlsx,Worksheet,YOUD,,,40671000.0,,,,,4.0,,finished,,,,,False,False
export_units-2026-03-09_1773089560.xlsx,Worksheet,YOUD,,,45389000.0,,,,,4.0,,finished,,,,,False,False
export_units-2026-03-09_1773089560.xlsx,Worksheet,YOUD,,,42624000.0,,,,,4.0,,finished,,,,,False,False
export_units-2026-03-09_1773089560.xlsx,Worksheet,YOUD,,,17685000.0,,,,,3.0,,finished,,,,,False,False
export_units-2026-03-09_1773089560.xlsx,Worksheet,YOUD,,,16968000.0,,,,,3.0,,finished,,,,,False,False
export_units-2026-03-09_1773089560.xlsx,Worksheet,YOUD,,,14738000.0,,,,,3.0,,finished,,,,,False,False
export_units-2026-03-09_1773089560.xlsx,Worksheet,YOUD,,,11659000.0,,,,,3.0,,finished,,,,,False,False
export_units-2026-03-09_1773089560.xlsx,Worksheet,YOUD,,,12886000.0,,,,,3.0,,finished,,,,,False,False
export_units-2026-03-09_1773089560.xlsx,Worksheet,YOUD,,,14181000.0,,,,,3.0,,finished,,,,,False,False
export_units-2026-03-09_1773089560.xlsx,Worksheet,YOUD,,,13662000.0,,,,,3.0,,finished,,,,,False,False
export_units-2026-03-09_1773089560.xlsx,Worksheet,YOUD,,,9279000.0,,,,,2.0,,finished,,,,,False,False
export_units-2026-03-09_1773089560.xlsx,Worksheet,YOUD,,,10655000.0,,,,,2.0,,finished,,,,,False,False
export_units-2026-03-09_1773089560.xlsx,Worksheet,YOUD,,,9734000.0,,,,,2.0,,finished,,,,,False,False
export_units-2026-03-09_1773089560.xlsx,Worksheet,YOUD,,,11320000.0,,,,,2.0,,finished,,,,,False,False
export_units-2026-03-09_1773089560.xlsx,Worksheet,YOUD,,,11543000.0,,,,,2.0,,finished,,,,,False,False
export_units-2026-03-09_1773089560.xlsx,Worksheet,YOUD,,,22620000.0,,,,,3.0,,finished,,,,,False,False
export_units-2026-03-09_1773089560.xlsx,Worksheet,YOUD,,,19252000.0,,,,,3.0,,finished,,,,,False,False
export_units-2026-03-09_1773089560.xlsx,Worksheet,YOUD,,,14839000.0,,,,,3.0,,finished,,,,,False,False
export_units-2026-03-09_1773089560.xlsx,Worksheet,YOUD,,,14212000.0,,,,,3.0,,finished,,,,,False,False
export_units-2026-03-09_1773089560.xlsx,Worksheet,YOUD,,,14030000.0,,,,,3.0,,finished,,,,,False,False
export_units-2026-03-09_1773089560.xlsx,Worksheet,YOUD,,,16586000.0,,,,,3.0,,finished,,,,,False,False
export_units-2026-03-09_1773089560.xlsx,Worksheet,YOUD,,,16816000.0,,,,,3.0,,finished,,,,,False,False
export_units-2026-03-09_1773089560.xlsx,Worksheet,YOUD,,,14859000.0,,,,,3.0,,finished,,,,,False,False
export_units-2026-03-09_1773089560.xlsx,Worksheet,YOUD,,,12242000.0,,,,,3.0,,finished,,,,,False,False
export_units-2026-03-09_1773089560.xlsx,Worksheet,YOUD,,,9582000.0,,,,,2.0,,finished,,,,,False,False
export_units-2026-03-09_1773089560.xlsx,Worksheet,YOUD,,,10251000.0,,,,,2.0,,finished,,,,,False,False
export_units-2026-03-09_1773089560.xlsx,Worksheet,YOUD,,,10380000.0,,,,,2.0,,finished,,,,,False,False
export_units-2026-03-09_1773089560.xlsx,Worksheet,YOUD,,,10341000.0,,,,,2.0,,finished,,,,,False,False
export_units-2026-03-09_1773089560.xlsx,Worksheet,YOUD,,,8063000.0,,,,,2.0,,finished,,,,,False,False
export_units-2026-03-09_1773089560.xlsx,Worksheet,YOUD,,,8265000.0,,,,,2.0,,finished,,,,,False,False
export_units-2026-03-09_1773089560.xlsx,Worksheet,YOUD,,,8372000.0,,,,,2.0,,finished,,,,,False,False
export_units-2026-03-09_1773089560.xlsx,Worksheet,YOUD,,,8208000.0,,,,,2.0,,finished,,,,,False,False
export_units-2026-03-09_1773089560.xlsx,Worksheet,YOUD,,,8174000.0,,,,,2.0,,finished,,,,,False,False
export_units-2026-03-09_1773089560.xlsx,Worksheet,YOUD,,,8036000.0,,,,,2.0,,finished,,,,,False,False
export_units-2026-03-09_1773089560.xlsx,Worksheet,YOUD,,,8251000.0,,,,,2.0,,finished,,,,,False,False
export_units-2026-03-09_1773089560.xlsx,Worksheet,YOUD,,,8604000.0,,,,,2.0,,finished,,,,,False,False
export_units-2026-03-09_1773089560.xlsx,Worksheet,YOUD,,,7648000.0,,,,,2.0,,finished,,,,,False,False
export_units-2026-03-09_1773089560.xlsx,Worksheet,YOUD,,,8946000.0,,,,,2.0,,finished,,,,,False,False
export_units-2026-03-09_1773089560.xlsx,Worksheet,YOUD,,,7893000.0,,,,,2.0,,finished,,,,,False,False
export_units-2026-03-09_1773089560.xlsx,Worksheet,YOUD,,,8190000.0,,,,,2.0,,finished,,,,,False,False
export_units-2026-03-09_1773089560.xlsx,Worksheet,YOUD,,,8532000.0,,,,,2.0,,finished,,,,,False,False
export_units-2026-03-09_1773089560.xlsx,Worksheet,YOUD,,,8387000.0,,,,,2.0,,finished,,,,,False,False
export_units-2026-03-09_1773089560.xlsx,Worksheet,YOUD,,,8999000.0,,,,,2.0,,finished,,,,,False,False
export_units-2026-03-09_1773089560.xlsx,Worksheet,YOUD,,,9334000.0,,,,,2.0,,finished,,,,,False,False
export_units-2026-03-09_1773089560.xlsx,Worksheet,YOUD,,,9711000.0,,,,,2.0,,finished,,,,,False,False
export_units-2026-03-09_1773089560.xlsx,Worksheet,YOUD,,,9441000.0,,,,,2.0,,finished,,,,,False,False
Units Availability Report-2026-03-09-10-54-06.xlsx,Units Availability Report,Rai Valleys,,,16407425.58,206.0,,63.9,14.9,,,,,,,79647.69699029127,True,True
Units Availability Report-2026-03-09-10-54-06.xlsx,Units Availability Report,Rai Valleys,,,16427846.19,206.0,,65.8,14.9,,,,,,,79746.82616504854,True,True
Units Availability Report-2026-03-09-10-54-06.xlsx,Units Availability Report,Rai Valleys,,,16438593.88,206.0,,66.8,14.9,,,,,,,79798.99941747573,True,True
Units Availability Report-2026-03-09-10-54-06.xlsx,Units Availability Report,Rai Valleys,,,17135420.47,206.0,,58.5,14.9,,,,,,,83181.65276699029,True,True
Units Availability Report-2026-03-09-10-54-06.xlsx,Units Availability Report,Rai Valleys,,,17623579.55,206.0,,57.8,14.9,,,,,,,85551.35703883496,True,True
Units Availability Report-2026-03-09-10-54-06.xlsx,Units Availability Report,Rai Valleys,,,17704714.07,206.0,,64.8,14.9,,,,,,,85945.21393203884,True,True
Units Availability Report-2026-03-09-10-54-06.xlsx,Units Availability Report,Rai Valleys,,,17710509.39,206.0,,65.3,14.9,,,,,,,85973.34655339806,True,True
Units Availability Report-2026-03-09-10-54-06.xlsx,Units Availability Report,Rai Valleys,,,17889721.9,206.0,,53.2,14.9,,,,,,,86843.31019417474,True,True
Units Availability Report-2026-03-09-10-54-06.xlsx,Units Availability Report,Rai Valleys,,,17895622.59,206.0,,53.7,14.9,,,,,,,86871.95432038835,True,True
Units Availability Report-2026-03-09-10-54-06.xlsx,Units Availability Report,Rai Valleys,,,17899163.01,206.0,,54.0,14.9,,,,,,,86889.14082524272,True,True
Units Availability Report-2026-03-09-10-54-06.xlsx,Units Availability Report,Rai Valleys,,,18765797.84,206.0,,54.3,14.9,,,,,,,91096.10601941748,True,True
Units Availability Report-2026-03-09-10-54-06.xlsx,Units Availability Report,Rai Valleys,,,20299406.81,212.0,,158.3,15.3,,,,,,,95751.91891509433,True,True
Units Availability Report-2026-03-09-10-54-06.xlsx,Units Availability Report,Rai Valleys,,,18376181.38,206.0,,53.8,14.9,,,,,,,89204.76398058252,True,True
Units Availability Report-2026-03-09-10-54-06.xlsx,Units Availability Report,Rai Valleys,,,18385875.37,206.0,,54.6,14.9,,,,,,,89251.82218446603,True,True
Units Availability Report-2026-03-09-10-54-06.xlsx,Units Availability Report,Rai Valleys,,,18383451.87,206.0,,54.4,14.9,,,,,,,89240.05762135923,True,True
Units Availability Report-2026-03-09-10-54-06.xlsx,Units Availability Report,Rai Valleys,,,17092201.06,206.0,,53.3,14.9,,,,,,,82971.84980582523,True,True
Units Availability Report-2026-03-09-10-54-06.xlsx,Units Availability Report,Rai Valleys,,,17135044.3,206.0,,57.1,14.9,,,,,,,83179.82669902913,True,True
Units Availability Report-2026-03-09-10-54-06.xlsx,Units Availability Report,Rai Valleys,,,17207201.33,206.0,,63.5,14.9,,,,,,,83530.10354368931,True,True
Units Availability Report-2026-03-09-10-54-06.xlsx,Units Availability Report,Rai Valleys,,,17191416.98,206.0,,62.1,14.9,,,,,,,83453.4804854369,True,True
Units Availability Report-2026-03-09-10-54-06.xlsx,Units Availability Report,Rai Valleys,,,17193671.89,206.0,,62.3,14.9,,,,,,,83464.42665048545,True,True
Units Availability Report-2026-03-09-10-54-06.xlsx,Units Availability Report,Rai Valleys,,,17222985.68,206.0,,64.9,14.9,,,,,,,83606.72660194174,True,True
Units Availability Report-2026-03-09-10-54-06.xlsx,Units Availability Report,esse residence,,,24618566.33,239.0,,59.745,78.3,,,,,,,103006.55368200837,True,True
Units Availability Report-2026-03-09-10-54-06.xlsx,Units Availability Report,esse residence,,,23468098.54,239.0,,59.739,78.3,,,,,,,98192.8809205021,True,True
Units Availability Report-2026-03-09-10-54-06.xlsx,Units Availability Report,esse residence,,,23286364.83,239.0,,114.702,78.3,,,,,,,97432.48882845188,True,True
Units Availability Report-2026-03-09-10-54-06.xlsx,Units Availability Report,esse residence,,,25551386.5,239.0,,118.746,78.3,,,,,,,106909.5669456067,True,True
Units Availability Report-2026-03-09-10-54-06.xlsx,Units Availability Report,The Butterfly,,,20718026.96,248.0,,56.0,24.148,,,,,,,83540.43129032258,True,True
Units Availability Report-2026-03-09-10-54-06.xlsx,Units Availability Report,The Butterfly,,,20717935.47,248.0,,56.0,24.14,,,,,,,83540.06237903226,True,True
Units Availability Report-2026-03-09-10-54-06.xlsx,Units Availability Report,The Butterfly,,,20717981.22,248.0,,56.0,24.144,,,,,,,83540.24685483871,True,True
Units Availability Report-2026-03-09-10-54-06.xlsx,Units Availability Report,The Butterfly,,,25723865.8,259.0,,162.0,24.722,,,,,,,99319.94517374517,True,True
Units Availability Report-2026-03-09-10-54-06.xlsx,Units Availability Report,The Butterfly,,,19772676.03,248.0,,54.0,24.148,,,,,,,79728.53237903226,True,True
Units Availability Report-2026-03-09-10-54-06.xlsx,Units Availability Report,The Butterfly,,,25293808.17,259.0,,272.0,24.722,,,,,,,97659.49100386101,True,True
Units Availability Report-2026-03-09-10-54-06.xlsx,Units Availability Report,The Butterfly,,,24579219.4,259.0,,158.0,24.722,,,,,,,94900.461003861,True,True
Units Availability Report-2026-03-09-10-54-06.xlsx,Units Availability Report,The Butterfly,,,20688077.7,248.0,,54.0,24.148,,,,,,,83419.66814516128,True,True
Units Availability Report-2026-03-09-10-54-06.xlsx,Units Availability Report,The Butterfly,,,20687986.22,248.0,,54.0,24.14,,,,,,,83419.29927419354,True,True
Units Availability Report-2026-03-09-10-54-06.xlsx,Units Availability Report,The Butterfly,,,20688031.96,248.0,,54.0,24.144,,,,,,,83419.48370967743,True,True
Units Availability Report-2026-03-09-10-54-06.xlsx,Units Availability Report,The Butterfly,,,19955756.37,248.0,,54.0,24.148,,,,,,,80466.75955645162,True,True
Units Availability Report-2026-03-09-10-54-06.xlsx,Units Availability Report,The Butterfly,,,19955668.12,248.0,,54.0,24.14,,,,,,,80466.40370967743,True,True
Units Availability Report-2026-03-09-10-54-06.xlsx,Units Availability Report,The Butterfly,,,20747976.21,248.0,,58.0,24.148,,,,,,,83661.19439516129,True,True
Units Availability Report-2026-03-09-10-54-06.xlsx,Units Availability Report,The Butterfly,,,20777925.46,248.0,,60.0,24.148,,,,,,,83781.9575,True,True
Units Availability Report-2026-03-09-10-54-06.xlsx,Units Availability Report,The Butterfly,,,20807783.24,248.0,,62.0,24.14,,,,,,,83902.35177419354,True,True
Units Availability Report-2026-03-09-10-54-06.xlsx,Units Availability Report,The Butterfly,,,20837778.23,248.0,,64.0,24.144,,,,,,,84023.29931451613,True,True
Units Availability Report-2026-03-09-10-54-06.xlsx,Units Availability Report,The Butterfly,,,20703052.33,248.0,,55.0,24.148,,,,,,,83480.04971774193,True,True
Units Availability Report-2026-03-09-10-54-06.xlsx,Units Availability Report,The Butterfly,,,20702960.85,248.0,,55.0,24.14,,,,,,,83479.6808467742,True,True
Units Availability Report-2026-03-09-10-54-06.xlsx,Units Availability Report,The Butterfly,,,19970156.8,248.0,,55.0,24.144,,,,,,,80524.82580645161,True,True
Units Availability Report-2026-03-09-10-54-06.xlsx,Units Availability Report,The Butterfly,,,32811026.73,240.0,,280.0,39.5,,,,,,,136712.611375,True,True
Units Availability Report-2026-03-09-10-54-06.xlsx,Units Availability Report,The Butterfly,,,32191950.75,240.0,,280.0,39.5,,,,,,,134133.128125,True,True
Units Availability Report-2026-03-09-10-54-06.xlsx,Units Availability Report,The Butterfly,,,35413378.76,240.0,,238.0,39.5,,,,,,,147555.74483333333,True,True
Units Availability Report-2026-03-09-10-54-06.xlsx,Units Availability Report,The Butterfly,,,33019599.23,240.0,,214.722,39.5,,,,,,,137581.66345833332,True,True
Units Availability Report-2026-03-09-10-54-06.xlsx,Units Availability Report,The Butterfly,,,32167418.95,240.0,,220.0,39.5,,,,,,,134030.91229166667,True,True
Units Availability Report-2026-03-09-10-54-06.xlsx,Units Availability Report,The Butterfly,,,29268063.78,240.0,,220.0,39.5,,,,,,,121950.26575,True,True
Units Availability Report-2026-03-09-10-54-06.xlsx,Units Availability Report,The Butterfly,,,21119252.88,239.0,,50.0,72.1,,,,,,,88365.07481171547,True,True
Units Availability Report-2026-03-09-10-54-06.xlsx,Units Availability Report,The Butterfly,,,24560382.97,239.0,,95.0,72.1,,,,,,,102763.10866108786,True,True
Units Availability Report-2026-03-09-10-54-06.xlsx,Units Availability Report,The Butterfly,,,22981936.83,239.0,,46.0,72.1,,,,,,,96158.73150627615,True,True
Units Availability Report-2026-03-09-10-54-06.xlsx,Units Availability Report,The Butterfly,,,22172099.85,239.0,,49.0,72.1,,,,,,,92770.29225941423,True,True
Units Availability Report-2026-03-09-10-54-06.xlsx,Units Availability Report,The Butterfly,,,21013340.25,239.0,,54.0,72.1,,,,,,,87921.92573221757,True,True
Units Availability Report-2026-03-09-10-54-06.xlsx,Units Availability Report,The Butterfly,,,22392611.18,239.0,,65.0,72.1,,,,,,,93692.93380753139,True,True
Units Availability Report-2026-03-09-10-54-06.xlsx,Units Availability Report,The Butterfly,,,22337483.35,239.0,,61.0,72.1,,,,,,,93462.27343096235,True,True
Units Availability Report-2026-03-09-10-54-06.xlsx,Units Availability Report,The Butterfly,,,34044886.12,240.0,,225.0,39.5,,,,,,,141853.69216666665,True,True
Units Availability Report-2026-03-09-10-54-06.xlsx,Units Availability Report,The Butterfly,,,21931607.71,239.0,,47.0,72.1,,,,,,,91764.0489958159,True,True
Units Availability Report-2026-03-09-10-54-06.xlsx,Units Availability Report,The Butterfly,,,23463937.3,239.0,,95.0,72.1,,,,,,,98175.46987447698,True,True
Units Availability Report-2026-03-09-10-54-06.xlsx,Units Availability Report,The Butterfly,,,21958906.59,239.0,,49.0,72.1,,,,,,,91878.27025104602,True,True
Units Availability Report-2026-03-09-10-54-06.xlsx,Units Availability Report,The Butterfly,,,20945093.06,239.0,,49.0,72.1,,,,,,,87636.37263598325,True,True
Units Availability Report-2026-03-09-10-54-06.xlsx,Units Availability Report,The Butterfly,,,22144535.94,239.0,,47.0,72.1,,,,,,,92654.96209205022,True,True
Units Availability Report-2026-03-09-10-54-06.xlsx,Units Availability Report,The Butterfly,,,22158317.9,239.0,,48.0,72.1,,,,,,,92712.62719665271,True,True
Units Availability Report-2026-03-09-10-54-06.xlsx,Units Availability Report,The Butterfly,,,21026989.69,239.0,,55.0,72.1,,,,,,,87979.03635983264,True,True
Units Availability Report-2026-03-09-10-54-06.xlsx,Units Availability Report,The Butterfly,,,22199663.77,239.0,,51.0,72.1,,,,,,,92885.62246861924,True,True
Units Availability Report-2026-03-09-10-54-06.xlsx,Units Availability Report,The Butterfly,,,20931443.62,239.0,,48.0,72.1,,,,,,,87579.26200836821,True,True
Units Availability Report-2026-03-09-10-54-06.xlsx,Units Availability Report,The Butterfly,,,22040803.22,239.0,,55.0,72.1,,,,,,,92220.9339748954,True,True
Units Availability Report-2026-03-09-10-54-06.xlsx,Units Availability Report,The Butterfly,,,21040639.13,239.0,,56.0,72.1,,,,,,,88036.14698744769,True,True
Units Availability Report-2026-03-09-10-54-06.xlsx,Units Availability Report,The Butterfly,,,32697847.06,240.0,,213.0,39.5,,,,,,,136241.02941666666,True,True
Units Availability Report-2026-03-09-10-54-06.xlsx,Units Availability Report,The Butterfly,,,32719705.44,240.0,,215.0,39.5,,,,,,,136332.106,True,True
Units Availability Report-2026-03-09-10-54-06.xlsx,Units Availability Report,The Butterfly,,,21819907.31,248.0,,54.0,24.148,,,,,,,87983.49721774193,True,True
Units Availability Report-2026-03-09-10-54-06.xlsx,Units Availability Report,The Butterfly,,,19815612.13,248.0,,57.0,24.148,,,,,,,79901.66181451612,True,True
Units Availability Report-2026-03-09-10-54-06.xlsx,Units Availability Report,The Butterfly,,,19829924.17,248.0,,58.0,24.148,,,,,,,79959.37165322581,True,True
Units Availability Report-2026-03-09-10-54-06.xlsx,Units Availability Report,The Butterfly,,,19844148.76,248.0,,59.0,24.14,,,,,,,80016.72887096775,True,True
Units Availability Report-2026-03-09-10-54-06.xlsx,Units Availability Report,The Butterfly,,,19858504.51,248.0,,60.0,24.144,,,,,,,80074.61495967742,True,True
Units Availability Report-2026-03-09-10-54-06.xlsx,Units Availability Report,The Butterfly,,,19786900.63,248.0,,55.0,24.14,,,,,,,79785.88963709677,True,True
Units Availability Report-2026-03-09-10-54-06.xlsx,Units Availability Report,The Butterfly,,,19786988.07,248.0,,55.0,24.148,,,,,,,79786.24221774194,True,True
Units Availability Report-2026-03-09-10-54-06.xlsx,Units Availability Report,The Butterfly,,,19786944.35,248.0,,55.0,24.144,,,,,,,79786.06592741936,True,True
Units Availability Report-2026-03-09-10-54-06.xlsx,Units Availability Report,The Butterfly,,,21121924.99,248.0,,62.0,24.14,,,,,,,85169.05237903225,True,True
Units Availability Report-2026-03-09-10-54-06.xlsx,Units Availability Report,The Butterfly,,,27117593.25,259.0,,204.0,24.722,,,,,,,104701.13223938223,True,True
Units Availability Report-2026-03-09-10-54-06.xlsx,Units Availability Report,The Butterfly,,,20912697.11,248.0,,69.0,24.148,,,,,,,84325.39157258064,True,True
Units Availability Report-2026-03-09-10-54-06.xlsx,Units Availability Report,The Butterfly,,,21032494.12,248.0,,77.0,24.148,,,,,,,84808.44403225806,True,True
Units Availability Report-2026-03-09-10-54-06.xlsx,Units Availability Report,The Butterfly,,,32643201.12,240.0,,208.0,39.5,,,,,,,136013.33800000002,True,True
Units Availability Report-2026-03-09-10-54-06.xlsx,Units Availability Report,The Butterfly,,,32807138.95,240.0,,223.0,39.5,,,,,,,136696.41229166667,True,True
Units Availability Report-2026-03-09-10-54-06.xlsx,Units Availability Report,The Butterfly,,,31592059.73,240.0,,223.0,39.5,,,,,,,131633.58220833333,True,True
Units Availability Report-2026-03-09-10-54-06.xlsx,Units Availability Report,The Butterfly,,,34319206.92,240.0,,222.407,39.5,,,,,,,142996.6955,True,True
Units Availability Report-2026-03-09-10-54-06.xlsx,Units Availability Report,The Butterfly,,,31227904.62,240.0,,222.365,39.5,,,,,,,130116.26925,True,True
Units Availability Report-2026-03-09-10-54-06.xlsx,Units Availability Report,The Butterfly,,,31200860.45,240.0,,220.0,39.5,,,,,,,130003.58520833333,True,True
Units Availability Report-2026-03-09-10-54-06.xlsx,Units Availability Report,The Butterfly,,,31841381.74,240.0,,204.0,39.5,,,,,,,132672.42391666665,True,True
Units Availability Report-2026-03-09-10-54-06.xlsx,Units Availability Report,The Butterfly,,,35014260.98,240.0,,204.0,39.5,,,,,,,145892.75408333333,True,True
Units Availability Report-2026-03-09-10-54-06.xlsx,Units Availability Report,The Butterfly,,,19772588.6,248.0,,54.0,24.14,,,,,,,79728.17983870968,True,True
Units Availability Report-2026-03-09-10-54-06.xlsx,Units Availability Report,The Butterfly,,,19772632.32,248.0,,54.0,24.144,,,,,,,79728.35612903225,True,True
Units Availability Report-2026-03-09-10-54-06.xlsx,Units Availability Report,The Butterfly,,,19844192.48,248.0,,59.0,24.144,,,,,,,80016.90516129033,True,True
Units Availability Report-2026-03-09-10-54-06.xlsx,Units Availability Report,The Butterfly,,,19858548.23,248.0,,60.0,24.148,,,,,,,80074.79125,True,True
Units Availability Report-2026-03-09-10-54-06.xlsx,Units Availability Report,The Butterfly,,,19872772.83,248.0,,61.0,24.14,,,,,,,80132.1485080645,True,True
Units Availability Report-2026-03-09-10-54-06.xlsx,Units Availability Report,The Butterfly,,,19887128.58,248.0,,62.0,24.144,,,,,,,80190.03459677419,True,True
Units Availability Report-2026-03-09-10-54-06.xlsx,Units Availability Report,The Butterfly,,,19973044.49,248.0,,68.0,24.148,,,,,,,80536.46971774193,True,True
Units Availability Report-2026-03-09-10-54-06.xlsx,Units Availability Report,The Butterfly,,,22034587.81,248.0,,69.0,24.148,,,,,,,88849.14439516129,True,True
Units Availability Report-2026-03-09-10-54-06.xlsx,Units Availability Report,The Butterfly,,,22830088.21,248.0,,54.0,24.148,,,,,,,92056.8072983871,True,True
Units Availability Report-2026-03-09-10-54-06.xlsx,Units Availability Report,The Butterfly,,,22021943.49,248.0,,54.0,24.148,,,,,,,88798.15923387096,True,True
Units Availability Report-2026-03-09-10-54-06.xlsx,Units Availability Report,The Butterfly,,,20519839.48,248.0,,55.0,24.148,,,,,,,82741.28822580645,True,True
Units Availability Report-2026-03-09-10-54-06.xlsx,Units Availability Report,The Butterfly,,,20504906.7,248.0,,54.0,24.14,,,,,,,82681.0754032258,True,True
Units Availability Report-2026-03-09-10-54-06.xlsx,Units Availability Report,The Butterfly,,,25374877.36,259.0,,151.0,24.722,,,,,,,97972.49945945946,True,True
Units Availability Report-2026-03-09-10-54-06.xlsx,Units Availability Report,The Butterfly,,,21834219.35,248.0,,55.0,24.148,,,,,,,88041.20705645162,True,True
Units Availability Report-2026-03-09-10-54-06.xlsx,Units Availability Report,The Butterfly,,,24522549.53,259.0,,153.0,24.722,,,,,,,94681.65841698842,True,True
Units Availability Report-2026-03-09-10-54-06.xlsx,Units Availability Report,The Butterfly,,,19801300.1,248.0,,56.0,24.148,,,,,,,79843.95201612904,True,True
Units Availability Report-2026-03-09-10-54-06.xlsx,Units Availability Report,The Butterfly,,,19801212.67,248.0,,56.0,24.14,,,,,,,79843.59947580646,True,True
Units Availability Report-2026-03-09-10-54-06.xlsx,Units Availability Report,The Butterfly,,,19801256.38,248.0,,56.0,24.144,,,,,,,79843.77572580645,True,True
Units Availability Report-2026-03-09-10-54-06.xlsx,Units Availability Report,The Butterfly,,,24556551.46,259.0,,156.0,24.722,,,,,,,94812.94,True,True
Units Availability Report-2026-03-09-10-54-06.xlsx,Units Availability Report,The Butterfly,,,20903538.67,248.0,,60.0,24.148,,,,,,,84288.46237903227,True,True
Units Availability Report-2026-03-09-10-54-06.xlsx,Units Availability Report,The Butterfly,,,19858460.8,248.0,,60.0,24.14,,,,,,,80074.43870967742,True,True
Units Availability Report-2026-03-09-10-54-06.xlsx,Units Availability Report,The Butterfly,,,21066797.16,248.0,,58.0,24.14,,,,,,,84946.76274193548,True,True
Units Availability Report-2026-03-09-10-54-06.xlsx,Units Availability Report,The Butterfly,,,19829880.45,248.0,,58.0,24.144,,,,,,,79959.19536290322,True,True
Units Availability Report-2026-03-09-10-54-06.xlsx,Units Availability Report,The Butterfly,,,19844236.2,248.0,,59.0,24.148,,,,,,,80017.0814516129,True,True
Units Availability Report-2026-03-09-10-54-06.xlsx,Units Availability Report,The Butterfly,,,19829836.73,248.0,,58.0,24.14,,,,,,,79959.01907258065,True,True
Units Availability Report-2026-03-09-10-54-06.xlsx,Units Availability Report,Club Views,,,20540713.0,239.0,,54.4,72.1,,,,,,,85944.40585774058,True,True
Units Availability Report-2026-03-09-10-54-06.xlsx,Units Availability Report,Club Views,,,20535735.0,239.0,,54.1,72.1,,,,,,,85923.57740585774,True,True
Units Availability Report-2026-03-09-10-54-06.xlsx,Units Availability Report,Club Views,,,20237214.0,239.0,,53.7,72.1,,,,,,,84674.53556485356,True,True
Units Availability Report-2026-03-09-10-54-06.xlsx,Units Availability Report,Club Views,,,20232307.0,239.0,,53.4,72.1,,,,,,,84654.00418410041,True,True
Units Availability Report-2026-03-09-10-54-06.xlsx,Units Availability Report,Club Views,,,20238850.0,239.0,,53.8,72.1,,,,,,,84681.38075313807,True,True
Units Availability Report-2026-03-09-10-54-06.xlsx,Units Availability Report,Club Views,,,20214313.0,239.0,,52.3,72.1,,,,,,,84578.71548117154,True,True
Units Availability Report-2026-03-09-10-54-06.xlsx,Units Availability Report,Club Views,,,20215949.0,239.0,,52.4,72.1,,,,,,,84585.56066945607,True,True
Units Availability Report-2026-03-09-10-54-06.xlsx,Units Availability Report,Club Views,,,21999176.0,239.0,,54.3,72.1,,,,,,,92046.76150627615,True,True
Units Availability Report-2026-03-09-10-54-06.xlsx,Units Availability Report,Club Views,,,22006285.0,239.0,,54.7,72.1,,,,,,,92076.50627615063,True,True
Units Availability Report-2026-03-09-10-54-06.xlsx,Units Availability Report,Club Views,,,21993844.0,239.0,,54.0,72.1,,,,,,,92024.45188284518,True,True
Units Availability Report-2026-03-09-10-54-06.xlsx,Units Availability Report,Club Views,,,22002731.0,239.0,,54.5,72.1,,,,,,,92061.6359832636,True,True
Units Availability Report-2026-03-09-10-54-06.xlsx,Units Availability Report,Club Views,,,21997399.0,239.0,,54.2,72.1,,,,,,,92039.32635983263,True,True
Units Availability Report-2026-03-09-10-54-06.xlsx,Units Availability Report,Club Views,,,21986734.0,239.0,,53.6,72.1,,,,,,,91994.70292887029,True,True
Units Availability Report-2026-03-09-10-54-06.xlsx,Units Availability Report,Club Views,,,21992067.0,239.0,,53.9,72.1,,,,,,,92017.01673640167,True,True
Units Availability Report-2026-03-09-10-54-06.xlsx,Units Availability Report,Club Views,,,21990289.0,239.0,,53.8,72.1,,,,,,,92009.57740585774,True,True
Units Availability Report-2026-03-09-10-54-06.xlsx,Units Availability Report,Club Views,,,21032556.0,239.0,,54.7,72.1,,,,,,,88002.32635983263,True,True
Units Availability Report-2026-03-09-10-54-06.xlsx,Units Availability Report,Club Views,,,20557307.0,239.0,,55.4,72.1,,,,,,,86013.83682008368,True,True
Units Availability Report-2026-03-09-10-54-06.xlsx,Units Availability Report,Club Views,,,20545691.0,239.0,,54.7,72.1,,,,,,,85965.23430962343,True,True
Units Availability Report-2026-03-09-10-54-06.xlsx,Units Availability Report,TALALA,,,34059422.0,246.8,,199.0,39.5,,,,,,,138004.14100486223,True,True
Units Availability Report-2026-03-09-10-54-06.xlsx,Units Availability Report,TALALA,,,20095148.0,168.0,,124.6,33.0,,,,,,,119613.97619047618,True,True
Units Availability Report-2026-03-09-10-54-06.xlsx,Units Availability Report,TALALA,,,20093774.0,168.0,,124.5,33.0,,,,,,,119605.79761904762,True,True
Units Availability Report-2026-03-09-10-54-06.xlsx,Units Availability Report,TALALA,,,20361665.0,168.0,,144.0,33.0,,,,,,,121200.38690476191,True,True
Units Availability Report-2026-03-09-10-54-06.xlsx,Units Availability Report,TALALA,,,39870610.0,246.8,,227.3,39.5,,,,,,,161550.28363047002,True,True
Units Availability Report-2026-03-09-10-54-06.xlsx,Units Availability Report,TALALA,,,37324550.0,246.8,,249.3,39.5,,,,,,,151233.99513776336,True,True
Units Availability Report-2026-03-09-10-54-06.xlsx,Units Availability Report,TALALA,,,37271430.0,246.8,,245.7,39.5,,,,,,,151018.76012965964,True,True
Units Availability Report-2026-03-09-10-54-06.xlsx,Units Availability Report,TALALA,,,34700986.0,246.8,,245.7,39.5,,,,,,,140603.67098865478,True,True
Units Availability Report-2026-03-09-10-54-06.xlsx,Units Availability Report,TALALA,,,37592735.0,246.8,,245.7,39.5,,,,,,,152320.6442463533,True,True
Units Availability Report-2026-03-09-10-54-06.xlsx,Units Availability Report,TALALA,,,36897707.0,246.8,,199.0,39.5,,,,,,,149504.4854132901,True,True
Units Availability Report-2026-03-09-10-54-06.xlsx,Units Availability Report,TALALA,,,20163838.0,168.0,,129.6,33.0,,,,,,,120022.84523809524,True,True
Units Availability Report-2026-03-09-10-54-06.xlsx,Units Availability Report,TALALA,,,20444174.0,168.0,,112.2,33.0,,,,,,,121691.51190476191,True,True
Units Availability Report-2026-03-09-10-54-06.xlsx,Units Availability Report,TALALA,,,32815387.0,246.8,,224.4,39.5,,,,,,,132963.48055105348,True,True
Units Availability Report-2026-03-09-10-54-06.xlsx,Units Availability Report,TALALA,,,32701400.0,246.8,,215.7,39.5,,,,,,,132501.62074554295,True,True
Units Availability Report-2026-03-09-10-54-06.xlsx,Units Availability Report,TALALA,,,35497543.0,246.8,,211.4,39.5,,,,,,,143831.21150729334,True,True
Units Availability Report-2026-03-09-10-54-06.xlsx,Units Availability Report,TALALA,,,35511789.0,246.8,,212.4,39.5,,,,,,,143888.9343598055,True,True
Units Availability Report-2026-03-09-10-54-06.xlsx,Units Availability Report,TALALA,,,32732845.0,246.8,,218.1,39.5,,,,,,,132629.0316045381,True,True
Units Availability Report-2026-03-09-10-54-06.xlsx,Units Availability Report,TALALA,,,35276613.0,246.8,,218.2,39.5,,,,,,,142936.03322528364,True,True
Units Availability Report-2026-03-09-10-54-06.xlsx,Units Availability Report,TALALA,,,35278025.0,246.8,,218.3,39.5,,,,,,,142941.75445705024,True,True
Units Availability Report-2026-03-09-10-54-06.xlsx,Units Availability Report,TALALA,,,38138406.0,246.8,,218.3,39.5,,,,,,,154531.62884927067,True,True
Units Availability Report-2026-03-09-10-54-06.xlsx,Units Availability Report,TALALA,,,19605584.0,168.0,,96.3,33.0,,,,,,,116699.90476190476,True,True
Units Availability Report-2026-03-09-10-54-06.xlsx,Units Availability Report,TALALA,,,36683887.0,246.8,,227.5,39.5,,,,,,,148638.1158833063,True,True
Units Availability Report-2026-03-09-10-54-06.xlsx,Units Availability Report,TALALA,,,36833188.0,246.8,,216.0,39.5,,,,,,,149243.06320907618,True,True
Units Availability Report-2026-03-09-10-54-06.xlsx,Units Availability Report,TALALA,,,34292968.0,246.8,,216.0,39.5,,,,,,,138950.43760129658,True,True
Units Availability Report-2026-03-09-10-54-06.xlsx,Units Availability Report,TALALA,,,34354789.0,246.8,,220.5,39.5,,,,,,,139200.92787682332,True,True
Units Availability Report-2026-03-09-10-54-06.xlsx,Units Availability Report,TALALA,,,34357536.0,246.8,,220.7,39.5,,,,,,,139212.05834683953,True,True
Units Availability Report-2026-03-09-10-54-06.xlsx,Units Availability Report,TALALA,,,37208758.0,246.8,,219.9,39.5,,,,,,,150764.82171799027,True,True
Units Availability Report-2026-03-09-10-54-06.xlsx,Units Availability Report,TALALA,,,39702073.0,246.8,,278.1,39.5,,,,,,,160867.3946515397,True,True
Units Availability Report-2026-03-09-10-54-06.xlsx,Units Availability Report,TALALA,,,36774669.0,246.8,,278.2,39.5,,,,,,,149005.9521880065,True,True
Units Availability Report-2026-03-09-10-54-06.xlsx,Units Availability Report,TALALA,,,35147471.0,246.8,,278.2,39.5,,,,,,,142412.7674230146,True,True
Units Availability Report-2026-03-09-10-54-06.xlsx,Units Availability Report,TALALA,,,38076427.0,246.8,,278.2,39.5,,,,,,,154280.49837925445,True,True
Units Availability Report-2026-03-09-10-54-06.xlsx,Units Availability Report,TALALA,,,37231082.0,246.8,,221.4,39.5,,,,,,,150855.2755267423,True,True
Units Availability Report-2026-03-09-10-54-06.xlsx,Units Availability Report,TALALA,,,34510028.0,246.8,,231.8,39.5,,,,,,,139829.93517017827,True,True
Units Availability Report-2026-03-09-10-54-06.xlsx,Units Availability Report,TALALA,,,32946407.0,246.8,,234.4,39.5,,,,,,,133494.35575364667,True,True
Units Availability Report-2026-03-09-10-54-06.xlsx,Units Availability Report,TALALA,,,32778702.0,246.8,,221.6,39.5,,,,,,,132814.8379254457,True,True
Units Availability Report-2026-03-09-10-54-06.xlsx,Units Availability Report,ELM TREE PARK,,,35164749.0,235.0,,241.0,49.0,,,,,,,149637.22978723404,True,True
Units Availability Report-2026-03-09-10-54-06.xlsx,Units Availability Report,ELM TREE PARK,,,35056802.0,235.0,,233.0,49.0,,,,,,,149177.88085106382,True,True
Units Availability Report-2026-03-09-10-54-06.xlsx,Units Availability Report,RAI,,,25009008.43,175.0,,178.62,53.54,,,,,,,142908.6196,True,True
Units Availability Report-2026-03-09-10-54-06.xlsx,Units Availability Report,RAI,,,24970905.82,175.0,,175.97,53.54,,,,,,,142690.8904,True,True
Units Availability Report-2026-03-09-10-54-06.xlsx,Units Availability Report,Zahw Assuit,,,10784008.35,277.4,,278.2,39.0,,,,,,,38875.300468637346,True,True
Units Availability Report-2026-03-09-10-54-06.xlsx,Units Availability Report,Zahw Assuit,,,11261003.33,277.4,,264.2,39.0,,,,,,,40594.820944484505,True,True
Units Availability Report-2026-03-09-10-54-06.xlsx,Units Availability Report,Zahw Assuit,,,11198352.28,277.4,,237.2,39.0,,,,,,,40368.970007209806,True,True
Units Availability Report-2026-03-09-10-54-06.xlsx,Units Availability Report,Zahw Assuit,,,11003348.95,277.4,,300.2,39.0,,,,,,,39666.00198269647,True,True
Units Availability Report-2026-03-09-10-54-06.xlsx,Units Availability Report,Zahw Assuit,,,11197192.07,277.4,,236.7,39.0,,,,,,,40364.7875630858,True,True
Units Availability Report-2026-03-09-10-54-06.xlsx,Units Availability Report,Zahw Assuit,,,10776245.0,277.4,,236.7,39.0,,,,,,,38847.31434751262,True,True
Units Availability Report-2026-03-09-10-54-06.xlsx,Units Availability Report,Zahw Assuit,,,10817558.76,277.4,,255.2,39.0,,,,,,,38996.24643114636,True,True
Units Availability Report-2026-03-09-10-54-06.xlsx,Units Availability Report,Zahw Assuit,,,11084808.39,277.4,,261.2,39.0,,,,,,,39959.65533525596,True,True
Units Availability Report-2026-03-09-10-54-06.xlsx,Units Availability Report,ELAN,,,14866593.51,220.34,,0.0,127.73,,,,,,,67471.15144776255,False,True
Units Availability Report-2026-03-09-10-54-06.xlsx,Units Availability Report,ELAN,,,15245360.22,220.34,,0.0,127.73,,,,,,,69190.16165925388,False,True
Units Availability Report-2026-03-09-10-54-06.xlsx,Units Availability Report,ELAN,,,15055976.86,220.34,,0.0,127.73,,,,,,,68330.656530816,False,True
Units Availability Report-2026-03-09-10-54-06.xlsx,Units Availability Report,ELAN,,,14766045.7,218.68,,0.0,127.73,,,,,,,67523.53072983354,False,True
Units Availability Report-2026-03-09-10-54-06.xlsx,Units Availability Report,ELAN,,,15236301.94,218.68,,0.0,127.73,,,,,,,69673.9616791659,False,True
Units Availability Report-2026-03-09-10-54-06.xlsx,Units Availability Report,ELAN,,,14295789.47,218.68,,0.0,127.73,,,,,,,65373.09982623011,False,True
Units Availability Report-2026-03-09-10-54-06.xlsx,Units Availability Report,ELAN,,,16111773.99,218.68,,0.0,74.45,,,,,,,73677.40072251692,False,True
Units Availability Report-2026-03-09-10-54-06.xlsx,Units Availability Report,ELAN,,,15330051.21,218.68,,0.0,127.73,,,,,,,70102.66695628315,False,True
Units Availability Report-2026-03-09-10-54-06.xlsx,Units Availability Report,ORIGAMI,,,20013939.14,208.65,,0.0,0.0,,,,,,,95921.107788162,False,False
Units Availability Report-2026-03-09-10-54-06.xlsx,Units Availability Report,ORIGAMI,,,19366479.48,207.56,,0.0,0.0,,,,,,,93305.45133937175,False,False
Units Availability Report-2026-03-09-10-54-06.xlsx,Units Availability Report,RAI VIEWS,,,22521801.87,175.0,,173.84,53.54,,,,,,,128696.0106857143,True,True
Units Availability Report-2026-03-09-10-54-06.xlsx,Units Availability Report,RAI VIEWS,,,22500858.84,175.0,,172.268,53.54,,,,,,,128576.33622857142,True,True
Units Availability Report-2026-03-09-10-54-06.xlsx,Units Availability Report,Sarai S1,,,30258890.46,337.0,,124.52,28.0,,,,,,,89788.99246290802,True,True
Units Availability Report-2026-03-09-10-54-06.xlsx,Units Availability Report,Sheya Residence,,,18835940.7,205.64,,208.089,0.0,,,,,,,91596.67720287883,True,False
Units Availability Report-2026-03-09-10-54-06.xlsx,Units Availability Report,Sheya Residence,,,16410895.13,205.52,,121.687,0.0,,,,,,,79850.59911444141,True,False
Units Availability Report-2026-03-09-10-54-06.xlsx,Units Availability Report,Sheya Residence,,,15160873.54,217.8,,0.0,74.45,,,,,,,69609.15307621671,False,True
Units Availability Report-2026-03-09-10-54-06.xlsx,Units Availability Report,Sheya Residence,,,15818036.5,218.68,,0.0,74.45,,,,,,,72334.1709346991,False,True
Units Availability Report-2026-03-09-10-54-06.xlsx,Units Availability Report,Sheya Residence,,,18640889.25,220.34,,0.0,127.73,,,,,,,84600.56843968412,False,True
Units Availability Report-2026-03-09-10-54-06.xlsx,Units Availability Report,Sheya Residence,,,16353267.01,205.64,,0.0,0.0,,,,,,,79523.76488037348,False,False
Units Availability Report-2026-03-09-10-54-06.xlsx,Units Availability Report,Sheya Residence,,,18507571.23,205.64,,172.02,0.0,,,,,,,89999.86009531221,True,False
Units Availability Report-2026-03-09-10-54-06.xlsx,Units Availability Report,Sheya Residence,,,16366617.78,206.38,,118.495,0.0,,,,,,,79303.31320864425,True,False
Units Availability Report-2026-03-09-10-54-06.xlsx,Units Availability Report,Sheya Residence,,,18512678.64,218.68,,0.0,127.73,,,,,,,84656.47814157674,False,True
Units Availability Report-2026-03-09-10-54-06.xlsx,Units Availability Report,Sheya Residence,,,15412071.79,205.64,,0.0,0.0,,,,,,,74946.85756662129,False,False
Units Availability Report-2026-03-09-10-54-06.xlsx,Units Availability Report,Sheya Residence,,,15816247.03,204.78,,0.0,0.0,,,,,,,77235.31121203242,False,False
Units Availability Report-2026-03-09-10-54-06.xlsx,Units Availability Report,Sheya Residence,,,15404917.3,220.34,,0.0,127.73,,,,,,,69914.30198783698,False,True
Units Availability Report-2026-03-09-10-54-06.xlsx,Units Availability Report,Sheya Residence,,,15882669.4,205.64,,0.0,0.0,,,,,,,77235.31122349738,False,False
Units Availability Report-2026-03-09-10-54-06.xlsx,Units Availability Report,Sheya Residence,,,14692599.03,202.24,,0.0,0.0,,,,,,,72649.32273536392,False,False
Units Availability Report-2026-03-09-10-54-06.xlsx,Units Availability Report,Sheya Residence,,,19441227.41,212.0,,60.9,0.0,,,,,,,91703.90287735849,True,False
Units Availability Report-2026-03-09-10-54-06.xlsx,Units Availability Report,Rai Valleys,,,26208387.72,198.0,,212.9,44.7,,,,,,,132365.59454545454,True,True
Units Availability Report-2026-03-09-10-54-06.xlsx,Units Availability Report,Rai Valleys,,,26647233.84,198.0,,208.28,44.7,,,,,,,134581.9890909091,True,True
Units Availability Report-2026-03-09-10-54-06.xlsx,Units Availability Report,Rai Valleys,,,26521585.57,198.0,,192.87,44.7,,,,,,,133947.40186868687,True,True
Units Availability Report-2026-03-09-10-54-06.xlsx,Units Availability Report,Rai Valleys,,,24504781.33,175.0,,183.906,53.54,,,,,,,140027.32188571428,True,True
Units Availability Report-2026-03-09-10-54-06.xlsx,Units Availability Report,Rai Valleys,,,23369072.99,175.0,,178.547,53.54,,,,,,,133537.55994285713,True,True
Units Availability Report-2026-03-09-10-54-06.xlsx,Units Availability Report,Rai Valleys,,,23386389.45,175.0,,180.77,53.54,,,,,,,133636.51114285714,True,True
Units Availability Report-2026-03-09-10-54-06.xlsx,Units Availability Report,Rai Valleys,,,24891218.22,175.0,,177.743,53.54,,,,,,,142235.53268571428,True,True
Units Availability Report-2026-03-09-10-54-06.xlsx,Units Availability Report,Rai Valleys,,,24454530.18,175.0,,177.743,53.54,,,,,,,139740.17245714285,True,True
Units Availability Report-2026-03-09-10-54-06.xlsx,Units Availability Report,Rai Valleys,,,23815940.03,175.0,,179.815,53.54,,,,,,,136091.0858857143,True,True
Units Availability Report-2026-03-09-10-54-06.xlsx,Units Availability Report,Rai Valleys,,,23383577.37,175.0,,180.409,53.54,,,,,,,133620.44211428572,True,True
Units Availability Report-2026-03-09-10-54-06.xlsx,Units Availability Report,Rai Valleys,,,23773264.08,175.0,,174.437,53.54,,,,,,,135847.22331428571,True,True
Units Availability Report-2026-03-09-10-54-06.xlsx,Units Availability Report,Rai Valleys,,,23417392.37,175.0,,184.75,53.54,,,,,,,133813.67068571429,True,True
Units Availability Report-2026-03-09-10-54-06.xlsx,Units Availability Report,esse residence,,,23540817.81,175.0,,162.14,53.54,,,,,,,134518.9589142857,True,True
Units Availability Report-2026-03-09-10-54-06.xlsx,Units Availability Report,esse residence,,,23611947.23,175.0,,170.34,53.54,,,,,,,134925.41274285715,True,True
Units Availability Report-2026-03-09-10-54-06.xlsx,Units Availability Report,esse residence,,,24529006.17,175.0,,170.35,53.54,,,,,,,140165.74954285714,True,True
Units Availability Report-2026-03-09-10-54-06.xlsx,Units Availability Report,esse residence,,,24533511.76,175.0,,170.85,53.54,,,,,,,140191.49577142857,True,True
Units Availability Report-2026-03-09-10-54-06.xlsx,Units Availability Report,esse residence,,,25604385.06,175.0,,162.84,53.54,,,,,,,146310.77177142855,True,True
Units Availability Report-2026-03-09-10-54-06.xlsx,Units Availability Report,esse residence,,,24690033.69,175.0,,162.85,53.54,,,,,,,141085.9068,True,True
Units Availability Report-2026-03-09-10-54-06.xlsx,Units Availability Report,esse residence,,,24461512.38,175.0,,162.86,53.54,,,,,,,139780.07074285715,True,True
Units Availability Report-2026-03-09-10-54-06.xlsx,Units Availability Report,esse residence,,,23546889.83,175.0,,162.84,53.54,,,,,,,134553.65617142856,True,True
Units Availability Report-2026-03-09-10-54-06.xlsx,Units Availability Report,esse residence,,,24455024.33,175.0,,162.14,53.54,,,,,,,139742.99617142856,True,True
Units Availability Report-2026-03-09-10-54-06.xlsx,Units Availability Report,esse residence,,,23658875.31,175.0,,175.75,53.54,,,,,,,135193.57319999998,True,True
Units Availability Report-2026-03-09-10-54-06.xlsx,Units Availability Report,esse residence,,,24570367.52,175.0,,174.94,53.54,,,,,,,140402.1001142857,True,True
Units Availability Report-2026-03-09-10-54-06.xlsx,Units Availability Report,esse residence,,,16742514.28,217.81,,0.0,74.45,,,,,,,76867.51884670125,False,True
Units Availability Report-2026-03-09-10-54-06.xlsx,Units Availability Report,esse residence,,,14852815.23,202.25,,0.0,0.0,,,,,,,73437.89977750309,False,False
Units Availability Report-2026-03-09-10-54-06.xlsx,Units Availability Report,esse residence,,,18111222.38,204.78,,177.029,0.0,,,,,,,88442.33997460689,True,False
Units Availability Report-2026-03-09-10-54-06.xlsx,Units Availability Report,esse residence,,,20116809.09,212.0,,55.625,0.0,,,,,,,94890.60891509434,True,False
Units Availability Report-2026-03-09-10-54-06.xlsx,Units Availability Report,esse residence,,,23312266.18,175.0,,162.14,53.54,,,,,,,133212.9496,True,True
Units Availability Report-2026-03-09-10-54-06.xlsx,Units Availability Report,esse residence,,,20682665.92,212.0,,55.119,0.0,,,,,,,97559.74490566038,True,False
Units Availability Report-2026-03-09-10-54-06.xlsx,Units Availability Report,The Butterfly,,,23126187.22,175.0,,175.0,39.5,,,,,,,132149.64125714285,True,True
Units Availability Report-2026-03-09-10-54-06.xlsx,Units Availability Report,The Butterfly,,,23340318.59,175.0,,175.0,39.5,,,,,,,133373.24908571428,True,True
Units Availability Report-2026-03-09-10-54-06.xlsx,Units Availability Report,The Butterfly,,,25306628.51,175.0,,175.0,39.5,,,,,,,144609.30577142857,True,True
Units Availability Report-2026-03-09-10-54-06.xlsx,Units Availability Report,The Butterfly,,,25053369.49,175.0,,175.0,39.5,,,,,,,143162.11137142856,True,True
Units Availability Report-2026-03-09-10-54-06.xlsx,Units Availability Report,The Butterfly,,,22801829.52,175.0,,172.0,39.5,,,,,,,130296.16868571428,True,True
Units Availability Report-2026-03-09-10-54-06.xlsx,Units Availability Report,The Butterfly,,,23259483.11,175.0,,172.0,39.5,,,,,,,132911.33205714286,True,True
Units Availability Report-2026-03-09-10-54-06.xlsx,Units Availability Report,The Butterfly,,,22973294.99,175.0,,166.0,39.5,,,,,,,131275.97137142858,True,True
Units Availability Report-2026-03-09-10-54-06.xlsx,Units Availability Report,The Butterfly,,,25230017.7,175.0,,188.0,39.5,,,,,,,144171.52971428572,True,True
Units Availability Report-2026-03-09-10-54-06.xlsx,Units Availability Report,The Butterfly,,,23438397.98,175.0,,189.0,39.5,,,,,,,133933.70274285713,True,True
Units Availability Report-2026-03-09-10-54-06.xlsx,Units Availability Report,The Butterfly,,,21309944.67,175.0,,185.0,39.5,,,,,,,121771.11240000001,True,True
Units Availability Report-2026-03-09-10-54-06.xlsx,Units Availability Report,The Butterfly,,,23238434.31,175.0,,170.0,39.5,,,,,,,132791.0532,True,True
Units Availability Report-2026-03-09-10-54-06.xlsx,Units Availability Report,The Butterfly,,,21152078.61,175.0,,170.0,39.5,,,,,,,120869.02062857142,True,True
Units Availability Report-2026-03-09-10-54-06.xlsx,Units Availability Report,The Butterfly,,,23014987.82,175.0,,170.0,39.5,,,,,,,131514.21611428572,True,True
Units Availability Report-2026-03-09-10-54-06.xlsx,Units Availability Report,The Butterfly,,,24132220.24,175.0,,170.0,39.5,,,,,,,137898.40137142857,True,True
Units Availability Report-2026-03-09-10-54-06.xlsx,Units Availability Report,The Butterfly,,,23685327.27,175.0,,170.0,39.5,,,,,,,135344.72725714286,True,True
Units Availability Report-2026-03-09-10-54-06.xlsx,Units Availability Report,The Butterfly,,,23196257.37,175.0,,170.895,39.5,,,,,,,132550.04211428572,True,True
Units Availability Report-2026-03-09-10-54-06.xlsx,Units Availability Report,The Butterfly,,,25487804.13,175.0,,171.292,39.5,,,,,,,145644.59502857144,True,True
Units Availability Report-2026-03-09-10-54-06.xlsx,Units Availability Report,The Butterfly,,,27956089.16,204.0,,168.9,58.0,,,,,,,137039.65274509805,True,True
Units Availability Report-2026-03-09-10-54-06.xlsx,Units Availability Report,The Butterfly,,,18951803.05,212.0,,59.0,0.0,,,,,,,89395.29740566039,True,False
Units Availability Report-2026-03-09-10-54-06.xlsx,Units Availability Report,The Butterfly,,,19149583.1,212.0,,60.0,0.0,,,,,,,90328.22216981133,True,False
Units Availability Report-2026-03-09-10-54-06.xlsx,Units Availability Report,The Butterfly,,,19177147.01,212.0,,62.0,0.0,,,,,,,90458.24061320756,True,False
Units Availability Report-2026-03-09-10-54-06.xlsx,Units Availability Report,The Butterfly,,,20382602.95,212.0,,124.0,0.0,,,,,,,96144.35353773585,True,False
Units Availability Report-2026-03-09-10-54-06.xlsx,Units Availability Report,The Butterfly,,,26401940.9,204.0,,168.8,58.0,,,,,,,129421.27892156862,True,True
Units Availability Report-2026-03-09-10-54-06.xlsx,Units Availability Report,The Butterfly,,,20226359.13,212.0,,127.0,0.0,,,,,,,95407.35438679245,True,False
Units Availability Report-2026-03-09-10-54-06.xlsx,Units Availability Report,The Butterfly,,,17993177.59,212.0,,65.0,0.0,,,,,,,84873.4791981132,True,False
Units Availability Report-2026-03-09-10-54-06.xlsx,Units Availability Report,The Butterfly,,,18268288.15,212.0,,63.0,0.0,,,,,,,86171.17051886792,True,False
Units Availability Report-2026-03-09-10-54-06.xlsx,Units Availability Report,The Butterfly,,,18281407.52,212.0,,64.0,0.0,,,,,,,86233.05433962264,True,False
Units Availability Report-2026-03-09-10-54-06.xlsx,Units Availability Report,The Butterfly,,,18096746.84,212.0,,64.0,0.0,,,,,,,85362.01339622641,True,False
Units Availability Report-2026-03-09-10-54-06.xlsx,Units Availability Report,The Butterfly,,,19397271.1,212.0,,120.0,0.0,,,,,,,91496.56179245283,True,False
Units Availability Report-2026-03-09-10-54-06.xlsx,Units Availability Report,The Butterfly,,,18202691.34,212.0,,58.0,0.0,,,,,,,85861.75160377359,True,False
Units Availability Report-2026-03-09-10-54-06.xlsx,Units Availability Report,The Butterfly,,,17940904.7,212.0,,52.0,0.0,,,,,,,84626.90896226415,True,False
Units Availability Report-2026-03-09-10-54-06.xlsx,Units Availability Report,The Butterfly,,,19438963.93,212.0,,124.0,0.0,,,,,,,91693.22608490566,True,False
Units Availability Report-2026-03-09-10-54-06.xlsx,Units Availability Report,The Butterfly,,,19407694.31,212.0,,121.0,0.0,,,,,,,91545.72787735848,True,False
Units Availability Report-2026-03-09-10-54-06.xlsx,Units Availability Report,The Butterfly,,,17888957.32,212.0,,48.0,0.0,,,,,,,84381.8741509434,True,False
Units Availability Report-2026-03-09-10-54-06.xlsx,Units Availability Report,The Butterfly,,,28713551.0,204.0,,167.2,58.0,,,,,,,140752.70098039217,True,True
Units Availability Report-2026-03-09-10-54-06.xlsx,Units Availability Report,The Butterfly,,,18155931.86,212.0,,64.0,0.0,,,,,,,85641.18801886792,True,False
Units Availability Report-2026-03-09-10-54-06.xlsx,Units Availability Report,The Butterfly,,,18169581.3,212.0,,65.0,0.0,,,,,,,85705.57216981132,True,False
Units Availability Report-2026-03-09-10-54-06.xlsx,Units Availability Report,The Butterfly,,,19092211.04,212.0,,83.0,0.0,,,,,,,90057.59924528301,True,False
Units Availability Report-2026-03-09-10-54-06.xlsx,Units Availability Report,The Butterfly,,,18018825.77,212.0,,58.0,0.0,,,,,,,84994.46117924528,True,False
Units Availability Report-2026-03-09-10-54-06.xlsx,Units Availability Report,The Butterfly,,,18083759.99,212.0,,63.0,0.0,,,,,,,85300.75466981131,True,False
Units Availability Report-2026-03-09-10-54-06.xlsx,Units Availability Report,The Butterfly,,,18842607.54,212.0,,51.0,0.0,,,,,,,88880.22424528301,True,False
Units Availability Report-2026-03-09-10-54-06.xlsx,Units Availability Report,The Butterfly,,,19831423.1,212.0,,43.0,0.0,,,,,,,93544.44858490567,True,False
Units Availability Report-2026-03-09-10-54-06.xlsx,Units Availability Report,The Butterfly,,,18842608.0,212.0,,51.0,0.0,,,,,,,88880.22641509434,True,False
Units Availability Report-2026-03-09-10-54-06.xlsx,Units Availability Report,The Butterfly,,,17896592.52,212.0,,45.0,0.0,,,,,,,84417.88924528302,True,False
Units Availability Report-2026-03-09-10-54-06.xlsx,Units Availability Report,The Butterfly,,,17910241.96,212.0,,46.0,0.0,,,,,,,84482.27339622642,True,False
Units Availability Report-2026-03-09-10-54-06.xlsx,Units Availability Report,The Butterfly,,,18033086.91,212.0,,55.0,0.0,,,,,,,85061.73070754718,True,False
Units Availability Report-2026-03-09-10-54-06.xlsx,Units Availability Report,The Butterfly,,,18074035.23,212.0,,58.0,0.0,,,,,,,85254.88316037736,True,False
Units Availability Report-2026-03-09-10-54-06.xlsx,Units Availability Report,The Butterfly,,,18019437.47,212.0,,54.0,0.0,,,,,,,84997.34655660376,True,False
Units Availability Report-2026-03-09-10-54-06.xlsx,Units Availability Report,The Butterfly,,,18128632.98,212.0,,62.0,0.0,,,,,,,85512.41971698114,True,False
Units Availability Report-2026-03-09-10-54-06.xlsx,Units Availability Report,The Butterfly,,,18101334.1,212.0,,60.0,0.0,,,,,,,85383.65141509434,True,False
Units Availability Report-2026-03-09-10-54-06.xlsx,Units Availability Report,The Butterfly,,,19609909.61,212.0,,60.0,0.0,,,,,,,92499.57363207547,True,False
Units Availability Report-2026-03-09-10-54-06.xlsx,Units Availability Report,The Butterfly,,,19666363.0,212.0,,64.0,0.0,,,,,,,92765.86320754717,True,False
Units Availability Report-2026-03-09-10-54-06.xlsx,Units Availability Report,The Butterfly,,,18716427.98,212.0,,60.0,0.0,,,,,,,88285.03764150944,True,False
Units Availability Report-2026-03-09-10-54-06.xlsx,Units Availability Report,The Butterfly,,,18114983.54,212.0,,61.0,0.0,,,,,,,85448.03556603772,True,False
Units Availability Report-2026-03-09-10-54-06.xlsx,Units Availability Report,The Butterfly,,,18861016.59,212.0,,64.0,0.0,,,,,,,88967.05938679245,True,False
Units Availability Report-2026-03-09-10-54-06.xlsx,Units Availability Report,The Butterfly,,,20937553.59,212.0,,123.0,0.0,,,,,,,98762.04523584906,True,False
Units Availability Report-2026-03-09-10-54-06.xlsx,Units Availability Report,The Butterfly,,,18635453.94,212.0,,56.0,0.0,,,,,,,87903.08462264152,True,False
Units Availability Report-2026-03-09-10-54-06.xlsx,Units Availability Report,The Butterfly,,,18581651.3,212.0,,52.0,0.0,,,,,,,87649.29858490566,True,False
Units Availability Report-2026-03-09-10-54-06.xlsx,Units Availability Report,The Butterfly,,,19868078.65,212.0,,120.0,0.0,,,,,,,93717.3521226415,True,False
Units Availability Report-2026-03-09-10-54-06.xlsx,Units Availability Report,The Butterfly,,,17586260.21,212.0,,88.0,0.0,,,,,,,82954.05759433963,True,False
Units Availability Report-2026-03-09-10-54-06.xlsx,Units Availability Report,The Butterfly,,,17638207.59,212.0,,92.0,0.0,,,,,,,83199.09240566038,True,False
Units Availability Report-2026-03-09-10-54-06.xlsx,Units Availability Report,The Butterfly,,,18622510.97,212.0,,90.0,0.0,,,,,,,87842.03287735849,True,False
Units Availability Report-2026-03-09-10-54-06.xlsx,Units Availability Report,The Butterfly,,,18675805.92,212.0,,59.0,0.0,,,,,,,88093.4241509434,True,False
Units Availability Report-2026-03-09-10-54-06.xlsx,Units Availability Report,The Butterfly,,,18046736.35,212.0,,56.0,0.0,,,,,,,85126.11485849057,True,False
Units Availability Report-2026-03-09-10-54-06.xlsx,Units Availability Report,The Butterfly,,,25071342.07,175.0,,174.0,39.5,,,,,,,143264.81182857143,True,True
Units Availability Report-2026-03-09-10-54-06.xlsx,Units Availability Report,The Butterfly,,,31356195.03,204.0,,193.1,58.0,,,,,,,153706.83838235296,True,True
Units Availability Report-2026-03-09-10-54-06.xlsx,Units Availability Report,The Butterfly,,,29512217.94,204.0,,191.8,58.0,,,,,,,144667.73500000002,True,True
Units Availability Report-2026-03-09-10-54-06.xlsx,Units Availability Report,The Butterfly,,,26617270.02,204.0,,191.8,58.0,,,,,,,130476.8138235294,True,True
Units Availability Report-2026-03-09-10-54-06.xlsx,Units Availability Report,The Butterfly,,,29604842.81,204.0,,199.9,58.0,,,,,,,145121.77848039215,True,True
Units Availability Report-2026-03-09-10-54-06.xlsx,Units Availability Report,The Butterfly,,,28053462.97,204.0,,199.9,58.0,,,,,,,137516.97534313725,True,True
Units Availability Report-2026-03-09-10-54-06.xlsx,Units Availability Report,The Butterfly,,,28555780.74,204.0,,199.8,58.0,,,,,,,139979.31735294117,True,True
Units Availability Report-2026-03-09-10-54-06.xlsx,Units Availability Report,The Butterfly,,,26316939.96,204.0,,251.3,58.0,,,,,,,129004.60764705883,True,True
Units Availability Report-2026-03-09-10-54-06.xlsx,Units Availability Report,The Butterfly,,,26266665.69,204.0,,246.7,58.0,,,,,,,128758.16514705883,True,True
Units Availability Report-2026-03-09-10-54-06.xlsx,Units Availability Report,The Butterfly,,,29223119.02,204.0,,260.3,58.0,,,,,,,143250.58343137254,True,True
Units Availability Report-2026-03-09-10-54-06.xlsx,Units Availability Report,The Butterfly,,,26415302.66,204.0,,260.3,58.0,,,,,,,129486.77774509804,True,True
Units Availability Report-2026-03-09-10-54-06.xlsx,Units Availability Report,The Butterfly,,,28497084.01,204.0,,218.4,58.0,,,,,,,139691.58828431374,True,True
Units Availability Report-2026-03-09-10-54-06.xlsx,Units Availability Report,The Butterfly,,,23311858.33,175.0,,217.0,39.5,,,,,,,133210.6190285714,True,True
Units Availability Report-2026-03-09-10-54-06.xlsx,Units Availability Report,The Butterfly,,,24165007.81,175.0,,173.0,39.5,,,,,,,138085.75891428572,True,True
Units Availability Report-2026-03-09-10-54-06.xlsx,Units Availability Report,The Butterfly,,,25812721.25,175.0,,180.0,39.5,,,,,,,147501.26428571428,True,True
Units Availability Report-2026-03-09-10-54-06.xlsx,Units Availability Report,The Butterfly,,,23343678.35,175.0,,180.0,39.5,,,,,,,133392.44771428572,True,True
Units Availability Report-2026-03-09-10-54-06.xlsx,Units Availability Report,The Butterfly,,,22824497.47,175.0,,174.0,39.5,,,,,,,130425.69982857142,True,True
Units Availability Report-2026-03-09-10-54-06.xlsx,Units Availability Report,Club Views,,,17549355.0,212.0,,47.3,0.0,,,,,,,82779.97641509434,True,False
Units Availability Report-2026-03-09-10-54-06.xlsx,Units Availability Report,Club Views,,,15294780.0,208.0,,0.0,0.0,,,,,,,73532.59615384616,False,False
Units Availability Report-2026-03-09-10-54-06.xlsx,Units Availability Report,Club Views,,,19896970.0,212.0,,95.4,0.0,,,,,,,93853.6320754717,True,False
Units Availability Report-2026-03-09-10-54-06.xlsx,Units Availability Report,Club Views,,,20079864.0,212.0,,87.0,0.0,,,,,,,94716.3396226415,True,False
Units Availability Report-2026-03-09-10-54-06.xlsx,Units Availability Report,Club Views,,,20370878.0,212.0,,89.0,0.0,,,,,,,96089.04716981133,True,False
Units Availability Report-2026-03-09-10-54-06.xlsx,Units Availability Report,Club Views,,,19891449.0,212.0,,95.1,0.0,,,,,,,93827.5896226415,True,False
Units Availability Report-2026-03-09-10-54-06.xlsx,Units Availability Report,Club Views,,,18365380.0,212.0,,47.5,0.0,,,,,,,86629.15094339622,True,False
Units Availability Report-2026-03-09-10-54-06.xlsx,Units Availability Report,Club Views,,,18363602.0,212.0,,47.4,0.0,,,,,,,86620.7641509434,True,False
Units Availability Report-2026-03-09-10-54-06.xlsx,Units Availability Report,Club Views,,,20207141.0,212.0,,93.8,0.0,,,,,,,95316.70283018867,True,False
Units Availability Report-2026-03-09-10-54-06.xlsx,Units Availability Report,Club Views,,,20505445.0,212.0,,96.1,0.0,,,,,,,96723.79716981133,True,False
Units Availability Report-2026-03-09-10-54-06.xlsx,Units Availability Report,Club Views,,,20456167.0,212.0,,93.5,0.0,,,,,,,96491.35377358491,True,False
Units Availability Report-2026-03-09-10-54-06.xlsx,Units Availability Report,Club Views,,,19078381.0,212.0,,97.2,0.0,,,,,,,89992.36320754717,True,False
Units Availability Report-2026-03-09-10-54-06.xlsx,Units Availability Report,Club Views,,,19043148.0,212.0,,95.2,0.0,,,,,,,89826.16981132075,True,False
Units Availability Report-2026-03-09-10-54-06.xlsx,Units Availability Report,Club Views,,,19117137.0,212.0,,99.4,0.0,,,,,,,90175.17452830188,True,False
Units Availability Report-2026-03-09-10-54-06.xlsx,Units Availability Report,Club Views,,,19145323.0,212.0,,103.0,0.0,,,,,,,90308.12735849057,True,False
Units Availability Report-2026-03-09-10-54-06.xlsx,Units Availability Report,Club Views,,,19151195.0,212.0,,104.0,0.0,,,,,,,90335.82547169812,True,False
Units Availability Report-2026-03-09-10-54-06.xlsx,Units Availability Report,Club Views,,,17186264.0,212.0,,49.9,0.0,,,,,,,81067.28301886792,True,False
Units Availability Report-2026-03-09-10-54-06.xlsx,Units Availability Report,Club Views,,,18961705.0,212.0,,49.0,0.0,,,,,,,89442.00471698113,True,False
Units Availability Report-2026-03-09-10-54-06.xlsx,Units Availability Report,Club Views,,,19741192.0,212.0,,102.6,0.0,,,,,,,93118.83018867925,True,False
Units Availability Report-2026-03-09-10-54-06.xlsx,Units Availability Report,Club Views,,,18354715.0,212.0,,46.9,0.0,,,,,,,86578.84433962264,True,False
Units Availability Report-2026-03-09-10-54-06.xlsx,Units Availability Report,Club Views,,,18376044.0,212.0,,48.1,0.0,,,,,,,86679.45283018867,True,False
Units Availability Report-2026-03-09-10-54-06.xlsx,Units Availability Report,Club Views,,,19924574.0,212.0,,96.9,0.0,,,,,,,93983.8396226415,True,False
Units Availability Report-2026-03-09-10-54-06.xlsx,Units Availability Report,Club Views,,,19919053.0,212.0,,96.6,0.0,,,,,,,93957.79716981133,True,False
Units Availability Report-2026-03-09-10-54-06.xlsx,Units Availability Report,Club Views,,,19838081.0,212.0,,92.2,0.0,,,,,,,93575.85377358491,True,False
Units Availability Report-2026-03-09-10-54-06.xlsx,Units Availability Report,Club Views,,,19867525.0,212.0,,93.8,0.0,,,,,,,93714.74056603774,True,False
Units Availability Report-2026-03-09-10-54-06.xlsx,Units Availability Report,Club Views,,,17692990.0,212.0,,46.2,0.0,,,,,,,83457.5,True,False
Units Availability Report-2026-03-09-10-54-06.xlsx,Units Availability Report,Club Views,,,19860164.0,212.0,,93.4,0.0,,,,,,,93680.01886792453,True,False
Units Availability Report-2026-03-09-10-54-06.xlsx,Units Availability Report,Club Views,,,18367157.0,212.0,,47.6,0.0,,,,,,,86637.53301886792,True,False
Units Availability Report-2026-03-09-10-54-06.xlsx,Units Availability Report,Club Views,,,20235217.0,212.0,,95.3,0.0,,,,,,,95449.13679245283,True,False
Units Availability Report-2026-03-09-10-54-06.xlsx,Units Availability Report,Club Views,,,18915895.0,212.0,,46.5,0.0,,,,,,,89225.91981132075,True,False
Units Availability Report-2026-03-09-10-54-06.xlsx,Units Availability Report,Club Views,,,18919560.0,212.0,,46.7,0.0,,,,,,,89243.2075471698,True,False
Units Availability Report-2026-03-09-10-54-06.xlsx,Units Availability Report,Club Views,,,18352938.0,212.0,,46.8,0.0,,,,,,,86570.46226415095,True,False
Units Availability Report-2026-03-09-10-54-06.xlsx,Units Availability Report,Club Views,,,19865685.0,212.0,,93.7,0.0,,,,,,,93706.06132075471,True,False
Units Availability Report-2026-03-09-10-54-06.xlsx,Units Availability Report,Club Views,,,19876727.0,212.0,,94.3,0.0,,,,,,,93758.14622641509,True,False
Units Availability Report-2026-03-09-10-54-06.xlsx,Units Availability Report,Club Views,,,17686132.0,212.0,,45.8,0.0,,,,,,,83425.15094339622,True,False
Units Availability Report-2026-03-09-10-54-06.xlsx,Units Availability Report,Club Views,,,17687847.0,212.0,,45.9,0.0,,,,,,,83433.24056603774,True,False
Units Availability Report-2026-03-09-10-54-06.xlsx,Units Availability Report,Club Views,,,19830720.0,212.0,,91.8,0.0,,,,,,,93541.1320754717,True,False
Units Availability Report-2026-03-09-10-54-06.xlsx,Units Availability Report,Club Views,,,17146439.0,212.0,,47.5,0.0,,,,,,,80879.42924528301,True,False
Units Availability Report-2026-03-09-10-54-06.xlsx,Units Availability Report,Club Views,,,19976101.0,212.0,,99.7,0.0,,,,,,,94226.89150943396,True,False
Units Availability Report-2026-03-09-10-54-06.xlsx,Units Availability Report,Club Views,,,17134823.0,212.0,,46.8,0.0,,,,,,,80824.63679245283,True,False
Units Availability Report-2026-03-09-10-54-06.xlsx,Units Availability Report,Club Views,,,17133163.0,212.0,,46.7,0.0,,,,,,,80816.80660377358,True,False
Units Availability Report-2026-03-09-10-54-06.xlsx,Units Availability Report,Club Views,,,19856484.0,212.0,,93.2,0.0,,,,,,,93662.6603773585,True,False
Units Availability Report-2026-03-09-10-54-06.xlsx,Units Availability Report,Club Views,,,18347606.0,212.0,,46.5,0.0,,,,,,,86545.31132075471,True,False
Units Availability Report-2026-03-09-10-54-06.xlsx,Units Availability Report,Club Views,,,19873046.0,212.0,,94.1,0.0,,,,,,,93740.78301886792,True,False
Units Availability Report-2026-03-09-10-54-06.xlsx,Units Availability Report,Club Views,,,18345829.0,212.0,,46.4,0.0,,,,,,,86536.92924528301,True,False
Units Availability Report-2026-03-09-10-54-06.xlsx,Units Availability Report,Club Views,,,19882247.0,212.0,,94.6,0.0,,,,,,,93784.18396226416,True,False
Units Availability Report-2026-03-09-10-54-06.xlsx,Units Availability Report,Club Views,,,19884088.0,212.0,,94.7,0.0,,,,,,,93792.8679245283,True,False
Units Availability Report-2026-03-09-10-54-06.xlsx,Units Availability Report,Club Views,,,17698133.0,212.0,,46.5,0.0,,,,,,,83481.75943396226,True,False
Units Availability Report-2026-03-09-10-54-06.xlsx,Units Availability Report,Club Views,,,18993823.0,212.0,,92.4,0.0,,,,,,,89593.50471698113,True,False
Units Availability Report-2026-03-09-10-54-06.xlsx,Units Availability Report,TALALA,,,29356888.0,207.9,,185.8,57.72,,,,,,,141206.77248677248,True,True
Units Availability Report-2026-03-09-10-54-06.xlsx,Units Availability Report,TALALA,,,31803296.0,207.9,,185.8,57.72,,,,,,,152974.00673400672,True,True
Units Availability Report-2026-03-09-10-54-06.xlsx,Units Availability Report,TALALA,,,43056581.0,287.9,,229.8,80.5,,,,,,,149553.94581451896,True,True
Units Availability Report-2026-03-09-10-54-06.xlsx,Units Availability Report,TALALA,,,46397178.0,287.9,,229.8,80.5,,,,,,,161157.26988537688,True,True
Units Availability Report-2026-03-09-10-54-06.xlsx,Units Availability Report,TALALA,,,26316596.0,178.5,,176.8,39.5,,,,,,,147431.91036414565,True,True
Units Availability Report-2026-03-09-10-54-06.xlsx,Units Availability Report,TALALA,,,24201870.0,178.5,,176.8,39.5,,,,,,,135584.70588235295,True,True
Units Availability Report-2026-03-09-10-54-06.xlsx,Units Availability Report,TALALA,,,26135662.0,178.5,,164.1,39.5,,,,,,,146418.27450980392,True,True
Units Availability Report-2026-03-09-10-54-06.xlsx,Units Availability Report,TALALA,,,24042026.0,178.5,,164.6,39.5,,,,,,,134689.2212885154,True,True
Units Availability Report-2026-03-09-10-54-06.xlsx,Units Availability Report,TALALA,,,26142785.0,178.5,,164.6,39.5,,,,,,,146458.17927170868,True,True
Units Availability Report-2026-03-09-10-54-06.xlsx,Units Availability Report,TALALA,,,31852409.0,207.9,,189.1,57.72,,,,,,,153210.2405002405,True,True
Units Availability Report-2026-03-09-10-54-06.xlsx,Units Availability Report,TALALA,,,29432447.0,207.9,,191.3,57.72,,,,,,,141570.21164021164,True,True
Units Availability Report-2026-03-09-10-54-06.xlsx,Units Availability Report,TALALA,,,30089123.0,207.9,,239.1,57.72,,,,,,,144728.82635882637,True,True
Units Availability Report-2026-03-09-10-54-06.xlsx,Units Availability Report,TALALA,,,29491521.0,207.9,,195.6,57.72,,,,,,,141854.35786435785,True,True
Units Availability Report-2026-03-09-10-54-06.xlsx,Units Availability Report,TALALA,,,29479157.0,207.9,,194.7,57.72,,,,,,,141794.88696488697,True,True
Units Availability Report-2026-03-09-10-54-06.xlsx,Units Availability Report,TALALA,,,29473661.0,207.9,,194.3,57.72,,,,,,,141768.45117845119,True,True
Units Availability Report-2026-03-09-10-54-06.xlsx,Units Availability Report,TALALA,,,31931288.0,207.9,,194.4,57.72,,,,,,,153589.64886964887,True,True
Units Availability Report-2026-03-09-10-54-06.xlsx,Units Availability Report,TALALA,,,44389189.0,287.9,,294.4,80.5,,,,,,,154182.66411948594,True,True
Units Availability Report-2026-03-09-10-54-06.xlsx,Units Availability Report,TALALA,,,42871610.0,287.9,,294.4,80.5,,,,,,,148911.46231330323,True,True
Units Availability Report-2026-03-09-10-54-06.xlsx,Units Availability Report,TALALA,,,43704579.0,287.9,,248.4,80.5,,,,,,,151804.72038902398,True,True
Units Availability Report-2026-03-09-10-54-06.xlsx,Units Availability Report,TALALA,,,40342688.0,287.9,,248.4,80.5,,,,,,,140127.43313650574,True,True
Units Availability Report-2026-03-09-10-54-06.xlsx,Units Availability Report,TALALA,,,30528237.0,207.9,,191.7,57.72,,,,,,,146840.9668109668,True,True
Units Availability Report-2026-03-09-10-54-06.xlsx,Units Availability Report,TALALA,,,28076385.0,207.9,,191.8,57.72,,,,,,,135047.54689754688,True,True
Units Availability Report-2026-03-09-10-54-06.xlsx,Units Availability Report,TALALA,,,28077695.0,207.9,,191.9,57.72,,,,,,,135053.848003848,True,True
Units Availability Report-2026-03-09-10-54-06.xlsx,Units Availability Report,TALALA,,,28079005.0,207.9,,192.0,57.72,,,,,,,135060.1491101491,True,True
Units Availability Report-2026-03-09-10-54-06.xlsx,Units Availability Report,TALALA,,,28136654.0,207.9,,196.4,57.72,,,,,,,135337.44107744106,True,True
Units Availability Report-2026-03-09-10-54-06.xlsx,Units Availability Report,TALALA,,,28064593.0,207.9,,190.9,57.72,,,,,,,134990.82732082732,True,True
Units Availability Report-2026-03-09-10-54-06.xlsx,Units Availability Report,TALALA,,,28063283.0,207.9,,190.8,57.72,,,,,,,134984.5262145262,True,True
Units Availability Report-2026-03-09-10-54-06.xlsx,Units Availability Report,TALALA,,,28060663.0,207.9,,190.6,57.72,,,,,,,134971.924001924,True,True
Units Availability Report-2026-03-09-10-54-06.xlsx,Units Availability Report,TALALA,,,28058042.0,207.9,,190.4,57.72,,,,,,,134959.31697931697,True,True
Units Availability Report-2026-03-09-10-54-06.xlsx,Units Availability Report,TALALA,,,28055422.0,207.9,,190.2,57.72,,,,,,,134946.71476671475,True,True
Units Availability Report-2026-03-09-10-54-06.xlsx,Units Availability Report,TALALA,,,28051491.0,207.9,,189.9,57.72,,,,,,,134927.80663780664,True,True
Units Availability Report-2026-03-09-10-54-06.xlsx,Units Availability Report,TALALA,,,30442756.0,207.9,,185.7,57.72,,,,,,,146429.80278980278,True,True
Units Availability Report-2026-03-09-10-54-06.xlsx,Units Availability Report,TALALA,,,44591663.0,287.9,,233.1,80.5,,,,,,,154885.94303577632,True,True
Units Availability Report-2026-03-09-10-54-06.xlsx,Units Availability Report,TALALA,,,41247288.0,287.9,,233.1,80.5,,,,,,,143269.4963529003,True,True
Units Availability Report-2026-03-09-10-54-06.xlsx,Units Availability Report,TALALA,,,43105274.0,287.9,,233.1,80.5,,,,,,,149723.0774574505,True,True
Units Availability Report-2026-03-09-10-54-06.xlsx,Units Availability Report,TALALA,,,46449649.0,287.9,,233.1,80.5,,,,,,,161339.5241403265,True,True
Units Availability Report-2026-03-09-10-54-06.xlsx,Units Availability Report,TALALA,,,30425792.0,245.1,,142.6,67.33,,,,,,,124136.23827009385,True,True
Units Availability Report-2026-03-09-10-54-06.xlsx,Units Availability Report,TALALA,,,25565043.0,240.2,,81.1,66.41,,,,,,,106432.31890091591,True,True
Units Availability Report-2026-03-09-10-54-06.xlsx,Units Availability Report,TALALA,,,25559896.0,240.2,,80.8,66.41,,,,,,,106410.89092422981,True,True
Units Availability Report-2026-03-09-10-54-06.xlsx,Units Availability Report,TALALA,,,29403696.0,245.1,,144.5,67.33,,,,,,,119966.1199510404,True,True
Units Availability Report-2026-03-09-10-54-06.xlsx,Units Availability Report,TALALA,,,25563327.0,240.2,,81.0,66.41,,,,,,,106425.1748542881,True,True
Units Availability Report-2026-03-09-10-54-06.xlsx,Units Availability Report,TALALA,,,25695439.0,240.2,,88.7,66.41,,,,,,,106975.18318068277,True,True
Units Availability Report-2026-03-09-10-54-06.xlsx,Units Availability Report,TALALA,,,24211382.0,240.2,,74.2,66.41,,,,,,,100796.76103247295,True,True
Units Availability Report-2026-03-09-10-54-06.xlsx,Units Availability Report,TALALA,,,28108725.0,245.1,,145.8,67.33,,,,,,,114682.6805385557,True,True
Units Availability Report-2026-03-09-10-54-06.xlsx,Units Availability Report,TALALA,,,24568888.0,240.2,,96.1,66.41,,,,,,,102285.1290591174,True,True
Units Availability Report-2026-03-09-10-54-06.xlsx,Units Availability Report,TALALA,,,24614597.0,240.2,,98.9,66.41,,,,,,,102475.42464612823,True,True
Units Availability Report-2026-03-09-10-54-06.xlsx,Units Availability Report,TALALA,,,24519915.0,240.2,,93.1,66.41,,,,,,,102081.24479600333,True,True
Units Availability Report-2026-03-09-10-54-06.xlsx,Units Availability Report,TALALA,,,28459883.0,245.1,,171.6,67.33,,,,,,,116115.39371685027,True,True
Units Availability Report-2026-03-09-10-54-06.xlsx,Units Availability Report,TALALA,,,26115793.0,240.2,,113.2,66.41,,,,,,,108725.19983347211,True,True
Units Availability Report-2026-03-09-10-54-06.xlsx,Units Availability Report,TALALA,,,26112362.0,240.2,,113.0,66.41,,,,,,,108710.91590341383,True,True
Units Availability Report-2026-03-09-10-54-06.xlsx,Units Availability Report,TALALA,,,25871245.0,178.5,,161.9,39.5,,,,,,,144936.94677871148,True,True
Units Availability Report-2026-03-09-10-54-06.xlsx,Units Availability Report,TALALA,,,27968913.0,178.5,,161.9,39.5,,,,,,,156688.58823529413,True,True
Units Availability Report-2026-03-09-10-54-06.xlsx,Units Availability Report,TALALA,,,26293801.0,178.5,,175.2,39.5,,,,,,,147304.20728291318,True,True
Units Availability Report-2026-03-09-10-54-06.xlsx,Units Availability Report,TALALA,,,24180907.0,178.5,,175.2,39.5,,,,,,,135467.26610644258,True,True
Units Availability Report-2026-03-09-10-54-06.xlsx,Units Availability Report,TALALA,,,26059035.0,178.5,,175.2,39.5,,,,,,,145988.99159663866,True,True
Units Availability Report-2026-03-09-10-54-06.xlsx,Units Availability Report,TALALA,,,25824269.0,178.5,,175.2,39.5,,,,,,,144673.77591036414,True,True
Units Availability Report-2026-03-09-10-54-06.xlsx,Units Availability Report,TALALA,,,32050870.0,207.9,,221.0,57.72,,,,,,,154164.83886483885,True,True
Units Availability Report-2026-03-09-10-54-06.xlsx,Units Availability Report,TALALA,,,34535986.0,207.9,,220.9,57.72,,,,,,,166118.25877825878,True,True
Units Availability Report-2026-03-09-10-54-06.xlsx,Units Availability Report,TALALA,,,34787213.0,207.9,,236.7,57.72,,,,,,,167326.66185666184,True,True
Units Availability Report-2026-03-09-10-54-06.xlsx,Units Availability Report,TALALA,,,32359263.0,207.9,,241.9,57.72,,,,,,,155648.2106782107,True,True
Units Availability Report-2026-03-09-10-54-06.xlsx,Units Availability Report,TALALA,,,31559758.0,207.9,,244.5,57.72,,,,,,,151802.58778258777,True,True
Units Availability Report-2026-03-09-10-54-06.xlsx,Units Availability Report,TALALA,,,29829475.0,207.9,,220.2,57.72,,,,,,,143479.91822991823,True,True
Units Availability Report-2026-03-09-10-54-06.xlsx,Units Availability Report,TALALA,,,31785436.0,207.9,,184.6,57.72,,,,,,,152888.10004810005,True,True
Units Availability Report-2026-03-09-10-54-06.xlsx,Units Availability Report,TALALA,,,18813403.0,166.7,,267.6,0.0,,,,,,,112857.84643071386,True,False
Units Availability Report-2026-03-09-10-54-06.xlsx,Units Availability Report,TALALA,,,19837946.0,200.4,,117.8,0.0,,,,,,,98991.74650698602,True,False
Units Availability Report-2026-03-09-10-54-06.xlsx,Units Availability Report,TALALA,,,17808057.0,166.7,,152.4,0.0,,,,,,,106826.97660467908,True,False
Units Availability Report-2026-03-09-10-54-06.xlsx,Units Availability Report,TALALA,,,20408687.0,200.4,,117.4,0.0,,,,,,,101839.75548902195,True,False
Units Availability Report-2026-03-09-10-54-06.xlsx,Units Availability Report,TALALA,,,19589239.0,166.7,,284.5,0.0,,,,,,,117511.93161367727,True,False
Units Availability Report-2026-03-09-10-54-06.xlsx,Units Availability Report,TALALA,,,17600410.0,166.7,,137.0,0.0,,,,,,,105581.34373125376,True,False
Units Availability Report-2026-03-09-10-54-06.xlsx,Units Availability Report,TALALA,,,20380436.0,200.4,,115.8,0.0,,,,,,,101698.78243512973,True,False
Units Availability Report-2026-03-09-10-54-06.xlsx,Units Availability Report,TALALA,,,19420694.0,166.7,,272.0,0.0,,,,,,,116500.86382723456,True,False
Units Availability Report-2026-03-09-10-54-06.xlsx,Units Availability Report,TALALA,,,20415750.0,200.4,,117.8,0.0,,,,,,,101875.0,True,False
Units Availability Report-2026-03-09-10-54-06.xlsx,Units Availability Report,TALALA,,,24330551.0,240.2,,81.5,66.41,,,,,,,101292.88509575355,True,True
Units Availability Report-2026-03-09-10-54-06.xlsx,Units Availability Report,TALALA,,,28091031.0,245.1,,144.5,67.33,,,,,,,114610.48959608324,True,True
Units Availability Report-2026-03-09-10-54-06.xlsx,Units Availability Report,TALALA,,,28178580.0,207.9,,199.6,57.72,,,,,,,135539.10533910533,True,True
Units Availability Report-2026-03-09-10-54-06.xlsx,Units Availability Report,TALALA,,,29546473.0,207.9,,199.6,57.72,,,,,,,142118.67724867724,True,True
Units Availability Report-2026-03-09-10-54-06.xlsx,Units Availability Report,TALALA,,,30367208.0,207.9,,199.6,57.72,,,,,,,146066.41654641656,True,True
Units Availability Report-2026-03-09-10-54-06.xlsx,Units Availability Report,TALALA,,,32829414.0,207.9,,199.6,57.72,,,,,,,157909.63924963924,True,True
Units Availability Report-2026-03-09-10-54-06.xlsx,Units Availability Report,TALALA,,,33139282.0,207.9,,219.9,57.72,,,,,,,159400.10582010582,True,True
Units Availability Report-2026-03-09-10-54-06.xlsx,Units Availability Report,TALALA,,,30639716.0,207.9,,218.9,57.72,,,,,,,147377.18133718133,True,True
Units Availability Report-2026-03-09-10-54-06.xlsx,Units Availability Report,TALALA,,,30641128.0,207.9,,219.0,57.72,,,,,,,147383.97306397307,True,True
Units Availability Report-2026-03-09-10-54-06.xlsx,Units Availability Report,TALALA,,,30642540.0,207.9,,219.1,57.72,,,,,,,147390.76479076478,True,True
Units Availability Report-2026-03-09-10-54-06.xlsx,Units Availability Report,TALALA,,,33127070.0,207.9,,219.1,57.72,,,,,,,159341.36604136604,True,True
Units Availability Report-2026-03-09-10-54-06.xlsx,Units Availability Report,TALALA,,,34526446.0,207.9,,220.3,57.72,,,,,,,166072.37133237132,True,True
Units Availability Report-2026-03-09-10-54-06.xlsx,Units Availability Report,TALALA,,,32052346.0,207.9,,221.1,57.72,,,,,,,154171.93843193844,True,True
Units Availability Report-2026-03-09-10-54-06.xlsx,Units Availability Report,ELM TREE PARK,,,25517646.0,175.0,,164.0,53.54,,,,,,,145815.12,True,True
Units Availability Report-2026-03-09-10-54-06.xlsx,Units Availability Report,ELM TREE PARK,,,24368203.0,175.0,,164.0,53.54,,,,,,,139246.8742857143,True,True
Units Availability Report-2026-03-09-10-54-06.xlsx,Units Availability Report,ELM TREE PARK,,,26437201.0,175.0,,164.0,53.54,,,,,,,151069.72,True,True
Units Availability Report-2026-03-09-10-54-06.xlsx,Units Availability Report,ELM TREE PARK,,,25429839.0,175.0,,175.0,53.54,,,,,,,145313.36571428573,True,True
Units Availability Report-2026-03-09-10-54-06.xlsx,Units Availability Report,ELM TREE PARK,,,23372936.0,175.0,,177.0,53.54,,,,,,,133559.63428571427,True,True
Units Availability Report-2026-03-09-10-54-06.xlsx,Units Availability Report,ELM TREE PARK,,,26735195.0,175.0,,169.0,53.54,,,,,,,152772.54285714286,True,True
Units Availability Report-2026-03-09-10-54-06.xlsx,Units Availability Report,ELM TREE PARK,,,30019925.0,198.0,,199.0,44.7,,,,,,,151615.78282828283,True,True
Units Availability Report-2026-03-09-10-54-06.xlsx,Units Availability Report,ELM TREE PARK,,,29307902.0,198.0,,218.0,44.7,,,,,,,148019.70707070708,True,True
Units Availability Report-2026-03-09-10-54-06.xlsx,Units Availability Report,ELM TREE PARK,,,30196287.0,198.0,,193.0,44.7,,,,,,,152506.5,True,True
Units Availability Report-2026-03-09-10-54-06.xlsx,Units Availability Report,ELM TREE PARK,,,24853343.0,175.0,,166.0,53.54,,,,,,,142019.10285714286,True,True
Units Availability Report-2026-03-09-10-54-06.xlsx,Units Availability Report,ELM TREE PARK,,,26003961.0,175.0,,166.0,53.54,,,,,,,148594.06285714285,True,True
Units Availability Report-2026-03-09-10-54-06.xlsx,Units Availability Report,ELM TREE PARK,,,24980160.0,175.0,,176.0,53.54,,,,,,,142743.77142857143,True,True
Units Availability Report-2026-03-09-10-54-06.xlsx,Units Availability Report,ELM TREE PARK,,,23823672.0,175.0,,176.0,53.54,,,,,,,136135.26857142858,True,True
Units Availability Report-2026-03-09-10-54-06.xlsx,Units Availability Report,ELM TREE PARK,,,25905352.0,175.0,,176.0,53.54,,,,,,,148030.58285714284,True,True
Units Availability Report-2026-03-09-10-54-06.xlsx,Units Availability Report,ELM TREE PARK,,,24585527.0,175.0,,163.0,53.54,,,,,,,140488.7257142857,True,True
Units Availability Report-2026-03-09-10-54-06.xlsx,Units Availability Report,ELM TREE PARK,,,23666442.0,175.0,,163.0,53.54,,,,,,,135236.81142857144,True,True
Units Availability Report-2026-03-09-10-54-06.xlsx,Units Availability Report,ELM TREE PARK,,,23544432.0,239.0,,54.0,78.3,,,,,,,98512.26778242677,True,True
Units Availability Report-2026-03-09-10-54-06.xlsx,Units Availability Report,ELM TREE PARK,,,22436907.0,239.0,,53.0,78.3,,,,,,,93878.2719665272,True,True
Units Availability Report-2026-03-09-10-54-06.xlsx,Units Availability Report,ELM TREE PARK,,,22454412.0,239.0,,54.0,78.3,,,,,,,93951.51464435147,True,True
Units Availability Report-2026-03-09-10-54-06.xlsx,Units Availability Report,ELM TREE PARK,,,22471918.0,239.0,,55.0,78.3,,,,,,,94024.76150627615,True,True
Units Availability Report-2026-03-09-10-54-06.xlsx,Units Availability Report,ELM TREE PARK,,,24719158.0,239.0,,118.0,78.3,,,,,,,103427.43933054393,True,True
Units Availability Report-2026-03-09-10-54-06.xlsx,Units Availability Report,ELM TREE PARK,,,22401897.0,239.0,,51.0,78.3,,,,,,,93731.78661087865,True,True
Units Availability Report-2026-03-09-10-54-06.xlsx,Units Availability Report,ELM TREE PARK,,,22419402.0,239.0,,52.0,78.3,,,,,,,93805.02928870294,True,True
Units Availability Report-2026-03-09-10-54-06.xlsx,Units Availability Report,ELM TREE PARK,,,24682448.0,239.0,,116.0,78.3,,,,,,,103273.8410041841,True,True
Units Availability Report-2026-03-09-10-54-06.xlsx,Units Availability Report,ELM TREE PARK,,,22489423.0,239.0,,56.0,78.3,,,,,,,94098.00418410041,True,True
Units Availability Report-2026-03-09-10-54-06.xlsx,Units Availability Report,ELM TREE PARK,,,24755868.0,239.0,,120.0,78.3,,,,,,,103581.03765690376,True,True
Units Availability Report-2026-03-09-10-54-06.xlsx,Units Availability Report,ELM TREE PARK,,,22611960.0,239.0,,63.0,78.3,,,,,,,94610.71129707113,True,True
Units Availability Report-2026-03-09-10-54-06.xlsx,Units Availability Report,ELM TREE PARK,,,22629466.0,239.0,,64.0,78.3,,,,,,,94683.95815899581,True,True
Units Availability Report-2026-03-09-10-54-06.xlsx,Units Availability Report,ELM TREE PARK,,,22541939.0,239.0,,59.0,78.3,,,,,,,94317.73640167364,True,True
Units Availability Report-2026-03-09-10-54-06.xlsx,Units Availability Report,ELM TREE PARK,,,24793913.0,239.0,,123.0,78.3,,,,,,,103740.22175732217,True,True
Units Availability Report-2026-03-09-10-54-06.xlsx,Units Availability Report,ELM TREE PARK,,,29415439.0,239.0,,125.0,78.3,,,,,,,123077.15062761506,True,True
Units Availability Report-2026-03-09-10-54-06.xlsx,Units Availability Report,ELM TREE PARK,,,22559444.0,239.0,,60.0,78.3,,,,,,,94390.9790794979,True,True
Units Availability Report-2026-03-09-10-54-06.xlsx,Units Availability Report,ELM TREE PARK,,,30074098.0,239.0,,123.0,78.3,,,,,,,125833.0460251046,True,True
Units Availability Report-2026-03-09-10-54-06.xlsx,Units Availability Report,ELM TREE PARK,,,23180485.0,239.0,,58.0,78.3,,,,,,,96989.47698744769,True,True
Units Availability Report-2026-03-09-10-54-06.xlsx,Units Availability Report,ELM TREE PARK,,,23252546.0,239.0,,62.0,78.3,,,,,,,97290.98744769875,True,True
Units Availability Report-2026-03-09-10-54-06.xlsx,Units Availability Report,ELM TREE PARK,,,23234531.0,239.0,,61.0,78.3,,,,,,,97215.61087866109,True,True
Units Availability Report-2026-03-09-10-54-06.xlsx,Units Availability Report,ELM TREE PARK,,,23144455.0,239.0,,56.0,78.3,,,,,,,96838.72384937239,True,True
Units Availability Report-2026-03-09-10-54-06.xlsx,Units Availability Report,ELM TREE PARK,,,23090409.0,239.0,,53.0,78.3,,,,,,,96612.58995815899,True,True
Units Availability Report-2026-03-09-10-54-06.xlsx,Units Availability Report,ELM TREE PARK,,,25534769.0,239.0,,127.0,78.3,,,,,,,106840.03765690376,True,True
Units Availability Report-2026-03-09-10-54-06.xlsx,Units Availability Report,ELM TREE PARK,,,22594455.0,239.0,,62.0,78.3,,,,,,,94537.46861924687,True,True
Units Availability Report-2026-03-09-10-54-06.xlsx,Units Availability Report,ELM TREE PARK,,,21414359.0,239.0,,57.0,78.3,,,,,,,89599.82845188284,True,True
Units Availability Report-2026-03-09-10-54-06.xlsx,Units Availability Report,ELM TREE PARK,,,21480981.0,239.0,,61.0,78.3,,,,,,,89878.58158995816,True,True
Units Availability Report-2026-03-09-10-54-06.xlsx,Units Availability Report,ELM TREE PARK,,,21397704.0,239.0,,56.0,78.3,,,,,,,89530.14225941422,True,True
Units Availability Report-2026-03-09-10-54-06.xlsx,Units Availability Report,ELM TREE PARK,,,24490277.0,239.0,,118.0,78.3,,,,,,,102469.77824267783,True,True
Units Availability Report-2026-03-09-10-54-06.xlsx,Units Availability Report,ELM TREE PARK,,,21497637.0,239.0,,62.0,78.3,,,,,,,89948.2719665272,True,True
Units Availability Report-2026-03-09-10-54-06.xlsx,Units Availability Report,ELM TREE PARK,,,21514292.0,239.0,,63.0,78.3,,,,,,,90017.95815899581,True,True
Units Availability Report-2026-03-09-10-54-06.xlsx,Units Availability Report,ELM TREE PARK,,,23120983.0,239.0,,53.0,78.3,,,,,,,96740.51464435147,True,True
Units Availability Report-2026-03-09-10-54-06.xlsx,Units Availability Report,ELM TREE PARK,,,23355490.0,239.0,,66.0,78.3,,,,,,,97721.71548117154,True,True
Units Availability Report-2026-03-09-10-54-06.xlsx,Units Availability Report,ELM TREE PARK,,,21431015.0,239.0,,58.0,78.3,,,,,,,89669.51882845188,True,True
Units Availability Report-2026-03-09-10-54-06.xlsx,Units Availability Report,ELM TREE PARK,,,24658391.0,239.0,,116.0,78.3,,,,,,,103173.18410041841,True,True
Units Availability Report-2026-03-09-10-54-06.xlsx,Units Availability Report,ELM TREE PARK,,,21297770.0,239.0,,50.0,78.3,,,,,,,89112.00836820084,True,True
Units Availability Report-2026-03-09-10-54-06.xlsx,Units Availability Report,ELM TREE PARK,,,21347737.0,239.0,,53.0,78.3,,,,,,,89321.07531380754,True,True
Units Availability Report-2026-03-09-10-54-06.xlsx,Units Availability Report,ELM TREE PARK,,,21381048.0,239.0,,55.0,78.3,,,,,,,89460.45188284518,True,True
Units Availability Report-2026-03-09-10-54-06.xlsx,Units Availability Report,ELM TREE PARK,,,21364392.0,239.0,,54.0,78.3,,,,,,,89390.76150627615,True,True
Units Availability Report-2026-03-09-10-54-06.xlsx,Units Availability Report,ELM TREE PARK,,,24713402.0,239.0,,119.0,78.3,,,,,,,103403.35564853557,True,True
Units Availability Report-2026-03-09-10-54-06.xlsx,Units Availability Report,ELM TREE PARK,,,21331081.0,239.0,,52.0,78.3,,,,,,,89251.38493723849,True,True
Units Availability Report-2026-03-09-10-54-06.xlsx,Units Availability Report,ELM TREE PARK,,,22576950.0,239.0,,61.0,78.3,,,,,,,94464.2259414226,True,True
Units Availability Report-2026-03-09-10-54-06.xlsx,Units Availability Report,ELM TREE PARK,,,23162470.0,239.0,,57.0,78.3,,,,,,,96914.10041841005,True,True
Units Availability Report-2026-03-09-10-54-06.xlsx,Units Availability Report,ELM TREE PARK,,,23288576.0,239.0,,64.0,78.3,,,,,,,97441.74058577405,True,True
Units Availability Report-2026-03-09-10-54-06.xlsx,Units Availability Report,ELM TREE PARK,,,26502228.0,239.0,,132.0,78.3,,,,,,,110887.98326359833,True,True
Units Availability Report-2026-03-09-10-54-06.xlsx,Units Availability Report,ELM TREE PARK,,,23198500.0,239.0,,59.0,78.3,,,,,,,97064.85355648535,True,True
Units Availability Report-2026-03-09-10-54-06.xlsx,Units Availability Report,ELM TREE PARK,,,23108424.0,239.0,,54.0,78.3,,,,,,,96687.96652719665,True,True
Units Availability Report-2026-03-09-10-54-06.xlsx,Units Availability Report,ELM TREE PARK,,,26125479.0,239.0,,109.0,78.3,,,,,,,109311.62761506277,True,True
Units Availability Report-2026-03-09-10-54-06.xlsx,Units Availability Report,ELM TREE PARK,,,23126440.0,239.0,,55.0,78.3,,,,,,,96763.34728033472,True,True
Units Availability Report-2026-03-09-10-54-06.xlsx,Units Availability Report,ELM TREE PARK,,,22982318.0,239.0,,47.0,78.3,,,,,,,96160.32635983263,True,True
Units Availability Report-2026-03-09-10-54-06.xlsx,Units Availability Report,ELM TREE PARK,,,22964303.0,239.0,,46.0,78.3,,,,,,,96084.94979079498,True,True
Units Availability Report-2026-03-09-10-54-06.xlsx,Units Availability Report,ELM TREE PARK,,,25646433.0,239.0,,144.0,78.3,,,,,,,107307.2510460251,True,True
Units Availability Report-2026-03-09-10-54-06.xlsx,Units Availability Report,ELM TREE PARK,,,22155728.0,239.0,,62.0,78.3,,,,,,,92701.79079497908,True,True
Units Availability Report-2026-03-09-10-54-06.xlsx,Units Availability Report,ELM TREE PARK,,,22018404.0,239.0,,54.0,78.3,,,,,,,92127.21338912135,True,True
Units Availability Report-2026-03-09-10-54-06.xlsx,Units Availability Report,ELM TREE PARK,,,22001239.0,239.0,,53.0,78.3,,,,,,,92055.39330543933,True,True
Units Availability Report-2026-03-09-10-54-06.xlsx,Units Availability Report,ELM TREE PARK,,,22121397.0,239.0,,60.0,78.3,,,,,,,92558.14644351465,True,True
Units Availability Report-2026-03-09-10-54-06.xlsx,Units Availability Report,ELM TREE PARK,,,22104231.0,239.0,,59.0,78.3,,,,,,,92486.32217573222,True,True
Units Availability Report-2026-03-09-10-54-06.xlsx,Units Availability Report,ELM TREE PARK,,,21984074.0,239.0,,52.0,78.3,,,,,,,91983.57322175732,True,True
Units Availability Report-2026-03-09-10-54-06.xlsx,Units Availability Report,RAI,,,14815780.18,160.0,,74.96,22.0,,,,,,,92598.626125,True,True
Units Availability Report-2026-03-09-10-54-06.xlsx,Units Availability Report,RAI,,,15057428.59,160.0,,66.19,23.5,,,,,,,94108.9286875,True,True
Units Availability Report-2026-03-09-10-54-06.xlsx,Units Availability Report,Zahw Assuit,,,9921417.03,351.2,,319.0,0.0,,,,,,,28250.04849088838,True,False
Units Availability Report-2026-03-09-10-54-06.xlsx,Units Availability Report,Zahw Assuit,,,9627213.73,351.2,,289.0,0.0,,,,,,,27412.33977790433,True,False
Units Availability Report-2026-03-09-10-54-06.xlsx,Units Availability Report,Zahw Assuit,,,4710098.37,174.4,,0.0,0.0,,,,,,,27007.44478211009,False,False
Units Availability Report-2026-03-09-10-54-06.xlsx,Units Availability Report,Zahw Assuit,,,4673585.98,174.4,,0.0,0.0,,,,,,,26798.084747706424,False,False
Units Availability Report-2026-03-09-10-54-06.xlsx,Units Availability Report,Zahw Assuit,,,6382195.82,185.2,,65.0,28.8,,,,,,,34461.10053995681,True,True
Units Availability Report-2026-03-09-10-54-06.xlsx,Units Availability Report,Zahw Assuit,,,7773671.31,190.25,,194.8,32.85,,,,,,,40860.29597897503,True,True
Units Availability Report-2026-03-09-10-54-06.xlsx,Units Availability Report,Zahw Assuit,,,7163673.44,191.05,,144.95,32.1,,,,,,,37496.32787228474,True,True
Units Availability Report-2026-03-09-10-54-06.xlsx,Units Availability Report,Zahw Assuit,,,6174279.57,185.85,,67.2,28.1,,,,,,,33221.84326069411,True,True
Units Availability Report-2026-03-09-10-54-06.xlsx,Units Availability Report,Zahw Assuit,,,7961700.42,223.65,,139.8,34.7,,,,,,,35598.928772635816,True,True
Units Availability Report-2026-03-09-10-54-06.xlsx,Units Availability Report,Zahw Assuit,,,8141959.59,223.65,,160.8,34.7,,,,,,,36404.916566063046,True,True
Units Availability Report-2026-03-09-10-54-06.xlsx,Units Availability Report,Zahw Assuit,,,9026219.4,223.65,,163.3,34.7,,,,,,,40358.68276324614,True,True
Units Availability Report-2026-03-09-10-54-06.xlsx,Units Availability Report,Zahw Assuit,,,8655401.32,223.65,,144.8,34.7,,,,,,,38700.654236530296,True,True
Units Availability Report-2026-03-09-10-54-06.xlsx,Units Availability Report,Zahw Assuit,,,8581148.22,223.65,,136.8,34.7,,,,,,,38368.64842387659,True,True
Units Availability Report-2026-03-09-10-54-06.xlsx,Units Availability Report,Zahw Assuit,,,8627556.41,223.65,,141.8,34.7,,,,,,,38576.15206796333,True,True
Units Availability Report-2026-03-09-10-54-06.xlsx,Units Availability Report,Zahw Assuit,,,8771421.79,223.65,,157.3,34.7,,,,,,,39219.413324390785,True,True
Units Availability Report-2026-03-09-10-54-06.xlsx,Units Availability Report,Zahw Assuit,,,7390538.06,190.25,,141.6,32.85,,,,,,,38846.45498028909,True,True
Units Availability Report-2026-03-09-10-54-06.xlsx,Units Availability Report,Zahw Assuit,,,9777638.94,351.2,,289.0,0.0,,,,,,,27840.65757403189,True,False
Units Availability Report-2026-03-09-10-54-06.xlsx,Units Availability Report,Zahw Assuit,,,6164255.11,185.5,,67.2,28.1,,,,,,,33230.48576819407,True,True
Units Availability Report-2026-03-09-10-54-06.xlsx,Units Availability Report,Zahw Assuit,,,7501954.05,191.05,,193.7,32.1,,,,,,,39266.967024339174,True,True
Units Availability Report-2026-03-09-10-54-06.xlsx,Units Availability Report,Zahw Assuit,,,7781881.75,191.05,,191.0,32.1,,,,,,,40732.1735147867,True,True
Units Availability Report-2026-03-09-10-54-06.xlsx,Units Availability Report,Zahw Assuit,,,6393650.52,185.85,,64.85,28.1,,,,,,,34402.20887812752,True,True
Units Availability Report-2026-03-09-10-54-06.xlsx,Units Availability Report,Zahw Assuit,,,6383234.47,185.5,,64.85,28.1,,,,,,,34410.96749326145,True,True
Units Availability Report-2026-03-09-10-54-06.xlsx,Units Availability Report,Zahw Assuit,,,7405754.04,191.05,,141.4,32.1,,,,,,,38763.43386548024,True,True
Units Availability Report-2026-03-09-10-54-06.xlsx,Units Availability Report,ORIGAMI,,,12132064.23,132.45,,0.0,0.0,,,,,,,91597.31392978484,False,False
Units Availability Report-2026-03-09-10-54-06.xlsx,Units Availability Report,Sarai S2,,,14740731.36,150.0,,106.0,0.0,,,,,,,98271.54239999999,True,False
Units Availability Report-2026-03-09-10-54-06.xlsx,Units Availability Report,Sarai S2,,,15638572.72,160.0,,79.0,21.0,,,,,,,97741.0795,True,True
Units Availability Report-2026-03-09-10-54-06.xlsx,Units Availability Report,Sarai S2,,,14068519.41,212.35,,0.0,0.0,,,,,,,66251.56303272898,False,False
Units Availability Report-2026-03-09-10-54-06.xlsx,Units Availability Report,Sarai S2,,,17049633.29,175.0,,56.3,42.3,,,,,,,97426.47594285714,True,True
Units Availability Report-2026-03-09-10-54-06.xlsx,Units Availability Report,Sarai S2,,,14628501.19,150.0,,106.0,0.0,,,,,,,97523.34126666667,True,False
Units Availability Report-2026-03-09-10-54-06.xlsx,Units Availability Report,Sarai S2,,,11400714.74,169.0,,0.0,0.0,,,,,,,67459.85053254438,False,False
Units Availability Report-2026-03-09-10-54-06.xlsx,Units Availability Report,Sheya Residence,,,10028395.34,131.88,,0.0,0.0,,,,,,,76041.82089778587,False,False
Units Availability Report-2026-03-09-10-54-06.xlsx,Units Availability Report,Sheya Residence,,,11267077.17,147.08,,0.0,0.0,,,,,,,76605.09362251835,False,False
Units Availability Report-2026-03-09-10-54-06.xlsx,Units Availability Report,Sheya Residence,,,10399817.39,131.88,,0.0,0.0,,,,,,,78858.18463754929,False,False
Units Availability Report-2026-03-09-10-54-06.xlsx,Units Availability Report,Sheya Residence,,,12081828.67,155.43,,0.0,0.0,,,,,,,77731.63913015505,False,False
Units Availability Report-2026-03-09-10-54-06.xlsx,Units Availability Report,Sheya Residence,,,12694675.05,155.43,,0.0,0.0,,,,,,,81674.54834973943,False,False
Units Availability Report-2026-03-09-10-54-06.xlsx,Units Availability Report,esse residence,,,9873958.99,132.41,,0.0,0.0,,,,,,,74571.09727361982,False,False
Units Availability Report-2026-03-09-10-54-06.xlsx,Units Availability Report,esse residence,,,11995014.03,156.03,,0.0,0.0,,,,,,,76876.33166698711,False,False
Units Availability Report-2026-03-09-10-54-06.xlsx,Units Availability Report,esse residence,,,10476909.8,156.03,,0.0,0.0,,,,,,,67146.76536563481,False,False
Units Availability Report-2026-03-09-10-54-06.xlsx,Units Availability Report,esse residence,,,10377602.6,156.03,,0.0,0.0,,,,,,,66510.30314683073,False,False
Units Availability Report-2026-03-09-10-54-06.xlsx,Units Availability Report,esse residence,,,13571141.33,158.03,,95.25,0.0,,,,,,,85876.99379864582,True,False
Units Availability Report-2026-03-09-10-54-06.xlsx,Units Availability Report,esse residence,,,8933040.18,132.41,,0.0,0.0,,,,,,,67464.99645041916,False,False
Units Availability Report-2026-03-09-10-54-06.xlsx,Units Availability Report,esse residence,,,11406130.4,147.67,,0.0,0.0,,,,,,,77240.67447687412,False,False
Units Availability Report-2026-03-09-10-54-06.xlsx,Units Availability Report,esse residence,,,10227437.71,132.41,,0.0,0.0,,,,,,,77240.674495884,False,False
Units Availability Report-2026-03-09-10-54-06.xlsx,Units Availability Report,esse residence,,,9558353.0,132.41,,0.0,0.0,,,,,,,72187.54625783551,False,False
Units Availability Report-2026-03-09-10-54-06.xlsx,Units Availability Report,esse residence,,,10725177.8,156.03,,0.0,0.0,,,,,,,68737.92091264502,False,False
Units Availability Report-2026-03-09-10-54-06.xlsx,Units Availability Report,esse residence,,,10824485.01,156.03,,0.0,0.0,,,,,,,69374.38319553931,False,False
Units Availability Report-2026-03-09-10-54-06.xlsx,Units Availability Report,esse residence,,,10365860.08,157.1,,0.0,0.0,,,,,,,65982.55938892426,False,False
Units Availability Report-2026-03-09-10-54-06.xlsx,Units Availability Report,esse residence,,,11132237.7,155.44,,0.0,0.0,,,,,,,71617.5868502316,False,False
Units Availability Report-2026-03-09-10-54-06.xlsx,Units Availability Report,esse residence,,,11911494.34,155.44,,0.0,0.0,,,,,,,76630.81793618116,False,False
Units Availability Report-2026-03-09-10-54-06.xlsx,Units Availability Report,esse residence,,,12021785.95,155.44,,0.0,0.0,,,,,,,77340.36251930005,False,False
Units Availability Report-2026-03-09-10-54-06.xlsx,Units Availability Report,esse residence,,,11483266.2,157.1,,0.0,0.0,,,,,,,73095.265436028,False,False
Units Availability Report-2026-03-09-10-54-06.xlsx,Units Availability Report,esse residence,,,11210293.48,156.03,,0.0,0.0,,,,,,,71847.03890277511,False,False
Units Availability Report-2026-03-09-10-54-06.xlsx,Units Availability Report,esse residence,,,10659934.95,147.67,,0.0,0.0,,,,,,,72187.54621791834,False,False
Units Availability Report-2026-03-09-10-54-06.xlsx,Units Availability Report,esse residence,,,11104034.78,156.03,,0.0,0.0,,,,,,,71166.02435429084,False,False
Units Availability Report-2026-03-09-10-54-06.xlsx,Units Availability Report,esse residence,,,11954986.7,156.77,,0.0,0.0,,,,,,,76258.12783057982,False,False
Units Availability Report-2026-03-09-10-54-06.xlsx,Units Availability Report,esse residence,,,11782747.91,147.67,,0.0,0.0,,,,,,,79791.07408410645,False,False
Units Availability Report-2026-03-09-10-54-06.xlsx,Units Availability Report,The Butterfly,,,11556966.52,153.0,,0.0,0.0,,,,,,,75535.72888888889,False,False
Units Availability Report-2026-03-09-10-54-06.xlsx,Units Availability Report,The Butterfly,,,10272859.13,136.0,,0.0,0.0,,,,,,,75535.72889705883,False,False
Units Availability Report-2026-03-09-10-54-06.xlsx,Units Availability Report,The Butterfly,,,11859109.44,157.0,,0.0,0.0,,,,,,,75535.72891719746,False,False
Units Availability Report-2026-03-09-10-54-06.xlsx,Units Availability Report,The Butterfly,,,13293302.02,137.0,,186.5,0.0,,,,,,,97031.40160583942,True,False
Units Availability Report-2026-03-09-10-54-06.xlsx,Units Availability Report,The Butterfly,,,10086079.87,136.0,,0.0,0.0,,,,,,,74162.35198529411,False,False
Units Availability Report-2026-03-09-10-54-06.xlsx,Units Availability Report,The Butterfly,,,12074729.61,157.0,,0.0,0.0,,,,,,,76909.10579617834,False,False
Units Availability Report-2026-03-09-10-54-06.xlsx,Units Availability Report,The Butterfly,,,11276307.34,136.0,,0.0,0.0,,,,,,,82914.02455882353,False,False
Units Availability Report-2026-03-09-10-54-06.xlsx,Units Availability Report,The Butterfly,,,11483212.06,136.0,,0.0,0.0,,,,,,,84435.38279411766,False,False
Units Availability Report-2026-03-09-10-54-06.xlsx,Units Availability Report,The Butterfly,,,11535679.18,157.0,,0.0,0.0,,,,,,,73475.66356687898,False,False
Units Availability Report-2026-03-09-10-54-06.xlsx,Units Availability Report,The Butterfly,,,9992690.24,136.0,,0.0,0.0,,,,,,,73475.66352941177,False,False
Units Availability Report-2026-03-09-10-54-06.xlsx,Units Availability Report,The Butterfly,,,11241776.52,153.0,,0.0,0.0,,,,,,,73475.66352941176,False,False
Units Availability Report-2026-03-09-10-54-06.xlsx,Units Availability Report,The Butterfly,,,11751299.35,157.0,,0.0,0.0,,,,,,,74849.04044585986,False,False
Units Availability Report-2026-03-09-10-54-06.xlsx,Units Availability Report,The Butterfly,,,10655593.17,136.0,,0.0,0.0,,,,,,,78349.94977941176,False,False
Units Availability Report-2026-03-09-10-54-06.xlsx,Units Availability Report,The Butterfly,,,11104438.83,157.0,,0.0,0.0,,,,,,,70728.90974522293,False,False
Units Availability Report-2026-03-09-10-54-06.xlsx,Units Availability Report,The Butterfly,,,10821523.2,153.0,,0.0,0.0,,,,,,,70728.90980392156,False,False
Units Availability Report-2026-03-09-10-54-06.xlsx,Units Availability Report,The Butterfly,,,9619131.73,136.0,,0.0,0.0,,,,,,,70728.90977941177,False,False
Units Availability Report-2026-03-09-10-54-06.xlsx,Units Availability Report,The Butterfly,,,11320059.01,157.0,,0.0,0.0,,,,,,,72102.28668789809,False,False
Units Availability Report-2026-03-09-10-54-06.xlsx,Units Availability Report,The Butterfly,,,12220310.13,153.0,,0.0,0.0,,,,,,,79871.30803921568,False,False
Units Availability Report-2026-03-09-10-54-06.xlsx,Units Availability Report,The Butterfly,,,11031649.86,153.0,,0.0,0.0,,,,,,,72102.28666666667,False,False
Units Availability Report-2026-03-09-10-54-06.xlsx,Units Availability Report,The Butterfly,,,9805910.99,136.0,,0.0,0.0,,,,,,,72102.28669117647,False,False
Units Availability Report-2026-03-09-10-54-06.xlsx,Units Availability Report,The Butterfly,,,12755003.11,137.0,,193.9,0.0,,,,,,,93102.21248175182,True,False
Units Availability Report-2026-03-09-10-54-06.xlsx,Units Availability Report,The Butterfly,,,13648148.24,164.0,,140.9,0.0,,,,,,,83220.41609756097,True,False
Units Availability Report-2026-03-09-10-54-06.xlsx,Units Availability Report,The Butterfly,,,12010786.07,137.0,,122.5,0.0,,,,,,,87669.97131386862,True,False
Units Availability Report-2026-03-09-10-54-06.xlsx,Units Availability Report,The Butterfly,,,10862497.9,136.0,,0.0,0.0,,,,,,,79871.3080882353,False,False
Units Availability Report-2026-03-09-10-54-06.xlsx,Units Availability Report,The Butterfly,,,10179469.5,136.0,,0.0,0.0,,,,,,,74849.04044117648,False,False
Units Availability Report-2026-03-09-10-54-06.xlsx,Units Availability Report,The Butterfly,,,13004547.6,137.0,,171.2,0.0,,,,,,,94923.70510948905,True,False
Units Availability Report-2026-03-09-10-54-06.xlsx,Units Availability Report,The Butterfly,,,11643489.26,157.0,,0.0,0.0,,,,,,,74162.35197452229,False,False
Units Availability Report-2026-03-09-10-54-06.xlsx,Units Availability Report,The Butterfly,,,11346839.86,153.0,,0.0,0.0,,,,,,,74162.35202614378,False,False
Units Availability Report-2026-03-09-10-54-06.xlsx,Units Availability Report,The Butterfly,,,11767093.18,153.0,,0.0,0.0,,,,,,,76909.10575163398,False,False
Units Availability Report-2026-03-09-10-54-06.xlsx,Units Availability Report,The Butterfly,,,10459638.39,136.0,,0.0,0.0,,,,,,,76909.10580882353,False,False
Units Availability Report-2026-03-09-10-54-06.xlsx,Units Availability Report,The Butterfly,,,12290349.78,157.0,,0.0,0.0,,,,,,,78282.48267515923,False,False
Units Availability Report-2026-03-09-10-54-06.xlsx,Units Availability Report,The Butterfly,,,11977219.85,153.0,,0.0,0.0,,,,,,,78282.48267973856,False,False
Units Availability Report-2026-03-09-10-54-06.xlsx,Units Availability Report,The Butterfly,,,11586664.42,136.0,,0.0,0.0,,,,,,,85196.0619117647,False,False
Units Availability Report-2026-03-09-10-54-06.xlsx,Units Availability Report,The Butterfly,,,13267765.29,153.0,,0.0,0.0,,,,,,,86717.42019607843,False,False
Units Availability Report-2026-03-09-10-54-06.xlsx,Units Availability Report,The Butterfly,,,11690116.78,136.0,,0.0,0.0,,,,,,,85956.74102941176,False,False
Units Availability Report-2026-03-09-10-54-06.xlsx,Units Availability Report,The Butterfly,,,13017501.85,157.0,,0.0,0.0,,,,,,,82914.024522293,False,False
Units Availability Report-2026-03-09-10-54-06.xlsx,Units Availability Report,The Butterfly,,,11080679.41,136.0,,0.0,0.0,,,,,,,81475.58389705882,False,False
Units Availability Report-2026-03-09-10-54-06.xlsx,Units Availability Report,Club Views,,,16430044.0,152.0,,161.0,0.0,,,,,,,108092.3947368421,True,False
Units Availability Report-2026-03-09-10-54-06.xlsx,Units Availability Report,Club Views,,,12148845.0,167.0,,0.0,0.0,,,,,,,72747.5748502994,False,False
Units Availability Report-2026-03-09-10-54-06.xlsx,Units Availability Report,Club Views,,,12041807.0,167.0,,0.0,0.0,,,,,,,72106.62874251496,False,False
Units Availability Report-2026-03-09-10-54-06.xlsx,Units Availability Report,Club Views,,,11720692.0,167.0,,0.0,0.0,,,,,,,70183.78443113773,False,False
Units Availability Report-2026-03-09-10-54-06.xlsx,Units Availability Report,Club Views,,,12129296.0,166.0,,0.0,0.0,,,,,,,73068.04819277108,False,False
Units Availability Report-2026-03-09-10-54-06.xlsx,Units Availability Report,Club Views,,,13933275.0,167.0,,185.4,0.0,,,,,,,83432.78443113773,True,False
Units Availability Report-2026-03-09-10-54-06.xlsx,Units Availability Report,Club Views,,,13731212.0,154.0,,320.1,0.0,,,,,,,89163.71428571429,True,False
Units Availability Report-2026-03-09-10-54-06.xlsx,Units Availability Report,Club Views,,,13932701.0,167.0,,185.3,0.0,,,,,,,83429.34730538922,True,False
Units Availability Report-2026-03-09-10-54-06.xlsx,Units Availability Report,Club Views,,,13730069.0,154.0,,319.9,0.0,,,,,,,89156.29220779221,True,False
Units Availability Report-2026-03-09-10-54-06.xlsx,Units Availability Report,Club Views,,,12584098.0,158.2,,0.0,0.0,,,,,,,79545.49936788875,False,False
Units Availability Report-2026-03-09-10-54-06.xlsx,Units Availability Report,Club Views,,,12223515.0,163.0,,0.0,0.0,,,,,,,74990.88957055214,False,False
Units Availability Report-2026-03-09-10-54-06.xlsx,Units Availability Report,Club Views,,,15124533.0,167.0,,392.9,0.0,,,,,,,90566.06586826347,True,False
Units Availability Report-2026-03-09-10-54-06.xlsx,Units Availability Report,Club Views,,,14467188.0,167.0,,278.4,0.0,,,,,,,86629.86826347305,True,False
Units Availability Report-2026-03-09-10-54-06.xlsx,Units Availability Report,Club Views,,,12469960.0,167.0,,0.0,0.0,,,,,,,74670.41916167665,False,False
Units Availability Report-2026-03-09-10-54-06.xlsx,Units Availability Report,Club Views,,,14936228.0,167.0,,360.1,0.0,,,,,,,89438.49101796407,True,False
Units Availability Report-2026-03-09-10-54-06.xlsx,Units Availability Report,Club Views,,,13574684.0,154.0,,383.2,0.0,,,,,,,88147.2987012987,True,False
Units Availability Report-2026-03-09-10-54-06.xlsx,Units Availability Report,Club Views,,,14470633.0,167.0,,279.0,0.0,,,,,,,86650.49700598803,True,False
Units Availability Report-2026-03-09-10-54-06.xlsx,Units Availability Report,Club Views,,,13496512.0,154.0,,369.0,0.0,,,,,,,87639.68831168831,True,False
Units Availability Report-2026-03-09-10-54-06.xlsx,Units Availability Report,Club Views,,,14444798.0,167.0,,274.5,0.0,,,,,,,86495.79640718563,True,False
Units Availability Report-2026-03-09-10-54-06.xlsx,Units Availability Report,Club Views,,,12486304.0,161.0,,0.0,0.0,,,,,,,77554.68322981366,False,False
Units Availability Report-2026-03-09-10-54-06.xlsx,Units Availability Report,Club Views,,,14307588.0,167.0,,250.6,0.0,,,,,,,85674.17964071856,True,False
Units Availability Report-2026-03-09-10-54-06.xlsx,Units Availability Report,Club Views,,,14097530.0,154.0,,384.2,0.0,,,,,,,91542.4025974026,True,False
Units Availability Report-2026-03-09-10-54-06.xlsx,Units Availability Report,Club Views,,,13328057.0,154.0,,338.4,0.0,,,,,,,86545.82467532468,True,False
Units Availability Report-2026-03-09-10-54-06.xlsx,Units Availability Report,Club Views,,,14747349.0,167.0,,327.2,0.0,,,,,,,88307.47904191617,True,False
Units Availability Report-2026-03-09-10-54-06.xlsx,Units Availability Report,Club Views,,,11597309.0,166.0,,0.0,0.0,,,,,,,69863.30722891567,False,False
Units Availability Report-2026-03-09-10-54-06.xlsx,Units Availability Report,Club Views,,,12592199.0,154.0,,319.1,0.0,,,,,,,81767.52597402598,True,False
Units Availability Report-2026-03-09-10-54-06.xlsx,Units Availability Report,Club Views,,,12088661.0,158.2,,0.0,0.0,,,,,,,76413.78634639697,False,False
Units Availability Report-2026-03-09-10-54-06.xlsx,Units Availability Report,Club Views,,,11970341.0,161.0,,0.0,0.0,,,,,,,74349.94409937889,False,False
Units Availability Report-2026-03-09-10-54-06.xlsx,Units Availability Report,Club Views,,,11701143.0,163.0,,0.0,0.0,,,,,,,71786.15337423312,False,False
Units Availability Report-2026-03-09-10-54-06.xlsx,Units Availability Report,Club Views,,,11506615.0,167.0,,0.0,0.0,,,,,,,68901.8862275449,False,False
Units Availability Report-2026-03-09-10-54-06.xlsx,Units Availability Report,Club Views,,,11185500.0,167.0,,0.0,0.0,,,,,,,66979.04191616767,False,False
Units Availability Report-2026-03-09-10-54-06.xlsx,Units Availability Report,Club Views,,,12589053.0,154.0,,318.5,0.0,,,,,,,81747.0974025974,True,False
Units Availability Report-2026-03-09-10-54-06.xlsx,Units Availability Report,Club Views,,,11934768.0,167.0,,0.0,0.0,,,,,,,71465.67664670659,False,False
Units Availability Report-2026-03-09-10-54-06.xlsx,Units Availability Report,Club Views,,,12022899.0,166.0,,0.0,0.0,,,,,,,72427.10240963855,False,False
Units Availability Report-2026-03-09-10-54-06.xlsx,Units Availability Report,Club Views,,,13091525.0,154.0,,318.3,0.0,,,,,,,85009.9025974026,True,False
Units Availability Report-2026-03-09-10-54-06.xlsx,Units Availability Report,Club Views,,,12909407.0,154.0,,284.9,0.0,,,,,,,83827.31818181818,True,False
Units Availability Report-2026-03-09-10-54-06.xlsx,Units Availability Report,Club Views,,,17657692.0,154.9,,164.0,0.0,,,,,,,113994.13815364751,True,False
Units Availability Report-2026-03-09-10-54-06.xlsx,Units Availability Report,Club Views,,,16618396.0,154.9,,133.0,0.0,,,,,,,107284.67398321498,True,False
Units Availability Report-2026-03-09-10-54-06.xlsx,Units Availability Report,Club Views,,,17609943.0,152.0,,160.0,0.0,,,,,,,115854.88815789473,True,False
Units Availability Report-2026-03-09-10-54-06.xlsx,Units Availability Report,Club Views,,,16450493.0,154.9,,152.0,0.0,,,,,,,106200.7295029051,True,False
Units Availability Report-2026-03-09-10-54-06.xlsx,Units Availability Report,Club Views,,,17221775.0,152.0,,154.0,0.0,,,,,,,113301.15131578948,True,False
Units Availability Report-2026-03-09-10-54-06.xlsx,Units Availability Report,Club Views,,,17628286.0,154.9,,160.0,0.0,,,,,,,113804.29954809554,True,False
Units Availability Report-2026-03-09-10-54-06.xlsx,Units Availability Report,Club Views,,,18193368.0,152.0,,154.0,0.0,,,,,,,119693.21052631579,True,False
Units Availability Report-2026-03-09-10-54-06.xlsx,Units Availability Report,Club Views,,,18054458.0,154.9,,160.0,0.0,,,,,,,116555.57133634602,True,False
Units Availability Report-2026-03-09-10-54-06.xlsx,Units Availability Report,Club Views,,,15683955.0,150.0,,65.0,0.0,,,,,,,104559.7,True,False
Units Availability Report-2026-03-09-10-54-06.xlsx,Units Availability Report,Club Views,,,18473420.0,154.9,,159.0,0.0,,,,,,,119260.29696578438,True,False
Units Availability Report-2026-03-09-10-54-06.xlsx,Units Availability Report,Club Views,,,15683917.0,150.0,,65.0,0.0,,,,,,,104559.44666666667,True,False
Units Availability Report-2026-03-09-10-54-06.xlsx,Units Availability Report,Club Views,,,17637048.0,154.9,,161.0,0.0,,,,,,,113860.86507424145,True,False
Units Availability Report-2026-03-09-10-54-06.xlsx,Units Availability Report,Club Views,,,17399945.0,154.9,,168.0,0.0,,,,,,,112330.1807617818,True,False
Units Availability Report-2026-03-09-10-54-06.xlsx,Units Availability Report,Club Views,,,16784462.0,152.0,,162.0,0.0,,,,,,,110424.09210526316,True,False
Units Availability Report-2026-03-09-10-54-06.xlsx,Units Availability Report,Club Views,,,17672757.0,152.0,,170.0,0.0,,,,,,,116268.13815789473,True,False
Units Availability Report-2026-03-09-10-54-06.xlsx,Units Availability Report,Club Views,,,17394657.0,154.9,,167.0,0.0,,,,,,,112296.04260813427,True,False
Units Availability Report-2026-03-09-10-54-06.xlsx,Units Availability Report,Club Views,,,17392619.0,154.9,,167.0,0.0,,,,,,,112282.88573273079,True,False
Units Availability Report-2026-03-09-10-54-06.xlsx,Units Availability Report,Club Views,,,16590792.0,152.0,,187.0,0.0,,,,,,,109149.94736842105,True,False
Units Availability Report-2026-03-09-10-54-06.xlsx,Units Availability Report,Club Views,,,16854117.0,152.0,,140.0,0.0,,,,,,,110882.34868421052,True,False
Units Availability Report-2026-03-09-10-54-06.xlsx,Units Availability Report,Club Views,,,18061954.0,154.9,,161.0,0.0,,,,,,,116603.96384764364,True,False
Units Availability Report-2026-03-09-10-54-06.xlsx,Units Availability Report,Club Views,,,17121715.0,154.9,,147.0,0.0,,,,,,,110533.98967075533,True,False
Units Availability Report-2026-03-09-10-54-06.xlsx,Units Availability Report,Club Views,,,17612956.0,154.9,,201.0,0.0,,,,,,,113705.33247256294,True,False
Units Availability Report-2026-03-09-10-54-06.xlsx,Units Availability Report,TALALA,,,11358911.0,124.7,,0.0,0.0,,,,,,,91089.9037690457,False,False
Units Availability Report-2026-03-09-10-54-06.xlsx,Units Availability Report,TALALA,,,11924199.0,123.7,,0.0,0.0,,,,,,,96396.11156022635,False,False
Units Availability Report-2026-03-09-10-54-06.xlsx,Units Availability Report,TALALA,,,21964777.0,170.5,,176.6,0.0,,,,,,,128825.6715542522,True,False
Units Availability Report-2026-03-09-10-54-06.xlsx,Units Availability Report,TALALA,,,19147784.0,168.0,,123.3,33.0,,,,,,,113974.90476190476,True,True
Units Availability Report-2026-03-09-10-54-06.xlsx,Units Availability Report,TALALA,,,17012852.0,166.4,,57.9,33.0,,,,,,,102240.69711538461,True,True
Units Availability Report-2026-03-09-10-54-06.xlsx,Units Availability Report,TALALA,,,20498428.0,172.2,,136.2,33.0,,,,,,,119038.49012775843,True,True
Units Availability Report-2026-03-09-10-54-06.xlsx,Units Availability Report,TALALA,,,21029607.0,172.2,,109.5,33.0,,,,,,,122123.15331010454,True,True
Units Availability Report-2026-03-09-10-54-06.xlsx,Units Availability Report,TALALA,,,17892865.0,166.4,,58.6,33.0,,,,,,,107529.23677884616,True,True
Units Availability Report-2026-03-09-10-54-06.xlsx,Units Availability Report,TALALA,,,17911738.0,166.4,,59.7,33.0,,,,,,,107642.65625,True,True
Units Availability Report-2026-03-09-10-54-06.xlsx,Units Availability Report,TALALA,,,17856834.0,166.4,,56.5,33.0,,,,,,,107312.70432692308,True,True
Units Availability Report-2026-03-09-10-54-06.xlsx,Units Availability Report,TALALA,,,20242144.0,168.0,,135.3,33.0,,,,,,,120488.95238095238,True,True
Units Availability Report-2026-03-09-10-54-06.xlsx,Units Availability Report,TALALA,,,17058560.0,166.4,,60.7,33.0,,,,,,,102515.38461538461,True,True
Units Availability Report-2026-03-09-10-54-06.xlsx,Units Availability Report,TALALA,,,16986733.0,166.4,,56.3,33.0,,,,,,,102083.73197115384,True,True
Units Availability Report-2026-03-09-10-54-06.xlsx,Units Availability Report,TALALA,,,19464977.0,172.2,,116.8,33.0,,,,,,,113037.03252032521,True,True
Units Availability Report-2026-03-09-10-54-06.xlsx,Units Availability Report,TALALA,,,20721600.0,172.2,,138.5,33.0,,,,,,,120334.49477351917,True,True
Units Availability Report-2026-03-09-10-54-06.xlsx,Units Availability Report,TALALA,,,17858550.0,166.4,,56.6,33.0,,,,,,,107323.01682692308,True,True
Units Availability Report-2026-03-09-10-54-06.xlsx,Units Availability Report,TALALA,,,19762099.0,168.0,,105.0,33.0,,,,,,,117631.54166666667,True,True
Units Availability Report-2026-03-09-10-54-06.xlsx,Units Availability Report,TALALA,,,19286665.0,168.0,,133.9,33.0,,,,,,,114801.57738095238,True,True
Units Availability Report-2026-03-09-10-54-06.xlsx,Units Availability Report,TALALA,,,17024279.0,166.4,,58.6,33.0,,,,,,,102309.36899038461,True,True
Units Availability Report-2026-03-09-10-54-06.xlsx,Units Availability Report,TALALA,,,17079782.0,166.4,,62.0,33.0,,,,,,,102642.92067307692,True,True
Units Availability Report-2026-03-09-10-54-06.xlsx,Units Availability Report,TALALA,,,17099372.0,166.4,,63.2,33.0,,,,,,,102760.64903846153,True,True
Units Availability Report-2026-03-09-10-54-06.xlsx,Units Availability Report,TALALA,,,17081415.0,166.4,,62.1,33.0,,,,,,,102652.734375,True,True
Units Availability Report-2026-03-09-10-54-06.xlsx,Units Availability Report,TALALA,,,20522399.0,172.2,,124.0,33.0,,,,,,,119177.69454123113,True,True
Units Availability Report-2026-03-09-10-54-06.xlsx,Units Availability Report,TALALA,,,17882570.0,166.4,,58.0,33.0,,,,,,,107467.36778846153,True,True
Units Availability Report-2026-03-09-10-54-06.xlsx,Units Availability Report,TALALA,,,17813941.0,166.4,,54.0,33.0,,,,,,,107054.93389423077,True,True
Units Availability Report-2026-03-09-10-54-06.xlsx,Units Availability Report,TALALA,,,17791636.0,166.4,,52.7,33.0,,,,,,,106920.88942307692,True,True
Units Availability Report-2026-03-09-10-54-06.xlsx,Units Availability Report,TALALA,,,19085675.0,168.0,,118.9,33.0,,,,,,,113605.20833333333,True,True
Units Availability Report-2026-03-09-10-54-06.xlsx,Units Availability Report,TALALA,,,17004690.0,166.4,,57.4,33.0,,,,,,,102191.64663461538,True,True
Units Availability Report-2026-03-09-10-54-06.xlsx,Units Availability Report,TALALA,,,16976938.0,166.4,,55.7,33.0,,,,,,,102024.86778846153,True,True
Units Availability Report-2026-03-09-10-54-06.xlsx,Units Availability Report,TALALA,,,16968776.0,166.4,,55.2,33.0,,,,,,,101975.8173076923,True,True
Units Availability Report-2026-03-09-10-54-06.xlsx,Units Availability Report,TALALA,,,16980203.0,166.4,,55.9,33.0,,,,,,,102044.4891826923,True,True
Units Availability Report-2026-03-09-10-54-06.xlsx,Units Availability Report,TALALA,,,17009587.0,166.4,,57.7,33.0,,,,,,,102221.07572115384,True,True
Units Availability Report-2026-03-09-10-54-06.xlsx,Units Availability Report,TALALA,,,19339728.0,172.2,,109.5,33.0,,,,,,,112309.68641114983,True,True
Units Availability Report-2026-03-09-10-54-06.xlsx,Units Availability Report,TALALA,,,20292942.0,172.2,,110.3,33.0,,,,,,,117845.19163763068,True,True
Units Availability Report-2026-03-09-10-54-06.xlsx,Units Availability Report,TALALA,,,17884286.0,166.4,,58.1,33.0,,,,,,,107477.68028846153,True,True
Units Availability Report-2026-03-09-10-54-06.xlsx,Units Availability Report,TALALA,,,17913454.0,166.4,,59.8,33.0,,,,,,,107652.96875,True,True
Units Availability Report-2026-03-09-10-54-06.xlsx,Units Availability Report,TALALA,,,17922032.0,166.4,,60.3,33.0,,,,,,,107704.51923076923,True,True
Units Availability Report-2026-03-09-10-54-06.xlsx,Units Availability Report,TALALA,,,17886002.0,166.4,,58.2,33.0,,,,,,,107487.99278846153,True,True
Units Availability Report-2026-03-09-10-54-06.xlsx,Units Availability Report,TALALA,,,19221155.0,168.0,,128.9,33.0,,,,,,,114411.63690476191,True,True
Units Availability Report-2026-03-09-10-54-06.xlsx,Units Availability Report,TALALA,,,17030809.0,166.4,,59.0,33.0,,,,,,,102348.61177884616,True,True
Units Availability Report-2026-03-09-10-54-06.xlsx,Units Availability Report,TALALA,,,16957349.0,166.4,,54.5,33.0,,,,,,,101907.1454326923,True,True
Units Availability Report-2026-03-09-10-54-06.xlsx,Units Availability Report,TALALA,,,16955716.0,166.4,,54.4,33.0,,,,,,,101897.33173076923,True,True
Units Availability Report-2026-03-09-10-54-06.xlsx,Units Availability Report,TALALA,,,16991630.0,166.4,,56.6,33.0,,,,,,,102113.1610576923,True,True
Units Availability Report-2026-03-09-10-54-06.xlsx,Units Availability Report,TALALA,,,19494144.0,172.2,,118.5,33.0,,,,,,,113206.41114982578,True,True
Units Availability Report-2026-03-09-10-54-06.xlsx,Units Availability Report,TALALA,,,20549875.0,172.2,,126.0,33.0,,,,,,,119337.25319396053,True,True
Units Availability Report-2026-03-09-10-54-06.xlsx,Units Availability Report,TALALA,,,17894580.0,166.4,,58.7,33.0,,,,,,,107539.54326923077,True,True
Units Availability Report-2026-03-09-10-54-06.xlsx,Units Availability Report,TALALA,,,17928895.0,166.4,,60.7,33.0,,,,,,,107745.76322115384,True,True
Units Availability Report-2026-03-09-10-54-06.xlsx,Units Availability Report,TALALA,,,17944337.0,166.4,,61.6,33.0,,,,,,,107838.56370192308,True,True
Units Availability Report-2026-03-09-10-54-06.xlsx,Units Availability Report,TALALA,,,17940905.0,166.4,,61.4,33.0,,,,,,,107817.93870192308,True,True
Units Availability Report-2026-03-09-10-54-06.xlsx,Units Availability Report,TALALA,,,17904875.0,166.4,,59.3,33.0,,,,,,,107601.41225961538,True,True
Units Availability Report-2026-03-09-10-54-06.xlsx,Units Availability Report,TALALA,,,17045501.0,166.4,,59.9,33.0,,,,,,,102436.90504807692,True,True
Units Availability Report-2026-03-09-10-54-06.xlsx,Units Availability Report,TALALA,,,16949187.0,166.4,,54.0,33.0,,,,,,,101858.09495192308,True,True
Units Availability Report-2026-03-09-10-54-06.xlsx,Units Availability Report,TALALA,,,16983468.0,166.4,,56.1,33.0,,,,,,,102064.11057692308,True,True
Units Availability Report-2026-03-09-10-54-06.xlsx,Units Availability Report,TALALA,,,17074885.0,166.4,,61.7,33.0,,,,,,,102613.49158653845,True,True
Units Availability Report-2026-03-09-10-54-06.xlsx,Units Availability Report,TALALA,,,19692826.0,172.2,,133.2,33.0,,,,,,,114360.1974448316,True,True
Units Availability Report-2026-03-09-10-54-06.xlsx,Units Availability Report,TALALA,,,20783421.0,172.2,,143.0,33.0,,,,,,,120693.50174216028,True,True
Units Availability Report-2026-03-09-10-54-06.xlsx,Units Availability Report,TALALA,,,18024976.0,166.4,,66.3,33.0,,,,,,,108323.17307692308,True,True
Units Availability Report-2026-03-09-10-54-06.xlsx,Units Availability Report,TALALA,,,18052428.0,166.4,,67.9,33.0,,,,,,,108488.14903846153,True,True
Units Availability Report-2026-03-09-10-54-06.xlsx,Units Availability Report,TALALA,,,12689973.0,123.7,,0.0,0.0,,,,,,,102586.68552950687,False,False
Units Availability Report-2026-03-09-10-54-06.xlsx,Units Availability Report,TALALA,,,12351437.0,124.7,,0.0,0.0,,,,,,,99049.2141138733,False,False
Units Availability Report-2026-03-09-10-54-06.xlsx,Units Availability Report,TALALA,,,12908766.0,123.7,,0.0,0.0,,,,,,,104355.4244139046,False,False
Units Availability Report-2026-03-09-10-54-06.xlsx,Units Availability Report,TALALA,,,12571999.0,124.7,,0.0,0.0,,,,,,,100817.95509222132,False,False
Units Availability Report-2026-03-09-10-54-06.xlsx,Units Availability Report,TALALA,,,14213066.0,124.7,,247.8,0.0,,,,,,,113978.07538091419,True,False
Units Availability Report-2026-03-09-10-54-06.xlsx,Units Availability Report,TALALA,,,13127559.0,123.7,,0.0,0.0,,,,,,,106124.16329830234,False,False
Units Availability Report-2026-03-09-10-54-06.xlsx,Units Availability Report,TALALA,,,13346351.0,123.7,,0.0,0.0,,,,,,,107892.89409862571,False,False
Units Availability Report-2026-03-09-10-54-06.xlsx,Units Availability Report,TALALA,,,14618785.0,123.9,,250.7,0.0,,,,,,,117988.57949959644,True,False
Units Availability Report-2026-03-09-10-54-06.xlsx,Units Availability Report,TALALA,,,16966382.0,170.5,,0.0,0.0,,,,,,,99509.57184750734,False,False
Units Availability Report-2026-03-09-10-54-06.xlsx,Units Availability Report,TALALA,,,18008543.0,167.4,,0.0,0.0,,,,,,,107577.91517323775,False,False
Units Availability Report-2026-03-09-10-54-06.xlsx,Units Availability Report,TALALA,,,16807974.0,167.4,,0.0,0.0,,,,,,,100406.05734767024,False,False
Units Availability Report-2026-03-09-10-54-06.xlsx,Units Availability Report,TALALA,,,21745131.0,170.5,,185.8,0.0,,,,,,,127537.42521994135,True,False
Units Availability Report-2026-03-09-10-54-06.xlsx,Units Availability Report,TALALA,,,17520072.0,168.0,,43.4,0.0,,,,,,,104286.14285714286,True,False
Units Availability Report-2026-03-09-10-54-06.xlsx,Units Availability Report,TALALA,,,16173293.0,168.0,,38.5,0.0,,,,,,,96269.60119047618,True,False
Units Availability Report-2026-03-09-10-54-06.xlsx,Units Availability Report,TALALA,,,19879449.0,170.5,,156.6,0.0,,,,,,,116595.00879765397,True,False
Units Availability Report-2026-03-09-10-54-06.xlsx,Units Availability Report,TALALA,,,12252388.0,123.7,,0.0,0.0,,,,,,,99049.21584478577,False,False
Units Availability Report-2026-03-09-10-54-06.xlsx,Units Availability Report,TALALA,,,12792560.0,124.7,,0.0,0.0,,,,,,,102586.68805132317,False,False
Units Availability Report-2026-03-09-10-54-06.xlsx,Units Availability Report,TALALA,,,12471181.0,123.7,,0.0,0.0,,,,,,,100817.9547291835,False,False
Units Availability Report-2026-03-09-10-54-06.xlsx,Units Availability Report,TALALA,,,13013122.0,124.7,,0.0,0.0,,,,,,,104355.42902967121,False,False
Units Availability Report-2026-03-09-10-54-06.xlsx,Units Availability Report,TALALA,,,14238213.0,123.9,,255.4,0.0,,,,,,,114916.97336561742,True,False
Units Availability Report-2026-03-09-10-54-06.xlsx,Units Availability Report,TALALA,,,14746497.0,124.7,,243.7,0.0,,,,,,,118255.7898957498,True,False
Units Availability Report-2026-03-09-10-54-06.xlsx,Units Availability Report,TALALA,,,14645490.0,123.9,,241.4,0.0,,,,,,,118204.11622276029,True,False
Units Availability Report-2026-03-09-10-54-06.xlsx,Units Availability Report,TALALA,,,14740073.0,124.7,,243.2,0.0,,,,,,,118204.27425821972,True,False
Units Availability Report-2026-03-09-10-54-06.xlsx,Units Availability Report,TALALA,,,11814803.0,123.7,,0.0,0.0,,,,,,,95511.74616006466,False,False
Units Availability Report-2026-03-09-10-54-06.xlsx,Units Availability Report,TALALA,,,12241157.0,124.7,,0.0,0.0,,,,,,,98164.85164394547,False,False
Units Availability Report-2026-03-09-10-54-06.xlsx,Units Availability Report,TALALA,,,12142992.0,123.7,,0.0,0.0,,,,,,,98164.85044462408,False,False
Units Availability Report-2026-03-09-10-54-06.xlsx,Units Availability Report,TALALA,,,11579473.0,124.7,,0.0,0.0,,,,,,,92858.64474739374,False,False
Units Availability Report-2026-03-09-10-54-06.xlsx,Units Availability Report,TALALA,,,12361785.0,123.7,,0.0,0.0,,,,,,,99933.58932902182,False,False
Units Availability Report-2026-03-09-10-54-06.xlsx,Units Availability Report,TALALA,,,11800034.0,124.7,,0.0,0.0,,,,,,,94627.3777064956,False,False
Units Availability Report-2026-03-09-10-54-06.xlsx,Units Availability Report,TALALA,,,12580577.0,123.7,,0.0,0.0,,,,,,,101702.32012934519,False,False
Units Availability Report-2026-03-09-10-54-06.xlsx,Units Availability Report,TALALA,,,14771429.0,123.9,,262.7,0.0,,,,,,,119220.57304277642,True,False
Units Availability Report-2026-03-09-10-54-06.xlsx,Units Availability Report,TALALA,,,13364830.0,124.7,,263.3,0.0,,,,,,,107175.86206896552,True,False
Units Availability Report-2026-03-09-10-54-06.xlsx,Units Availability Report,TALALA,,,16100353.0,123.9,,306.9,0.0,,,,,,,129946.35189669087,True,False
Units Availability Report-2026-03-09-10-54-06.xlsx,Units Availability Report,TALALA,,,13460455.0,124.7,,143.6,0.0,,,,,,,107942.70248596632,True,False
Units Availability Report-2026-03-09-10-54-06.xlsx,Units Availability Report,TALALA,,,13263092.0,123.9,,133.8,0.0,,,,,,,107046.74737691686,True,False
Units Availability Report-2026-03-09-10-54-06.xlsx,Units Availability Report,TALALA,,,13463025.0,124.7,,143.8,0.0,,,,,,,107963.31194867683,True,False
Units Availability Report-2026-03-09-10-54-06.xlsx,Units Availability Report,TALALA,,,16743498.0,166.4,,41.4,33.0,,,,,,,100621.98317307692,True,True
Units Availability Report-2026-03-09-10-54-06.xlsx,Units Availability Report,TALALA,,,20295628.0,172.2,,121.3,33.0,,,,,,,117860.78977932637,True,True
Units Availability Report-2026-03-09-10-54-06.xlsx,Units Availability Report,TALALA,,,21119158.0,172.2,,114.3,33.0,,,,,,,122643.19396051104,True,True
Units Availability Report-2026-03-09-10-54-06.xlsx,Units Availability Report,TALALA,,,17807078.0,166.4,,53.6,33.0,,,,,,,107013.68990384616,True,True
Units Availability Report-2026-03-09-10-54-06.xlsx,Units Availability Report,TALALA,,,19311762.0,168.0,,90.0,33.0,,,,,,,114950.96428571429,True,True
Units Availability Report-2026-03-09-10-54-06.xlsx,Units Availability Report,TALALA,,,19775307.0,172.2,,91.8,33.0,,,,,,,114839.181184669,True,True
Units Availability Report-2026-03-09-10-54-06.xlsx,Units Availability Report,TALALA,,,20876624.0,172.2,,101.3,33.0,,,,,,,121234.75029036005,True,True
Units Availability Report-2026-03-09-10-54-06.xlsx,Units Availability Report,TALALA,,,18094423.0,166.4,,40.5,33.0,,,,,,,108740.52283653845,True,True
Units Availability Report-2026-03-09-10-54-06.xlsx,Units Availability Report,TALALA,,,20824595.0,168.0,,93.6,33.0,,,,,,,123955.92261904762,True,True
Units Availability Report-2026-03-09-10-54-06.xlsx,Units Availability Report,TALALA,,,20873287.0,168.0,,105.7,33.0,,,,,,,124245.75595238095,True,True
Units Availability Report-2026-03-09-10-54-06.xlsx,Units Availability Report,TALALA,,,18112618.0,166.4,,51.3,33.0,,,,,,,108849.86778846153,True,True
Units Availability Report-2026-03-09-10-54-06.xlsx,Units Availability Report,TALALA,,,20410377.0,172.2,,96.2,33.0,,,,,,,118527.16027874565,True,True
Units Availability Report-2026-03-09-10-54-06.xlsx,Units Availability Report,TALALA,,,20785207.0,172.2,,96.4,33.0,,,,,,,120703.87340301975,True,True
Units Availability Report-2026-03-09-10-54-06.xlsx,Units Availability Report,TALALA,,,12033596.0,123.7,,0.0,0.0,,,,,,,97280.4850444624,False,False
Units Availability Report-2026-03-09-10-54-06.xlsx,Units Availability Report,TALALA,,,13502013.0,123.9,,242.8,0.0,,,,,,,108975.08474576271,True,False
Units Availability Report-2026-03-09-10-54-06.xlsx,Units Availability Report,TALALA,,,14232808.0,124.7,,249.4,0.0,,,,,,,114136.39133921411,True,False
Units Availability Report-2026-03-09-10-54-06.xlsx,Units Availability Report,TALALA,,,11705407.0,123.7,,0.0,0.0,,,,,,,94627.38075990298,False,False
Units Availability Report-2026-03-09-10-54-06.xlsx,Units Availability Report,TALALA,,,13841324.0,123.9,,284.2,0.0,,,,,,,111713.67231638418,True,False
Units Availability Report-2026-03-09-10-54-06.xlsx,Units Availability Report,TALALA,,,13151788.0,124.7,,270.8,0.0,,,,,,,105467.42582197273,True,False
Units Availability Report-2026-03-09-10-54-06.xlsx,Units Availability Report,TALALA,,,11596010.0,123.7,,0.0,0.0,,,,,,,93743.00727566694,False,False
Units Availability Report-2026-03-09-10-54-06.xlsx,Units Availability Report,TALALA,,,12130876.0,124.7,,0.0,0.0,,,,,,,97280.48115477145,False,False
Units Availability Report-2026-03-09-10-54-06.xlsx,Units Availability Report,TALALA,,,13519557.0,123.9,,269.4,0.0,,,,,,,109116.68280871671,True,False
Units Availability Report-2026-03-09-10-54-06.xlsx,Units Availability Report,TALALA,,,14334506.0,124.7,,282.1,0.0,,,,,,,114951.932638332,True,False
Units Availability Report-2026-03-09-10-54-06.xlsx,Units Availability Report,TALALA,,,22064158.0,170.5,,206.7,0.0,,,,,,,129408.55131964809,True,False
Units Availability Report-2026-03-09-10-54-06.xlsx,Units Availability Report,TALALA,,,17533015.0,168.0,,44.1,0.0,,,,,,,104363.18452380953,True,False
Units Availability Report-2026-03-09-10-54-06.xlsx,Units Availability Report,TALALA,,,17534864.0,168.0,,44.2,0.0,,,,,,,104374.19047619047,True,False
Units Availability Report-2026-03-09-10-54-06.xlsx,Units Availability Report,TALALA,,,22096213.0,170.5,,208.8,0.0,,,,,,,129596.55718475074,True,False
Units Availability Report-2026-03-09-10-54-06.xlsx,Units Availability Report,TALALA,,,22436185.0,175.6,,194.2,0.0,,,,,,,127768.70728929386,True,False
Units Availability Report-2026-03-09-10-54-06.xlsx,Units Availability Report,TALALA,,,19683073.0,172.8,,95.0,0.0,,,,,,,113906.6724537037,True,False
Units Availability Report-2026-03-09-10-54-06.xlsx,Units Availability Report,TALALA,,,19675877.0,172.8,,94.6,0.0,,,,,,,113865.02893518518,True,False
Units Availability Report-2026-03-09-10-54-06.xlsx,Units Availability Report,TALALA,,,23929879.0,175.6,,241.2,0.0,,,,,,,136274.937357631,True,False
Units Availability Report-2026-03-09-10-54-06.xlsx,Units Availability Report,TALALA,,,19674078.0,172.8,,94.5,0.0,,,,,,,113854.61805555555,True,False
Units Availability Report-2026-03-09-10-54-06.xlsx,Units Availability Report,TALALA,,,22472120.0,175.6,,196.7,0.0,,,,,,,127973.34851936219,True,False
Units Availability Report-2026-03-09-10-54-06.xlsx,Units Availability Report,TALALA,,,22124269.0,175.6,,172.5,0.0,,,,,,,125992.42027334853,True,False
Units Availability Report-2026-03-09-10-54-06.xlsx,Units Availability Report,TALALA,,,23406003.0,175.6,,206.0,0.0,,,,,,,133291.5888382688,True,False
Units Availability Report-2026-03-09-10-54-06.xlsx,Units Availability Report,TALALA,,,22490806.0,175.6,,198.0,0.0,,,,,,,128079.76082004556,True,False
Units Availability Report-2026-03-09-10-54-06.xlsx,Units Availability Report,TALALA,,,19999701.0,172.8,,112.6,0.0,,,,,,,115739.01041666666,True,False
Units Availability Report-2026-03-09-10-54-06.xlsx,Units Availability Report,TALALA,,,23831652.0,175.6,,234.6,0.0,,,,,,,135715.55808656037,True,False
Units Availability Report-2026-03-09-10-54-06.xlsx,Units Availability Report,TALALA,,,19990706.0,172.8,,112.1,0.0,,,,,,,115686.95601851851,True,False
Units Availability Report-2026-03-09-10-54-06.xlsx,Units Availability Report,TALALA,,,22467807.0,175.6,,196.4,0.0,,,,,,,127948.78701594533,True,False
Units Availability Report-2026-03-09-10-54-06.xlsx,Units Availability Report,TALALA,,,23286941.0,175.6,,198.0,0.0,,,,,,,132613.55922551252,True,False
Units Availability Report-2026-03-09-10-54-06.xlsx,Units Availability Report,TALALA,,,12986118.0,124.7,,256.0,0.0,,,,,,,104138.87730553327,True,False
Units Availability Report-2026-03-09-10-54-06.xlsx,Units Availability Report,TALALA,,,13373214.0,123.9,,244.2,0.0,,,,,,,107935.54479418886,True,False
Units Availability Report-2026-03-09-10-54-06.xlsx,Units Availability Report,TALALA,,,13272098.0,124.7,,255.2,0.0,,,,,,,106432.22133119486,True,False
Units Availability Report-2026-03-09-10-54-06.xlsx,Units Availability Report,TALALA,,,13233683.0,124.7,,0.0,0.0,,,,,,,106124.16198877305,False,False
Units Availability Report-2026-03-09-10-54-06.xlsx,Units Availability Report,TALALA,,,13454244.0,124.7,,0.0,0.0,,,,,,,107892.8949478749,False,False
Units Availability Report-2026-03-09-10-54-06.xlsx,Units Availability Report,TALALA,,,15236195.0,123.9,,242.2,0.0,,,,,,,122971.71105730427,True,False
Units Availability Report-2026-03-09-10-54-06.xlsx,Units Availability Report,TALALA,,,15553568.0,124.7,,260.4,0.0,,,,,,,124727.8909382518,True,False
Units Availability Report-2026-03-09-10-54-06.xlsx,Units Availability Report,TALALA,,,12682279.0,124.7,,0.0,0.0,,,,,,,101702.31756214915,False,False
Units Availability Report-2026-03-09-10-54-06.xlsx,Units Availability Report,TALALA,,,12799370.0,123.7,,0.0,0.0,,,,,,,103471.05901374292,False,False
Units Availability Report-2026-03-09-10-54-06.xlsx,Units Availability Report,TALALA,,,12902841.0,124.7,,0.0,0.0,,,,,,,103471.0585404972,False,False
Units Availability Report-2026-03-09-10-54-06.xlsx,Units Availability Report,TALALA,,,14330033.0,123.9,,228.0,0.0,,,,,,,115658.05488297013,True,False
Units Availability Report-2026-03-09-10-54-06.xlsx,Units Availability Report,TALALA,,,14910869.0,124.7,,268.1,0.0,,,,,,,119573.92943063352,True,False
Units Availability Report-2026-03-09-10-54-06.xlsx,Units Availability Report,TALALA,,,14053572.0,123.9,,252.3,0.0,,,,,,,113426.73123486682,True,False
Units Availability Report-2026-03-09-10-54-06.xlsx,Units Availability Report,TALALA,,,13632721.0,124.7,,286.7,0.0,,,,,,,109324.14595028067,True,False
Units Availability Report-2026-03-09-10-54-06.xlsx,Units Availability Report,TALALA,,,11486614.0,123.7,,0.0,0.0,,,,,,,92858.64187550526,False,False
Units Availability Report-2026-03-09-10-54-06.xlsx,Units Availability Report,TALALA,,,12461718.0,124.7,,0.0,0.0,,,,,,,99933.58460304732,False,False
Units Availability Report-2026-03-09-10-54-06.xlsx,Units Availability Report,TALALA,,,12887871.0,123.9,,227.2,0.0,,,,,,,104018.32929782082,True,False
Units Availability Report-2026-03-09-10-54-06.xlsx,Units Availability Report,TALALA,,,14156905.0,124.7,,255.2,0.0,,,,,,,113527.70649558942,True,False
Units Availability Report-2026-03-09-10-54-06.xlsx,Units Availability Report,TALALA,,,17115696.0,166.4,,64.2,33.0,,,,,,,102858.75,True,True
Units Availability Report-2026-03-09-10-54-06.xlsx,Units Availability Report,TALALA,,,17076517.0,166.4,,61.8,33.0,,,,,,,102623.29927884616,True,True
Units Availability Report-2026-03-09-10-54-06.xlsx,Units Availability Report,TALALA,,,19487281.0,172.2,,118.1,33.0,,,,,,,113166.55632984902,True,True
Units Availability Report-2026-03-09-10-54-06.xlsx,Units Availability Report,TALALA,,,20478437.0,172.2,,120.8,33.0,,,,,,,118922.39837398374,True,True
Units Availability Report-2026-03-09-10-54-06.xlsx,Units Availability Report,TALALA,,,20456457.0,168.0,,150.9,33.0,,,,,,,121764.625,True,True
Units Availability Report-2026-03-09-10-54-06.xlsx,Units Availability Report,TALALA,,,17068355.0,166.4,,61.3,33.0,,,,,,,102574.24879807692,True,True
Units Availability Report-2026-03-09-10-54-06.xlsx,Units Availability Report,TALALA,,,20946903.0,172.2,,154.9,33.0,,,,,,,121642.87456445994,True,True
Units Availability Report-2026-03-09-10-54-06.xlsx,Units Availability Report,TALALA,,,18067870.0,166.4,,68.8,33.0,,,,,,,108580.94951923077,True,True
Units Availability Report-2026-03-09-10-54-06.xlsx,Units Availability Report,TALALA,,,17843108.0,166.4,,55.7,33.0,,,,,,,107230.21634615384,True,True
Units Availability Report-2026-03-09-10-54-06.xlsx,Units Availability Report,TALALA,,,18346919.0,166.4,,54.8,33.0,,,,,,,110257.9266826923,True,True
Units Availability Report-2026-03-09-10-54-06.xlsx,Units Availability Report,TALALA,,,17021014.0,166.4,,58.4,33.0,,,,,,,102289.74759615384,True,True
Units Availability Report-2026-03-09-10-54-06.xlsx,Units Availability Report,TALALA,,,19401494.0,172.2,,113.1,33.0,,,,,,,112668.37398373985,True,True
Units Availability Report-2026-03-09-10-54-06.xlsx,Units Availability Report,TALALA,,,20888068.0,172.2,,112.0,33.0,,,,,,,121301.20789779327,True,True
Units Availability Report-2026-03-09-10-54-06.xlsx,Units Availability Report,TALALA,,,18396359.0,166.4,,57.6,33.0,,,,,,,110555.04206730769,True,True
Units Availability Report-2026-03-09-10-54-06.xlsx,Units Availability Report,TALALA,,,17875707.0,166.4,,57.6,33.0,,,,,,,107426.12379807692,True,True
Units Availability Report-2026-03-09-10-54-06.xlsx,Units Availability Report,TALALA,,,20886219.0,172.2,,111.9,33.0,,,,,,,121290.47038327527,True,True
Units Availability Report-2026-03-09-10-54-06.xlsx,Units Availability Report,TALALA,,,18394593.0,166.4,,57.5,33.0,,,,,,,110544.42908653845,True,True
Units Availability Report-2026-03-09-10-54-06.xlsx,Units Availability Report,TALALA,,,17853403.0,166.4,,56.3,33.0,,,,,,,107292.08533653845,True,True
Units Availability Report-2026-03-09-10-54-06.xlsx,Units Availability Report,TALALA,,,20686191.0,168.0,,115.3,33.0,,,,,,,123132.08928571429,True,True
Units Availability Report-2026-03-09-10-54-06.xlsx,Units Availability Report,TALALA,,,22604361.0,175.6,,205.9,0.0,,,,,,,128726.42938496584,True,False
Units Availability Report-2026-03-09-10-54-06.xlsx,Units Availability Report,TALALA,,,20091451.0,172.8,,117.7,0.0,,,,,,,116269.9710648148,True,False
Units Availability Report-2026-03-09-10-54-06.xlsx,Units Availability Report,TALALA,,,20084255.0,172.8,,117.3,0.0,,,,,,,116228.32754629629,True,False
Units Availability Report-2026-03-09-10-54-06.xlsx,Units Availability Report,TALALA,,,24054894.0,175.6,,249.6,0.0,,,,,,,136986.86788154897,True,False
Units Availability Report-2026-03-09-10-54-06.xlsx,Units Availability Report,TALALA,,,22602923.0,175.6,,205.8,0.0,,,,,,,128718.24031890661,True,False
Units Availability Report-2026-03-09-10-54-06.xlsx,Units Availability Report,TALALA,,,22568426.0,175.6,,203.4,0.0,,,,,,,128521.7881548975,True,False
Units Availability Report-2026-03-09-10-54-06.xlsx,Units Availability Report,TALALA,,,22569863.0,175.6,,203.5,0.0,,,,,,,128529.9715261959,True,False
Units Availability Report-2026-03-09-10-54-06.xlsx,Units Availability Report,TALALA,,,12020595.0,124.7,,0.0,0.0,,,,,,,96396.11066559743,False,False
Units Availability Report-2026-03-09-10-54-06.xlsx,Units Availability Report,TALALA,,,14118293.0,123.9,,257.6,0.0,,,,,,,113949.09604519773,True,False
Units Availability Report-2026-03-09-10-54-06.xlsx,Units Availability Report,TALALA,,,13460539.0,124.7,,246.1,0.0,,,,,,,107943.37610264635,True,False
Units Availability Report-2026-03-09-10-54-06.xlsx,Units Availability Report,TALALA,,,11138350.0,124.7,,0.0,0.0,,,,,,,89321.17080994387,False,False
Units Availability Report-2026-03-09-10-54-06.xlsx,Units Availability Report,TALALA,,,13353818.0,123.9,,267.9,0.0,,,,,,,107778.99919289749,True,False
Units Availability Report-2026-03-09-10-54-06.xlsx,Units Availability Report,TALALA,,,13999841.0,123.9,,247.9,0.0,,,,,,,112993.06698950766,True,False
Units Availability Report-2026-03-09-10-54-06.xlsx,Units Availability Report,TALALA,,,14001062.0,123.9,,248.0,0.0,,,,,,,113002.9217110573,True,False
Units Availability Report-2026-03-09-10-54-06.xlsx,Units Availability Report,TALALA,,,14099511.0,124.7,,250.5,0.0,,,,,,,113067.4498797113,True,False
Units Availability Report-2026-03-09-10-54-06.xlsx,Units Availability Report,TALALA,,,13843218.0,124.7,,278.8,0.0,,,,,,,111012.17321571772,True,False
Units Availability Report-2026-03-09-10-54-06.xlsx,Units Availability Report,TALALA,,,16507831.0,170.5,,0.0,0.0,,,,,,,96820.12316715543,False,False
Units Availability Report-2026-03-09-10-54-06.xlsx,Units Availability Report,TALALA,,,16958045.0,167.4,,0.0,0.0,,,,,,,101302.53882915173,False,False
Units Availability Report-2026-03-09-10-54-06.xlsx,Units Availability Report,TALALA,,,17558330.0,167.4,,0.0,0.0,,,,,,,104888.47072879331,False,False
Units Availability Report-2026-03-09-10-54-06.xlsx,Units Availability Report,TALALA,,,20565784.0,170.5,,192.0,0.0,,,,,,,120620.43401759531,True,False
Units Availability Report-2026-03-09-10-54-06.xlsx,Units Availability Report,TALALA,,,17037562.0,168.0,,42.9,0.0,,,,,,,101414.05952380953,True,False
Units Availability Report-2026-03-09-10-54-06.xlsx,Units Availability Report,TALALA,,,21432187.0,170.5,,201.3,0.0,,,,,,,125701.97653958944,True,False
Units Availability Report-2026-03-09-10-54-06.xlsx,Units Availability Report,TALALA,,,17730633.0,170.5,,0.0,0.0,,,,,,,103991.98240469208,False,False
Units Availability Report-2026-03-09-10-54-06.xlsx,Units Availability Report,TALALA,,,18158614.0,167.4,,0.0,0.0,,,,,,,108474.39665471922,False,False
Units Availability Report-2026-03-09-10-54-06.xlsx,Units Availability Report,TALALA,,,22017151.0,170.5,,191.7,0.0,,,,,,,129132.85043988269,True,False
Units Availability Report-2026-03-09-10-54-06.xlsx,Units Availability Report,TALALA,,,18299603.0,168.0,,42.9,0.0,,,,,,,108926.20833333333,True,False
Units Availability Report-2026-03-09-10-54-06.xlsx,Units Availability Report,TALALA,,,22018690.0,170.5,,191.8,0.0,,,,,,,129141.87683284457,True,False
Units Availability Report-2026-03-09-10-54-06.xlsx,Units Availability Report,TALALA,,,18758899.0,167.4,,0.0,0.0,,,,,,,112060.3285543608,False,False
Units Availability Report-2026-03-09-10-54-06.xlsx,Units Availability Report,TALALA,,,22980318.0,170.5,,206.5,0.0,,,,,,,134781.9237536657,True,False
Units Availability Report-2026-03-09-10-54-06.xlsx,Units Availability Report,TALALA,,,18297671.0,168.0,,42.8,0.0,,,,,,,108914.70833333333,True,False
Units Availability Report-2026-03-09-10-54-06.xlsx,Units Availability Report,TALALA,,,22023308.0,170.5,,192.1,0.0,,,,,,,129168.96187683285,True,False
Units Availability Report-2026-03-09-10-54-06.xlsx,Units Availability Report,TALALA,,,23025690.0,175.6,,278.9,0.0,,,,,,,131125.7972665148,True,False
Units Availability Report-2026-03-09-10-54-06.xlsx,Units Availability Report,TALALA,,,25330430.0,220.0,,127.8,0.0,,,,,,,115138.31818181818,True,False
Units Availability Report-2026-03-09-10-54-06.xlsx,Units Availability Report,TALALA,,,21195447.0,215.7,,78.7,0.0,,,,,,,98263.54659248957,True,False
Units Availability Report-2026-03-09-10-54-06.xlsx,Units Availability Report,TALALA,,,21198712.0,215.7,,78.9,0.0,,,,,,,98278.68335651368,True,False
Units Availability Report-2026-03-09-10-54-06.xlsx,Units Availability Report,TALALA,,,24438038.0,220.0,,129.3,0.0,,,,,,,111081.9909090909,True,False
Units Availability Report-2026-03-09-10-54-06.xlsx,Units Availability Report,TALALA,,,25788006.0,220.0,,143.9,0.0,,,,,,,117218.20909090909,True,False
Units Availability Report-2026-03-09-10-54-06.xlsx,Units Availability Report,TALALA,,,22561659.0,215.7,,95.3,0.0,,,,,,,104597.39916550765,True,False
Units Availability Report-2026-03-09-10-54-06.xlsx,Units Availability Report,TALALA,,,22765831.0,215.7,,107.2,0.0,,,,,,,105543.9545665276,True,False
Units Availability Report-2026-03-09-10-54-06.xlsx,Units Availability Report,TALALA,,,22762400.0,215.7,,107.0,0.0,,,,,,,105528.0482151136,True,False
Units Availability Report-2026-03-09-10-54-06.xlsx,Units Availability Report,TALALA,,,25778033.0,220.0,,143.2,0.0,,,,,,,117172.87727272727,True,False
Units Availability Report-2026-03-09-10-54-06.xlsx,Units Availability Report,TALALA,,,25792280.0,220.0,,144.2,0.0,,,,,,,117237.63636363637,True,False
Units Availability Report-2026-03-09-10-54-06.xlsx,Units Availability Report,TALALA,,,25581427.0,220.0,,129.4,0.0,,,,,,,116279.21363636364,True,False
Units Availability Report-2026-03-09-10-54-06.xlsx,Units Availability Report,TALALA,,,24685755.0,220.0,,147.5,0.0,,,,,,,112207.97727272728,True,False
Units Availability Report-2026-03-09-10-54-06.xlsx,Units Availability Report,TALALA,,,21084440.0,215.7,,71.9,0.0,,,,,,,97748.91052387576,True,False
Units Availability Report-2026-03-09-10-54-06.xlsx,Units Availability Report,TALALA,,,20935888.0,215.7,,62.8,0.0,,,,,,,97060.21325915624,True,False
Units Availability Report-2026-03-09-10-54-06.xlsx,Units Availability Report,TALALA,,,24329152.0,220.0,,121.3,0.0,,,,,,,110587.05454545455,True,False
Units Availability Report-2026-03-09-10-54-06.xlsx,Units Availability Report,TALALA,,,21082808.0,215.7,,71.8,0.0,,,,,,,97741.34445989801,True,False
Units Availability Report-2026-03-09-10-54-06.xlsx,Units Availability Report,TALALA,,,24327791.0,220.0,,121.2,0.0,,,,,,,110580.86818181818,True,False
Units Availability Report-2026-03-09-10-54-06.xlsx,Units Availability Report,TALALA,,,25464603.0,220.0,,121.2,0.0,,,,,,,115748.19545454545,True,False
Units Availability Report-2026-03-09-10-54-06.xlsx,Units Availability Report,TALALA,,,22156746.0,215.7,,71.7,0.0,,,,,,,102720.19471488179,True,False
Units Availability Report-2026-03-09-10-54-06.xlsx,Units Availability Report,TALALA,,,18459403.0,166.4,,51.4,33.0,,,,,,,110933.91225961538,True,True
Units Availability Report-2026-03-09-10-54-06.xlsx,Units Availability Report,TALALA,,,21334166.0,168.0,,110.6,33.0,,,,,,,126989.08333333333,True,True
Units Availability Report-2026-03-09-10-54-06.xlsx,Units Availability Report,TALALA,,,20035682.0,172.2,,96.0,33.0,,,,,,,116351.23112659699,True,True
Units Availability Report-2026-03-09-10-54-06.xlsx,Units Availability Report,TALALA,,,17769332.0,166.4,,51.4,33.0,,,,,,,106786.85096153845,True,True
Units Availability Report-2026-03-09-10-54-06.xlsx,Units Availability Report,TALALA,,,19664651.0,172.2,,96.0,33.0,,,,,,,114196.57955865274,True,True
Units Availability Report-2026-03-09-10-54-06.xlsx,Units Availability Report,TALALA,,,17424296.0,166.4,,51.4,33.0,,,,,,,104713.3173076923,True,True
Units Availability Report-2026-03-09-10-54-06.xlsx,Units Availability Report,TALALA,,,20626370.0,172.2,,145.6,33.0,,,,,,,119781.47502903601,True,True
Units Availability Report-2026-03-09-10-54-06.xlsx,Units Availability Report,TALALA,,,21926443.0,172.2,,169.2,33.0,,,,,,,127331.26016260164,True,True
Units Availability Report-2026-03-09-10-54-06.xlsx,Units Availability Report,TALALA,,,11267821.0,123.7,,0.0,0.0,,,,,,,91089.90299110752,False,False
Units Availability Report-2026-03-09-10-54-06.xlsx,Units Availability Report,TALALA,,,13052291.0,124.7,,236.0,0.0,,,,,,,104669.53488372093,True,False
Units Availability Report-2026-03-09-10-54-06.xlsx,Units Availability Report,TALALA,,,12895874.0,123.9,,253.5,0.0,,,,,,,104082.9217110573,True,False
Units Availability Report-2026-03-09-10-54-06.xlsx,Units Availability Report,TALALA,,,16851240.0,166.4,,48.0,33.0,,,,,,,101269.47115384616,True,True
Units Availability Report-2026-03-09-10-54-06.xlsx,Units Availability Report,TALALA,,,17592538.0,166.4,,61.4,33.0,,,,,,,105724.38701923077,True,True
Units Availability Report-2026-03-09-10-54-06.xlsx,Units Availability Report,TALALA,,,20313596.0,172.2,,136.7,33.0,,,,,,,117965.13356562138,True,True
Units Availability Report-2026-03-09-10-54-06.xlsx,Units Availability Report,TALALA,,,20159814.0,172.2,,102.9,33.0,,,,,,,117072.0905923345,True,True
Units Availability Report-2026-03-09-10-54-06.xlsx,Units Availability Report,TALALA,,,17832814.0,166.4,,55.1,33.0,,,,,,,107168.35336538461,True,True
Units Availability Report-2026-03-09-10-54-06.xlsx,Units Availability Report,TALALA,,,20034486.0,168.0,,147.7,33.0,,,,,,,119252.89285714286,True,True
Units Availability Report-2026-03-09-10-54-06.xlsx,Units Availability Report,TALALA,,,17572349.0,166.4,,60.2,33.0,,,,,,,105603.05889423077,True,True
Units Availability Report-2026-03-09-10-54-06.xlsx,Units Availability Report,TALALA,,,17048766.0,166.4,,60.1,33.0,,,,,,,102456.52644230769,True,True
Units Availability Report-2026-03-09-10-54-06.xlsx,Units Availability Report,TALALA,,,19817295.0,172.2,,142.7,33.0,,,,,,,115083.01393728223,True,True
Units Availability Report-2026-03-09-10-54-06.xlsx,Units Availability Report,TALALA,,,20415275.0,172.2,,117.1,33.0,,,,,,,118555.60394889663,True,True
Units Availability Report-2026-03-09-10-54-06.xlsx,Units Availability Report,TALALA,,,19405893.0,168.0,,143.0,33.0,,,,,,,115511.26785714286,True,True
Units Availability Report-2026-03-09-10-54-06.xlsx,Units Availability Report,TALALA,,,17086312.0,166.4,,62.4,33.0,,,,,,,102682.16346153845,True,True
Units Availability Report-2026-03-09-10-54-06.xlsx,Units Availability Report,TALALA,,,19815985.0,172.2,,142.6,33.0,,,,,,,115075.40650406505,True,True
Units Availability Report-2026-03-09-10-54-06.xlsx,Units Availability Report,TALALA,,,19404583.0,168.0,,142.9,33.0,,,,,,,115503.47023809524,True,True
Units Availability Report-2026-03-09-10-54-06.xlsx,Units Availability Report,TALALA,,,17084680.0,166.4,,62.3,33.0,,,,,,,102672.35576923077,True,True
Units Availability Report-2026-03-09-10-54-06.xlsx,Units Availability Report,TALALA,,,17047133.0,166.4,,60.0,33.0,,,,,,,102446.71274038461,True,True
Units Availability Report-2026-03-09-10-54-06.xlsx,Units Availability Report,TALALA,,,19759646.0,172.2,,138.3,33.0,,,,,,,114748.23461091754,True,True
Units Availability Report-2026-03-09-10-54-06.xlsx,Units Availability Report,TALALA,,,19139923.0,168.0,,122.7,33.0,,,,,,,113928.11309523809,True,True
Units Availability Report-2026-03-09-10-54-06.xlsx,Units Availability Report,TALALA,,,13086303.0,131.4,,0.0,0.0,,,,,,,99591.34703196347,False,False
Units Availability Report-2026-03-09-10-54-06.xlsx,Units Availability Report,TALALA,,,13439544.0,132.6,,0.0,0.0,,,,,,,101354.02714932128,False,False
Units Availability Report-2026-03-09-10-54-06.xlsx,Units Availability Report,TALALA,,,15492183.0,159.8,,0.0,0.0,,,,,,,96947.32790988735,False,False
Units Availability Report-2026-03-09-10-54-06.xlsx,Units Availability Report,TALALA,,,15618215.0,161.1,,0.0,0.0,,,,,,,96947.33085040348,False,False
Units Availability Report-2026-03-09-10-54-06.xlsx,Units Availability Report,TALALA,,,13378731.0,132.0,,0.0,0.0,,,,,,,101354.02272727272,False,False
Units Availability Report-2026-03-09-10-54-06.xlsx,Units Availability Report,TALALA,,,13500356.0,133.2,,0.0,0.0,,,,,,,101354.02402402404,False,False
Units Availability Report-2026-03-09-10-54-06.xlsx,Units Availability Report,TALALA,,,13632116.0,134.5,,0.0,0.0,,,,,,,101354.02230483272,False,False
Units Availability Report-2026-03-09-10-54-06.xlsx,Units Availability Report,TALALA,,,15511573.0,160.0,,0.0,0.0,,,,,,,96947.33125,False,False
Units Availability Report-2026-03-09-10-54-06.xlsx,Units Availability Report,TALALA,,,13571304.0,133.9,,0.0,0.0,,,,,,,101354.02539208364,False,False
Units Availability Report-2026-03-09-10-54-06.xlsx,Units Availability Report,TALALA,,,13395036.0,134.5,,0.0,0.0,,,,,,,99591.34572490706,False,False
Units Availability Report-2026-03-09-10-54-06.xlsx,Units Availability Report,TALALA,,,15229544.0,160.0,,0.0,0.0,,,,,,,95184.65,False,False
Units Availability Report-2026-03-09-10-54-06.xlsx,Units Availability Report,TALALA,,,15334247.0,161.1,,0.0,0.0,,,,,,,95184.64928615767,False,False
Units Availability Report-2026-03-09-10-54-06.xlsx,Units Availability Report,TALALA,,,13335281.0,133.9,,0.0,0.0,,,,,,,99591.34428678118,False,False
Units Availability Report-2026-03-09-10-54-06.xlsx,Units Availability Report,TALALA,,,15590358.0,134.6,,116.1,0.0,,,,,,,115827.32540861813,True,False
Units Availability Report-2026-03-09-10-54-06.xlsx,Units Availability Report,TALALA,,,18538241.0,171.2,,126.1,0.0,,,,,,,108284.11799065421,True,False
Units Availability Report-2026-03-09-10-54-06.xlsx,Units Availability Report,TALALA,,,16400436.0,133.9,,176.1,0.0,,,,,,,122482.71844660194,True,False
Units Availability Report-2026-03-09-10-54-06.xlsx,Units Availability Report,TALALA,,,13245649.0,133.0,,0.0,0.0,,,,,,,99591.34586466165,False,False
Units Availability Report-2026-03-09-10-54-06.xlsx,Units Availability Report,TALALA,,,15210507.0,159.8,,0.0,0.0,,,,,,,95184.64956195244,False,False
Units Availability Report-2026-03-09-10-54-06.xlsx,Units Availability Report,TALALA,,,16468712.0,134.6,,176.0,0.0,,,,,,,122352.9866270431,True,False
Units Availability Report-2026-03-09-10-54-06.xlsx,Units Availability Report,TALALA,,,15522526.0,133.9,,116.2,0.0,,,,,,,115926.25840179238,True,False
Units Availability Report-2026-03-09-10-54-06.xlsx,Units Availability Report,TALALA,,,13549535.0,131.4,,0.0,0.0,,,,,,,103116.70471841704,False,False
Units Availability Report-2026-03-09-10-54-06.xlsx,Units Availability Report,TALALA,,,13844079.0,132.0,,0.0,0.0,,,,,,,104879.38636363637,False,False
Units Availability Report-2026-03-09-10-54-06.xlsx,Units Availability Report,TALALA,,,13907006.0,132.6,,0.0,0.0,,,,,,,104879.38159879336,False,False
Units Availability Report-2026-03-09-10-54-06.xlsx,Units Availability Report,TALALA,,,13931435.0,123.9,,291.9,0.0,,,,,,,112440.9604519774,True,False
Units Availability Report-2026-03-09-10-54-06.xlsx,Units Availability Report,TALALA,,,15652466.0,124.7,,326.4,0.0,,,,,,,125520.97834803528,True,False
Units Availability Report-2026-03-09-10-54-06.xlsx,Units Availability Report,TALALA,,,22692519.0,170.5,,188.4,0.0,,,,,,,133093.95307917887,True,False
Units Availability Report-2026-03-09-10-54-06.xlsx,Units Availability Report,TALALA,,,18276416.0,168.0,,41.7,0.0,,,,,,,108788.19047619047,True,False
Units Availability Report-2026-03-09-10-54-06.xlsx,Units Availability Report,TALALA,,,18278348.0,168.0,,41.8,0.0,,,,,,,108799.69047619047,True,False
Units Availability Report-2026-03-09-10-54-06.xlsx,Units Availability Report,TALALA,,,22444472.0,170.5,,172.8,0.0,,,,,,,131639.13196480938,True,False
Units Availability Report-2026-03-09-10-54-06.xlsx,Units Availability Report,TALALA,,,21200015.0,170.5,,185.7,0.0,,,,,,,124340.26392961877,True,False
Units Availability Report-2026-03-09-10-54-06.xlsx,Units Availability Report,TALALA,,,16904434.0,168.0,,35.5,0.0,,,,,,,100621.63095238095,True,False
Units Availability Report-2026-03-09-10-54-06.xlsx,Units Availability Report,TALALA,,,16906233.0,168.0,,35.6,0.0,,,,,,,100632.33928571429,True,False
Units Availability Report-2026-03-09-10-54-06.xlsx,Units Availability Report,TALALA,,,18894634.0,170.5,,86.2,0.0,,,,,,,110818.96774193548,True,False
Units Availability Report-2026-03-09-10-54-06.xlsx,Units Availability Report,TALALA,,,20488164.0,170.5,,186.6,0.0,,,,,,,120165.18475073314,True,False
Units Availability Report-2026-03-09-10-54-06.xlsx,Units Availability Report,TALALA,,,20485290.0,170.5,,186.4,0.0,,,,,,,120148.3284457478,True,False
Units Availability Report-2026-03-09-10-54-06.xlsx,Units Availability Report,TALALA,,,20753530.0,170.5,,155.7,0.0,,,,,,,121721.5835777126,True,False
Units Availability Report-2026-03-09-10-54-06.xlsx,Units Availability Report,TALALA,,,16202131.0,170.5,,0.0,0.0,,,,,,,95027.16129032258,False,False
Units Availability Report-2026-03-09-10-54-06.xlsx,Units Availability Report,TALALA,,,17258187.0,167.4,,0.0,0.0,,,,,,,103095.5017921147,False,False
Units Availability Report-2026-03-09-10-54-06.xlsx,Units Availability Report,TALALA,,,20758628.0,170.5,,180.3,0.0,,,,,,,121751.48387096774,True,False
Units Availability Report-2026-03-09-10-54-06.xlsx,Units Availability Report,TALALA,,,16579029.0,168.0,,34.8,0.0,,,,,,,98684.69642857143,True,False
Units Availability Report-2026-03-09-10-54-06.xlsx,Units Availability Report,TALALA,,,15713963.0,165.5,,0.0,0.0,,,,,,,94948.41691842901,False,False
Units Availability Report-2026-03-09-10-54-06.xlsx,Units Availability Report,TALALA,,,16285379.0,165.5,,0.0,0.0,,,,,,,98401.08157099698,False,False
Units Availability Report-2026-03-09-10-54-06.xlsx,Units Availability Report,TALALA,,,15723457.0,165.6,,0.0,0.0,,,,,,,94948.41183574879,False,False
Units Availability Report-2026-03-09-10-54-06.xlsx,Units Availability Report,TALALA,,,16295219.0,165.6,,0.0,0.0,,,,,,,98401.0809178744,False,False
Units Availability Report-2026-03-09-10-54-06.xlsx,Units Availability Report,TALALA,,,15428254.0,165.5,,0.0,0.0,,,,,,,93222.07854984894,False,False
Units Availability Report-2026-03-09-10-54-06.xlsx,Units Availability Report,TALALA,,,15999671.0,165.5,,0.0,0.0,,,,,,,96674.74924471299,False,False
Units Availability Report-2026-03-09-10-54-06.xlsx,Units Availability Report,TALALA,,,24693842.0,215.4,,298.7,0.0,,,,,,,114641.79201485608,True,False
Units Availability Report-2026-03-09-10-54-06.xlsx,Units Availability Report,TALALA,,,13517158.0,123.9,,256.5,0.0,,,,,,,109097.3204196933,True,False
Units Availability Report-2026-03-09-10-54-06.xlsx,Units Availability Report,TALALA,,,14142716.0,123.9,,259.6,0.0,,,,,,,114146.21468926553,True,False
Units Availability Report-2026-03-09-10-54-06.xlsx,Units Availability Report,TALALA,,,14227732.0,124.7,,261.0,0.0,,,,,,,114095.68564554931,True,False
Units Availability Report-2026-03-09-10-54-06.xlsx,Units Availability Report,TALALA,,,25811631.0,215.4,,265.7,0.0,,,,,,,119831.15598885794,True,False
Units Availability Report-2026-03-09-10-54-06.xlsx,Units Availability Report,TALALA,,,15722681.0,164.1,,0.0,0.0,,,,,,,95811.58439975625,False,False
Units Availability Report-2026-03-09-10-54-06.xlsx,Units Availability Report,TALALA,,,16015726.0,164.2,,0.0,0.0,,,,,,,97537.91717417784,False,False
Units Availability Report-2026-03-09-10-54-06.xlsx,Units Availability Report,TALALA,,,16005972.0,164.1,,0.0,0.0,,,,,,,97537.91590493602,False,False
Units Availability Report-2026-03-09-10-54-06.xlsx,Units Availability Report,TALALA,,,16113264.0,165.2,,0.0,0.0,,,,,,,97537.9176755448,False,False
Units Availability Report-2026-03-09-10-54-06.xlsx,Units Availability Report,TALALA,,,16142525.0,165.5,,0.0,0.0,,,,,,,97537.91540785499,False,False
Units Availability Report-2026-03-09-10-54-06.xlsx,Units Availability Report,TALALA,,,16152279.0,165.6,,0.0,0.0,,,,,,,97537.91666666667,False,False
Units Availability Report-2026-03-09-10-54-06.xlsx,Units Availability Report,TALALA,,,15856817.0,165.5,,0.0,0.0,,,,,,,95811.58308157099,False,False
Units Availability Report-2026-03-09-10-54-06.xlsx,Units Availability Report,TALALA,,,23703785.0,215.4,,180.0,0.0,,,,,,,110045.42711234912,True,False
Units Availability Report-2026-03-09-10-54-06.xlsx,Units Availability Report,TALALA,,,25491327.0,215.4,,306.6,0.0,,,,,,,118344.13649025069,True,False
Units Availability Report-2026-03-09-10-54-06.xlsx,Units Availability Report,TALALA,,,24042655.0,215.4,,204.0,0.0,,,,,,,111618.63974001857,True,False
Units Availability Report-2026-03-09-10-54-06.xlsx,Units Availability Report,TALALA,,,15297743.0,164.1,,0.0,0.0,,,,,,,93222.07800121878,False,False
Units Availability Report-2026-03-09-10-54-06.xlsx,Units Availability Report,TALALA,,,15864326.0,164.1,,0.0,0.0,,,,,,,96674.74710542352,False,False
Units Availability Report-2026-03-09-10-54-06.xlsx,Units Availability Report,TALALA,,,15590530.0,164.2,,0.0,0.0,,,,,,,94948.41656516444,False,False
Units Availability Report-2026-03-09-10-54-06.xlsx,Units Availability Report,TALALA,,,16147618.0,164.1,,0.0,0.0,,,,,,,98401.08470444851,False,False
Units Availability Report-2026-03-09-10-54-06.xlsx,Units Availability Report,TALALA,,,15685478.0,165.2,,0.0,0.0,,,,,,,94948.41404358354,False,False
Units Availability Report-2026-03-09-10-54-06.xlsx,Units Availability Report,TALALA,,,16255859.0,165.2,,0.0,0.0,,,,,,,98401.08353510896,False,False
Units Availability Report-2026-03-09-10-54-06.xlsx,Units Availability Report,TALALA,,,13714522.0,133.0,,0.0,0.0,,,,,,,103116.7067669173,False,False
Units Availability Report-2026-03-09-10-54-06.xlsx,Units Availability Report,TALALA,,,13969934.0,133.2,,0.0,0.0,,,,,,,104879.3843843844,False,False
Units Availability Report-2026-03-09-10-54-06.xlsx,Units Availability Report,TALALA,,,14106277.0,134.5,,0.0,0.0,,,,,,,104879.38289962825,False,False
Units Availability Report-2026-03-09-10-54-06.xlsx,Units Availability Report,TALALA,,,13869197.0,134.5,,0.0,0.0,,,,,,,103116.7063197026,False,False
Units Availability Report-2026-03-09-10-54-06.xlsx,Units Availability Report,TALALA,,,17646989.0,134.6,,216.0,0.0,,,,,,,131106.90193164934,True,False
Units Availability Report-2026-03-09-10-54-06.xlsx,Units Availability Report,TALALA,,,21998898.0,215.7,,62.5,0.0,,,,,,,101988.40055632824,True,False
Units Availability Report-2026-03-09-10-54-06.xlsx,Units Availability Report,TALALA,,,21995467.0,215.7,,62.3,0.0,,,,,,,101972.49420491424,True,False
Units Availability Report-2026-03-09-10-54-06.xlsx,Units Availability Report,TALALA,,,22153314.0,215.7,,71.5,0.0,,,,,,,102704.28372739918,True,False
Units Availability Report-2026-03-09-10-54-06.xlsx,Units Availability Report,TALALA,,,25532988.0,220.0,,126.0,0.0,,,,,,,116059.03636363636,True,False
Units Availability Report-2026-03-09-10-54-06.xlsx,Units Availability Report,TALALA,,,25718197.0,220.0,,139.0,0.0,,,,,,,116900.89545454546,True,False
Units Availability Report-2026-03-09-10-54-06.xlsx,Units Availability Report,TALALA,,,22529060.0,215.7,,93.4,0.0,,,,,,,104446.26796476588,True,False
Units Availability Report-2026-03-09-10-54-06.xlsx,Units Availability Report,TALALA,,,22532491.0,215.7,,93.6,0.0,,,,,,,104462.17431617988,True,False
Units Availability Report-2026-03-09-10-54-06.xlsx,Units Availability Report,TALALA,,,25864939.0,220.0,,149.3,0.0,,,,,,,117567.90454545454,True,False
Units Availability Report-2026-03-09-10-54-06.xlsx,Units Availability Report,TALALA,,,27469388.0,220.0,,148.5,0.0,,,,,,,124860.85454545454,True,False
Units Availability Report-2026-03-09-10-54-06.xlsx,Units Availability Report,TALALA,,,22493681.0,175.6,,198.2,0.0,,,,,,,128096.1332574032,True,False
Units Availability Report-2026-03-09-10-54-06.xlsx,Units Availability Report,TALALA,,,19997902.0,172.8,,112.5,0.0,,,,,,,115728.59953703704,True,False
Units Availability Report-2026-03-09-10-54-06.xlsx,Units Availability Report,TALALA,,,19988907.0,172.8,,112.0,0.0,,,,,,,115676.54513888888,True,False
Units Availability Report-2026-03-09-10-54-06.xlsx,Units Availability Report,TALALA,,,23400050.0,175.6,,205.6,0.0,,,,,,,133257.68792710706,True,False
Units Availability Report-2026-03-09-10-54-06.xlsx,Units Availability Report,TALALA,,,22506617.0,175.6,,199.1,0.0,,,,,,,128169.8006833713,True,False
Units Availability Report-2026-03-09-10-54-06.xlsx,Units Availability Report,TALALA,,,19996103.0,172.8,,112.4,0.0,,,,,,,115718.1886574074,True,False
Units Availability Report-2026-03-09-10-54-06.xlsx,Units Availability Report,TALALA,,,19987108.0,172.8,,111.9,0.0,,,,,,,115666.13425925926,True,False
Units Availability Report-2026-03-09-10-54-06.xlsx,Units Availability Report,TALALA,,,25154333.0,175.6,,267.6,0.0,,,,,,,143247.91002277905,True,False
Units Availability Report-2026-03-09-10-54-06.xlsx,Units Availability Report,TALALA,,,20811326.0,172.8,,116.4,0.0,,,,,,,120435.91435185184,True,False
Units Availability Report-2026-03-09-10-54-06.xlsx,Units Availability Report,TALALA,,,23356890.0,175.6,,202.7,0.0,,,,,,,133011.9020501139,True,False
Units Availability Report-2026-03-09-10-54-06.xlsx,Units Availability Report,TALALA,,,14043349.0,133.9,,0.0,0.0,,,,,,,104879.38013442868,False,False
Units Availability Report-2026-03-09-10-54-06.xlsx,Units Availability Report,TALALA,,,13807327.0,133.9,,0.0,0.0,,,,,,,103116.7064973861,False,False
Units Availability Report-2026-03-09-10-54-06.xlsx,Units Availability Report,TALALA,,,17079209.0,133.9,,182.7,0.0,,,,,,,127551.97162061238,True,False
Units Availability Report-2026-03-09-10-54-06.xlsx,Units Availability Report,TALALA,,,16289264.0,164.1,,0.0,0.0,,,,,,,99264.25350396101,False,False
Units Availability Report-2026-03-09-10-54-06.xlsx,Units Availability Report,TALALA,,,16582654.0,164.2,,0.0,0.0,,,,,,,100990.58465286237,False,False
Units Availability Report-2026-03-09-10-54-06.xlsx,Units Availability Report,TALALA,,,16683645.0,165.2,,0.0,0.0,,,,,,,100990.58716707022,False,False
Units Availability Report-2026-03-09-10-54-06.xlsx,Units Availability Report,TALALA,,,16713942.0,165.5,,0.0,0.0,,,,,,,100990.58610271904,False,False
Units Availability Report-2026-03-09-10-54-06.xlsx,Units Availability Report,TALALA,,,16724041.0,165.6,,0.0,0.0,,,,,,,100990.58574879228,False,False
Units Availability Report-2026-03-09-10-54-06.xlsx,Units Availability Report,TALALA,,,16428234.0,165.5,,0.0,0.0,,,,,,,99264.25377643504,False,False
Units Availability Report-2026-03-09-10-54-06.xlsx,Units Availability Report,ELM TREE PARK,,,10151620.0,126.5,,0.0,0.0,,,,,,,80249.9604743083,False,False
Units Availability Report-2026-03-09-10-54-06.xlsx,Units Availability Report,ELM TREE PARK,,,10176246.0,124.9,,0.0,0.0,,,,,,,81475.14811849479,False,False
Units Availability Report-2026-03-09-10-54-06.xlsx,Units Availability Report,ELM TREE PARK,,,13454647.0,125.1,,239.0,0.0,,,,,,,107551.13509192647,True,False
Units Availability Report-2026-03-09-10-54-06.xlsx,Units Availability Report,ELM TREE PARK,,,13329099.0,126.5,,221.0,0.0,,,,,,,105368.37154150198,True,False
Units Availability Report-2026-03-09-10-54-06.xlsx,Units Availability Report,ELM TREE PARK,,,10023220.0,124.9,,0.0,0.0,,,,,,,80249.95996797437,False,False
Units Availability Report-2026-03-09-10-54-06.xlsx,Units Availability Report,ELM TREE PARK,,,9686660.0,126.5,,0.0,0.0,,,,,,,76574.38735177866,False,False
Units Availability Report-2026-03-09-10-54-06.xlsx,Units Availability Report,ELM TREE PARK,,,13221037.0,125.1,,221.0,0.0,,,,,,,105683.74900079936,True,False
Units Availability Report-2026-03-09-10-54-06.xlsx,Units Availability Report,ELM TREE PARK,,,12874946.0,126.5,,227.0,0.0,,,,,,,101778.22924901186,True,False
Units Availability Report-2026-03-09-10-54-06.xlsx,Units Availability Report,ELM TREE PARK,,,9411115.0,124.9,,0.0,0.0,,,,,,,75349.19935948758,False,False
Units Availability Report-2026-03-09-10-54-06.xlsx,Units Availability Report,ELM TREE PARK,,,9764153.0,126.5,,0.0,0.0,,,,,,,77186.98023715414,False,False
Units Availability Report-2026-03-09-10-54-06.xlsx,Units Availability Report,ELM TREE PARK,,,13303142.0,126.5,,219.0,0.0,,,,,,,105163.17786561266,True,False
Units Availability Report-2026-03-09-10-54-06.xlsx,Units Availability Report,ELM TREE PARK,,,9531673.0,126.5,,0.0,0.0,,,,,,,75349.19367588933,False,False
Units Availability Report-2026-03-09-10-54-06.xlsx,Units Availability Report,ELM TREE PARK,,,12809030.0,126.5,,205.0,0.0,,,,,,,101257.15415019763,True,False
Units Availability Report-2026-03-09-10-54-06.xlsx,Units Availability Report,ELM TREE PARK,,,10405785.0,124.9,,0.0,0.0,,,,,,,83312.93034427542,False,False
Units Availability Report-2026-03-09-10-54-06.xlsx,Units Availability Report,ELM TREE PARK,,,9258088.0,124.9,,0.0,0.0,,,,,,,74124.00320256205,False,False
Units Availability Report-2026-03-09-10-54-06.xlsx,Units Availability Report,ELM TREE PARK,,,9793680.0,124.9,,0.0,0.0,,,,,,,78412.16973578863,False,False
Units Availability Report-2026-03-09-10-54-06.xlsx,Units Availability Report,ELM TREE PARK,,,12804896.0,125.1,,213.0,0.0,,,,,,,102357.2821742606,True,False
Units Availability Report-2026-03-09-10-54-06.xlsx,Units Availability Report,ELM TREE PARK,,,13619778.0,126.5,,227.0,0.0,,,,,,,107666.22924901186,True,False
Units Availability Report-2026-03-09-10-54-06.xlsx,Units Availability Report,ELM TREE PARK,,,13298907.0,125.1,,227.0,0.0,,,,,,,106306.21103117506,True,False
Units Availability Report-2026-03-09-10-54-06.xlsx,Units Availability Report,ELM TREE PARK,,,9919140.0,126.5,,0.0,0.0,,,,,,,78412.17391304347,False,False
Units Availability Report-2026-03-09-10-54-06.xlsx,Units Availability Report,ELM TREE PARK,,,13826641.0,125.1,,227.0,0.0,,,,,,,110524.70823341327,True,False
Units Availability Report-2026-03-09-10-54-06.xlsx,Units Availability Report,ELM TREE PARK,,,12821699.0,126.5,,206.0,0.0,,,,,,,101357.30434782608,True,False
Units Availability Report-2026-03-09-10-54-06.xlsx,Units Availability Report,ELM TREE PARK,,,12949573.0,125.1,,162.0,0.0,,,,,,,103513.77298161472,True,False
Units Availability Report-2026-03-09-10-54-06.xlsx,Units Availability Report,ELM TREE PARK,,,8989220.0,126.5,,0.0,0.0,,,,,,,71061.02766798419,False,False
Units Availability Report-2026-03-09-10-54-06.xlsx,Units Availability Report,ELM TREE PARK,,,12842904.0,125.1,,216.0,0.0,,,,,,,102661.103117506,True,False
Units Availability Report-2026-03-09-10-54-06.xlsx,Units Availability Report,ELM TREE PARK,,,13438362.0,125.1,,263.0,0.0,,,,,,,107420.95923261391,True,False
Units Availability Report-2026-03-09-10-54-06.xlsx,Units Availability Report,ELM TREE PARK,,,13201779.0,126.5,,236.0,0.0,,,,,,,104361.88932806325,True,False
Units Availability Report-2026-03-09-10-54-06.xlsx,Units Availability Report,ELM TREE PARK,,,9564141.0,124.9,,0.0,0.0,,,,,,,76574.387510008,False,False
Units Availability Report-2026-03-09-10-54-06.xlsx,Units Availability Report,ELM TREE PARK,,,13083621.0,125.1,,235.0,0.0,,,,,,,104585.29976019185,True,False
Units Availability Report-2026-03-09-10-54-06.xlsx,Units Availability Report,ELM TREE PARK,,,13151102.0,126.5,,232.0,0.0,,,,,,,103961.28063241107,True,False
Units Availability Report-2026-03-09-10-54-06.xlsx,Units Availability Report,ELM TREE PARK,,,13057829.0,125.1,,250.0,0.0,,,,,,,104379.12869704237,True,False
Units Availability Report-2026-03-09-10-54-06.xlsx,Units Availability Report,ELM TREE PARK,,,12492297.0,126.5,,180.0,0.0,,,,,,,98753.33596837944,True,False
Units Availability Report-2026-03-09-10-54-06.xlsx,Units Availability Report,ELM TREE PARK,,,9028549.0,124.9,,0.0,0.0,,,,,,,72286.22097678142,False,False
Units Availability Report-2026-03-09-10-54-06.xlsx,Units Availability Report,ELM TREE PARK,,,9144207.0,126.5,,0.0,0.0,,,,,,,72286.22134387352,False,False
Units Availability Report-2026-03-09-10-54-06.xlsx,Units Availability Report,ELM TREE PARK,,,9299194.0,126.5,,0.0,0.0,,,,,,,73511.41501976285,False,False
Units Availability Report-2026-03-09-10-54-06.xlsx,Units Availability Report,ELM TREE PARK,,,12928550.0,125.1,,266.0,0.0,,,,,,,103345.723421263,True,False
Units Availability Report-2026-03-09-10-54-06.xlsx,Units Availability Report,ELM TREE PARK,,,12652967.0,126.5,,235.0,0.0,,,,,,,100023.45454545454,True,False
Units Availability Report-2026-03-09-10-54-06.xlsx,Units Availability Report,ELM TREE PARK,,,12896578.0,125.1,,196.0,0.0,,,,,,,103090.15187849721,True,False
Units Availability Report-2026-03-09-10-54-06.xlsx,Units Availability Report,ELM TREE PARK,,,13381012.0,126.5,,225.0,0.0,,,,,,,105778.75098814229,True,False
Units Availability Report-2026-03-09-10-54-06.xlsx,Units Availability Report,ELM TREE PARK,,,10074126.0,126.5,,0.0,0.0,,,,,,,79637.35968379446,False,False
Units Availability Report-2026-03-09-10-54-06.xlsx,Units Availability Report,ELM TREE PARK,,,12481622.0,125.1,,149.0,0.0,,,,,,,99773.15747402079,True,False
Units Availability Report-2026-03-09-10-54-06.xlsx,Units Availability Report,ELM TREE PARK,,,13366481.0,126.5,,249.0,0.0,,,,,,,105663.8814229249,True,False
Units Availability Report-2026-03-09-10-54-06.xlsx,Units Availability Report,ELM TREE PARK,,,12580982.0,126.5,,187.0,0.0,,,,,,,99454.40316205533,True,False
Units Availability Report-2026-03-09-10-54-06.xlsx,Units Availability Report,ELM TREE PARK,,,9376687.0,126.5,,0.0,0.0,,,,,,,74124.00790513834,False,False
Units Availability Report-2026-03-09-10-54-06.xlsx,Units Availability Report,ELM TREE PARK,,,12696393.0,125.1,,221.0,0.0,,,,,,,101489.95203836932,True,False
Units Availability Report-2026-03-09-10-54-06.xlsx,Units Availability Report,ELM TREE PARK,,,13174066.0,126.5,,251.0,0.0,,,,,,,104142.81422924901,True,False
Units Availability Report-2026-03-09-10-54-06.xlsx,Units Availability Report,ELM TREE PARK,,,12708856.0,125.1,,222.0,0.0,,,,,,,101589.57633892886,True,False
Units Availability Report-2026-03-09-10-54-06.xlsx,Units Availability Report,ELM TREE PARK,,,12787703.0,126.5,,220.0,0.0,,,,,,,101088.56126482213,True,False
Units Availability Report-2026-03-09-10-54-06.xlsx,Units Availability Report,ELM TREE PARK,,,12733783.0,125.1,,224.0,0.0,,,,,,,101788.83293365309,True,False
Units Availability Report-2026-03-09-10-54-06.xlsx,Units Availability Report,ELM TREE PARK,,,13195080.0,125.1,,219.0,0.0,,,,,,,105476.25899280576,True,False
Units Availability Report-2026-03-09-10-54-06.xlsx,Units Availability Report,ELM TREE PARK,,,10306606.0,126.5,,0.0,0.0,,,,,,,81475.1462450593,False,False
Units Availability Report-2026-03-09-10-54-06.xlsx,Units Availability Report,ELM TREE PARK,,,13342077.0,126.5,,222.0,0.0,,,,,,,105470.96442687747,True,False
Units Availability Report-2026-03-09-10-54-06.xlsx,Units Availability Report,ELM TREE PARK,,,13058282.0,125.1,,233.0,0.0,,,,,,,104382.74980015987,True,False
Units Availability Report-2026-03-09-10-54-06.xlsx,Units Availability Report,ELM TREE PARK,,,13316120.0,126.5,,220.0,0.0,,,,,,,105265.77075098814,True,False
Units Availability Report-2026-03-09-10-54-06.xlsx,Units Availability Report,ELM TREE PARK,,,9640654.0,124.9,,0.0,0.0,,,,,,,77186.98158526821,False,False
Units Availability Report-2026-03-09-10-54-06.xlsx,Units Availability Report,ELM TREE PARK,,,13418689.0,126.5,,298.0,0.0,,,,,,,106076.59288537549,True,False
Units Availability Report-2026-03-09-10-54-06.xlsx,Units Availability Report,ELM TREE PARK,,,13632537.0,126.5,,270.0,0.0,,,,,,,107767.09090909091,True,False
Units Availability Report-2026-03-09-10-54-06.xlsx,Units Availability Report,ELM TREE PARK,,,14830351.0,125.1,,345.0,0.0,,,,,,,118547.96962430056,True,False
Units Availability Report-2026-03-09-10-54-06.xlsx,Units Availability Report,ELM TREE PARK,,,13601644.0,126.5,,242.0,0.0,,,,,,,107522.87747035573,True,False
Units Availability Report-2026-03-09-10-54-06.xlsx,Units Availability Report,ELM TREE PARK,,,12939748.0,126.5,,191.0,0.0,,,,,,,102290.49802371541,True,False
Units Availability Report-2026-03-09-10-54-06.xlsx,Units Availability Report,ELM TREE PARK,,,13127613.0,125.1,,301.0,0.0,,,,,,,104936.95443645085,True,False
Units Availability Report-2026-03-09-10-54-06.xlsx,Units Availability Report,ELM TREE PARK,,,13311885.0,125.1,,228.0,0.0,,,,,,,106409.95203836932,True,False
Units Availability Report-2026-03-09-10-54-06.xlsx,Units Availability Report,ELM TREE PARK,,,13419947.0,126.5,,228.0,0.0,,,,,,,106086.53754940712,True,False
Units Availability Report-2026-03-09-10-54-06.xlsx,Units Availability Report,ELM TREE PARK,,,13575687.0,126.5,,240.0,0.0,,,,,,,107317.6837944664,True,False
Units Availability Report-2026-03-09-10-54-06.xlsx,Units Availability Report,ELM TREE PARK,,,10539086.0,126.5,,0.0,0.0,,,,,,,83312.93280632411,False,False
Units Availability Report-2026-03-09-10-54-06.xlsx,Units Availability Report,ELM TREE PARK,,,10694073.0,126.5,,0.0,0.0,,,,,,,84538.12648221344,False,False
Units Availability Report-2026-03-09-10-54-06.xlsx,Units Availability Report,ELM TREE PARK,,,14341552.0,125.1,,353.0,0.0,,,,,,,114640.70343725021,True,False
Units Availability Report-2026-03-09-10-54-06.xlsx,Units Availability Report,ELM TREE PARK,,,14451739.0,126.5,,265.0,0.0,,,,,,,114242.99604743083,True,False
Units Availability Report-2026-03-09-10-54-06.xlsx,Units Availability Report,ELM TREE PARK,,,9996633.0,126.5,,0.0,0.0,,,,,,,79024.76679841898,False,False
Units Availability Report-2026-03-09-10-54-06.xlsx,Units Availability Report,ELM TREE PARK,,,13921095.0,125.1,,234.0,0.0,,,,,,,111279.73621103118,True,False
Units Availability Report-2026-03-09-10-54-06.xlsx,Units Availability Report,ELM TREE PARK,,,13853628.0,125.1,,229.0,0.0,,,,,,,110740.43165467627,True,False
Units Availability Report-2026-03-09-10-54-06.xlsx,Units Availability Report,ELM TREE PARK,,,13360200.0,126.5,,240.0,0.0,,,,,,,105614.22924901186,True,False
Units Availability Report-2026-03-09-10-54-06.xlsx,Units Availability Report,ELM TREE PARK,,,13415712.0,125.1,,236.0,0.0,,,,,,,107239.90407673862,True,False
Units Availability Report-2026-03-09-10-54-06.xlsx,Units Availability Report,ELM TREE PARK,,,12812630.0,126.5,,222.0,0.0,,,,,,,101285.61264822134,True,False
Units Availability Report-2026-03-09-10-54-06.xlsx,Units Availability Report,ELM TREE PARK,,,9946707.0,124.9,,0.0,0.0,,,,,,,79637.36589271417,False,False
Units Availability Report-2026-03-09-10-54-06.xlsx,Units Availability Report,ELM TREE PARK,,,12918920.0,125.1,,222.0,0.0,,,,,,,103268.74500399681,True,False
Units Availability Report-2026-03-09-10-54-06.xlsx,Units Availability Report,ELM TREE PARK,,,13234015.0,125.1,,222.0,0.0,,,,,,,105787.4900079936,True,False
Units Availability Report-2026-03-09-10-54-06.xlsx,Units Availability Report,ELM TREE PARK,,,13871525.0,126.5,,222.0,0.0,,,,,,,109656.32411067194,True,False
Units Availability Report-2026-03-09-10-54-06.xlsx,Units Availability Report,ELM TREE PARK,,,13410869.0,126.5,,270.0,0.0,,,,,,,106014.77470355731,True,False
Units Availability Report-2026-03-09-10-54-06.xlsx,Units Availability Report,ELM TREE PARK,,,12887410.0,126.5,,228.0,0.0,,,,,,,101876.75889328064,True,False
Units Availability Report-2026-03-09-10-54-06.xlsx,Units Availability Report,ELM TREE PARK,,,12771173.0,125.1,,227.0,0.0,,,,,,,102087.71382893686,True,False
Units Availability Report-2026-03-09-10-54-06.xlsx,Units Availability Report,ELM TREE PARK,,,12613216.0,126.5,,206.0,0.0,,,,,,,99709.21739130435,True,False
Units Availability Report-2026-03-09-10-54-06.xlsx,Units Availability Report,ELM TREE PARK,,,19614537.0,180.8,,93.0,0.0,,,,,,,108487.48340707964,True,False
Units Availability Report-2026-03-09-10-54-06.xlsx,Units Availability Report,ELM TREE PARK,,,19575023.0,180.4,,93.0,0.0,,,,,,,108508.99667405765,True,False
Units Availability Report-2026-03-09-10-54-06.xlsx,Units Availability Report,ELM TREE PARK,,,23170716.0,183.1,,203.0,0.0,,,,,,,126546.78317859094,True,False
Units Availability Report-2026-03-09-10-54-06.xlsx,Units Availability Report,ELM TREE PARK,,,19593888.0,180.4,,94.0,0.0,,,,,,,108613.56984478935,True,False
Units Availability Report-2026-03-09-10-54-06.xlsx,Units Availability Report,ELM TREE PARK,,,19595672.0,180.8,,92.0,0.0,,,,,,,108383.14159292035,True,False
Units Availability Report-2026-03-09-10-54-06.xlsx,Units Availability Report,ELM TREE PARK,,,21067961.0,183.1,,175.0,0.0,,,,,,,115062.59421081377,True,False
Units Availability Report-2026-03-09-10-54-06.xlsx,Units Availability Report,ELM TREE PARK,,,21015825.0,183.1,,171.0,0.0,,,,,,,114777.85363189514,True,False
Units Availability Report-2026-03-09-10-54-06.xlsx,Units Availability Report,ELM TREE PARK,,,19166088.0,212.0,,58.0,0.0,,,,,,,90406.07547169812,True,False
Units Availability Report-2026-03-09-10-54-06.xlsx,Units Availability Report,ELM TREE PARK,,,18269006.0,212.0,,60.0,0.0,,,,,,,86174.55660377358,True,False
Units Availability Report-2026-03-09-10-54-06.xlsx,Units Availability Report,ELM TREE PARK,,,18202384.0,212.0,,56.0,0.0,,,,,,,85860.30188679245,True,False
Units Availability Report-2026-03-09-10-54-06.xlsx,Units Availability Report,ELM TREE PARK,,,19102433.0,212.0,,49.0,0.0,,,,,,,90105.81603773584,True,False
Units Availability Report-2026-03-09-10-54-06.xlsx,Units Availability Report,ELM TREE PARK,,,18185728.0,212.0,,55.0,0.0,,,,,,,85781.7358490566,True,False
Units Availability Report-2026-03-09-10-54-06.xlsx,Units Availability Report,ELM TREE PARK,,,20910584.0,212.0,,113.0,0.0,,,,,,,98634.83018867925,True,False
Units Availability Report-2026-03-09-10-54-06.xlsx,Units Availability Report,ELM TREE PARK,,,20146385.0,212.0,,114.0,0.0,,,,,,,95030.1179245283,True,False
Units Availability Report-2026-03-09-10-54-06.xlsx,Units Availability Report,ELM TREE PARK,,,20216406.0,212.0,,118.0,0.0,,,,,,,95360.40566037736,True,False
Units Availability Report-2026-03-09-10-54-06.xlsx,Units Availability Report,ELM TREE PARK,,,20251417.0,212.0,,120.0,0.0,,,,,,,95525.55188679245,True,False
Units Availability Report-2026-03-09-10-54-06.xlsx,Units Availability Report,ELM TREE PARK,,,18169073.0,212.0,,54.0,0.0,,,,,,,85703.17452830188,True,False
Units Availability Report-2026-03-09-10-54-06.xlsx,Units Availability Report,ELM TREE PARK,,,21392806.0,212.0,,87.0,0.0,,,,,,,100909.46226415095,True,False
Units Availability Report-2026-03-09-10-54-06.xlsx,Units Availability Report,ELM TREE PARK,,,21354737.0,212.0,,85.0,0.0,,,,,,,100729.89150943396,True,False
Units Availability Report-2026-03-09-10-54-06.xlsx,Units Availability Report,ELM TREE PARK,,,18219040.0,212.0,,57.0,0.0,,,,,,,85938.8679245283,True,False
Units Availability Report-2026-03-09-10-54-06.xlsx,Units Availability Report,ELM TREE PARK,,,18102451.0,212.0,,50.0,0.0,,,,,,,85388.91981132075,True,False
Units Availability Report-2026-03-09-10-54-06.xlsx,Units Availability Report,ELM TREE PARK,,,18135762.0,212.0,,52.0,0.0,,,,,,,85546.04716981133,True,False
Units Availability Report-2026-03-09-10-54-06.xlsx,Units Availability Report,ELM TREE PARK,,,20076364.0,212.0,,110.0,0.0,,,,,,,94699.83018867925,True,False
Units Availability Report-2026-03-09-10-54-06.xlsx,Units Availability Report,ELM TREE PARK,,,20128880.0,212.0,,113.0,0.0,,,,,,,94947.54716981133,True,False
Units Availability Report-2026-03-09-10-54-06.xlsx,Units Availability Report,ELM TREE PARK,,,21161075.0,212.0,,116.0,0.0,,,,,,,99816.39150943396,True,False
Units Availability Report-2026-03-09-10-54-06.xlsx,Units Availability Report,ELM TREE PARK,,,19113572.0,212.0,,55.0,0.0,,,,,,,90158.35849056604,True,False
Units Availability Report-2026-03-09-10-54-06.xlsx,Units Availability Report,ELM TREE PARK,,,19043550.0,212.0,,51.0,0.0,,,,,,,89828.06603773584,True,False
Units Availability Report-2026-03-09-10-54-06.xlsx,Units Availability Report,ELM TREE PARK,,,19061056.0,212.0,,52.0,0.0,,,,,,,89910.64150943396,True,False
Units Availability Report-2026-03-09-10-54-06.xlsx,Units Availability Report,ELM TREE PARK,,,21259859.0,212.0,,122.0,0.0,,,,,,,100282.35377358491,True,False
Units Availability Report-2026-03-09-10-54-06.xlsx,Units Availability Report,ELM TREE PARK,,,21234495.0,212.0,,120.0,0.0,,,,,,,100162.71226415095,True,False
Units Availability Report-2026-03-09-10-54-06.xlsx,Units Availability Report,ELM TREE PARK,,,19148582.0,212.0,,57.0,0.0,,,,,,,90323.5,True,False
Units Availability Report-2026-03-09-10-54-06.xlsx,Units Availability Report,ELM TREE PARK,,,19131077.0,212.0,,56.0,0.0,,,,,,,90240.92924528301,True,False
Units Availability Report-2026-03-09-10-54-06.xlsx,Units Availability Report,ELM TREE PARK,,,21906749.0,212.0,,114.0,0.0,,,,,,,103333.72169811321,True,False
Units Availability Report-2026-03-09-10-54-06.xlsx,Units Availability Report,ELM TREE PARK,,,20021881.0,212.0,,55.0,0.0,,,,,,,94442.83490566038,True,False
Units Availability Report-2026-03-09-10-54-06.xlsx,Units Availability Report,ELM TREE PARK,,,19026045.0,212.0,,50.0,0.0,,,,,,,89745.49528301887,True,False
Units Availability Report-2026-03-09-10-54-06.xlsx,Units Availability Report,ELM TREE PARK,,,12503149.0,125.1,,231.0,0.0,,,,,,,99945.23581135093,True,False
Units Availability Report-2026-03-09-10-54-06.xlsx,Units Availability Report,ELM TREE PARK,,,12434189.0,126.5,,217.0,0.0,,,,,,,98293.98418972333,True,False
Units Availability Report-2026-03-09-10-54-06.xlsx,Units Availability Report,ELM TREE PARK,,,19463678.0,212.0,,75.0,0.0,,,,,,,91809.80188679245,True,False
Units Availability Report-2026-03-09-10-54-06.xlsx,Units Availability Report,ELM TREE PARK,,,19271120.0,212.0,,64.0,0.0,,,,,,,90901.50943396226,True,False
Units Availability Report-2026-03-09-10-54-06.xlsx,Units Availability Report,ELM TREE PARK,,,19428667.0,212.0,,73.0,0.0,,,,,,,91644.65566037736,True,False
Units Availability Report-2026-03-09-10-54-06.xlsx,Units Availability Report,ELM TREE PARK,,,19393657.0,212.0,,71.0,0.0,,,,,,,91479.5141509434,True,False
Units Availability Report-2026-03-09-10-54-06.xlsx,Units Availability Report,ELM TREE PARK,,,19288625.0,212.0,,65.0,0.0,,,,,,,90984.08018867925,True,False
Units Availability Report-2026-03-09-10-54-06.xlsx,Units Availability Report,ELM TREE PARK,,,21830609.0,212.0,,110.0,0.0,,,,,,,102974.57075471699,True,False
Units Availability Report-2026-03-09-10-54-06.xlsx,Units Availability Report,ELM TREE PARK,,,22218229.0,212.0,,135.0,0.0,,,,,,,104802.96698113208,True,False
Units Availability Report-2026-03-09-10-54-06.xlsx,Units Availability Report,ELM TREE PARK,,,20260265.0,212.0,,68.0,0.0,,,,,,,95567.28773584905,True,False
Units Availability Report-2026-03-09-10-54-06.xlsx,Units Availability Report,ELM TREE PARK,,,19323635.0,212.0,,67.0,0.0,,,,,,,91149.22169811321,True,False
Units Availability Report-2026-03-09-10-54-06.xlsx,Units Availability Report,ELM TREE PARK,,,19358646.0,212.0,,69.0,0.0,,,,,,,91314.3679245283,True,False
Units Availability Report-2026-03-09-10-54-06.xlsx,Units Availability Report,ELM TREE PARK,,,21335949.0,212.0,,128.0,0.0,,,,,,,100641.26886792453,True,False
Units Availability Report-2026-03-09-10-54-06.xlsx,Units Availability Report,ELM TREE PARK,,,21106010.0,212.0,,113.0,0.0,,,,,,,99556.65094339622,True,False
Units Availability Report-2026-03-09-10-54-06.xlsx,Units Availability Report,ELM TREE PARK,,,21014234.0,212.0,,108.0,0.0,,,,,,,99123.74528301887,True,False
Units Availability Report-2026-03-09-10-54-06.xlsx,Units Availability Report,ELM TREE PARK,,,20977524.0,212.0,,106.0,0.0,,,,,,,98950.58490566038,True,False
Units Availability Report-2026-03-09-10-54-06.xlsx,Units Availability Report,ELM TREE PARK,,,19096066.0,212.0,,54.0,0.0,,,,,,,90075.78301886792,True,False
Units Availability Report-2026-03-09-10-54-06.xlsx,Units Availability Report,ELM TREE PARK,,,21087655.0,212.0,,112.0,0.0,,,,,,,99470.07075471699,True,False
Units Availability Report-2026-03-09-10-54-06.xlsx,Units Availability Report,ELM TREE PARK,,,19183593.0,212.0,,59.0,0.0,,,,,,,90488.64622641509,True,False
Units Availability Report-2026-03-09-10-54-06.xlsx,Units Availability Report,ELM TREE PARK,,,19218604.0,212.0,,61.0,0.0,,,,,,,90653.7924528302,True,False
Units Availability Report-2026-03-09-10-54-06.xlsx,Units Availability Report,ELM TREE PARK,,,21216140.0,212.0,,119.0,0.0,,,,,,,100076.1320754717,True,False
Units Availability Report-2026-03-09-10-54-06.xlsx,Units Availability Report,ELM TREE PARK,,,13324864.0,125.1,,229.0,0.0,,,,,,,106513.70103916866,True,False
Units Availability Report-2026-03-09-10-54-06.xlsx,Units Availability Report,ELM TREE PARK,,,12732095.0,126.5,,175.0,0.0,,,,,,,100648.97233201581,True,False
Units Availability Report-2026-03-09-10-54-06.xlsx,Units Availability Report,ELM TREE PARK,,,13272950.0,125.1,,225.0,0.0,,,,,,,106098.72102318145,True,False
Units Availability Report-2026-03-09-10-54-06.xlsx,Units Availability Report,ELM TREE PARK,,,13432925.0,126.5,,229.0,0.0,,,,,,,106189.13043478261,True,False
Units Availability Report-2026-03-09-10-54-06.xlsx,Units Availability Report,ELM TREE PARK,,,21142720.0,212.0,,115.0,0.0,,,,,,,99729.81132075471,True,False
Units Availability Report-2026-03-09-10-54-06.xlsx,Units Availability Report,ELM TREE PARK,,,19236109.0,212.0,,62.0,0.0,,,,,,,90736.36320754717,True,False
Units Availability Report-2026-03-09-10-54-06.xlsx,Units Availability Report,ELM TREE PARK,,,19253614.0,212.0,,63.0,0.0,,,,,,,90818.93396226416,True,False
Units Availability Report-2026-03-09-10-54-06.xlsx,Units Availability Report,ELM TREE PARK,,,20995879.0,212.0,,107.0,0.0,,,,,,,99037.16509433962,True,False
Units Availability Report-2026-03-09-10-54-06.xlsx,Units Availability Report,ELM TREE PARK,,,20940814.0,212.0,,104.0,0.0,,,,,,,98777.42452830188,True,False
Units Availability Report-2026-03-09-10-54-06.xlsx,Units Availability Report,ELM TREE PARK,,,20904104.0,212.0,,102.0,0.0,,,,,,,98604.2641509434,True,False
Units Availability Report-2026-03-09-10-54-06.xlsx,Units Availability Report,ELM TREE PARK,,,19201098.0,212.0,,60.0,0.0,,,,,,,90571.21698113208,True,False
Units Availability Report-2026-03-09-10-54-06.xlsx,Units Availability Report,ELM TREE PARK,,,18302317.0,212.0,,62.0,0.0,,,,,,,86331.68396226416,True,False
Units Availability Report-2026-03-09-10-54-06.xlsx,Units Availability Report,ELM TREE PARK,,,18285662.0,212.0,,61.0,0.0,,,,,,,86253.12264150943,True,False
Units Availability Report-2026-03-09-10-54-06.xlsx,Units Availability Report,ELM TREE PARK,,,20163890.0,212.0,,115.0,0.0,,,,,,,95112.68867924529,True,False
Units Availability Report-2026-03-09-10-54-06.xlsx,Units Availability Report,ELM TREE PARK,,,20275606.0,212.0,,122.0,0.0,,,,,,,95639.65094339622,True,False
Units Availability Report-2026-03-09-10-54-06.xlsx,Units Availability Report,ELM TREE PARK,,,18335628.0,212.0,,64.0,0.0,,,,,,,86488.81132075471,True,False
Units Availability Report-2026-03-09-10-54-06.xlsx,Units Availability Report,ELM TREE PARK,,,20181396.0,212.0,,116.0,0.0,,,,,,,95195.2641509434,True,False
Units Availability Report-2026-03-09-10-54-06.xlsx,Units Availability Report,ELM TREE PARK,,,19243167.0,212.0,,57.0,0.0,,,,,,,90769.65566037736,True,False
Units Availability Report-2026-03-09-10-54-06.xlsx,Units Availability Report,ELM TREE PARK,,,18252351.0,212.0,,59.0,0.0,,,,,,,86095.99528301887,True,False
Units Availability Report-2026-03-09-10-54-06.xlsx,Units Availability Report,ELM TREE PARK,,,20198901.0,212.0,,117.0,0.0,,,,,,,95277.83490566038,True,False
Units Availability Report-2026-03-09-10-54-06.xlsx,Units Availability Report,ELM TREE PARK,,,18402250.0,212.0,,68.0,0.0,,,,,,,86803.06603773584,True,False
Units Availability Report-2026-03-09-10-54-06.xlsx,Units Availability Report,ELM TREE PARK,,,20336079.0,212.0,,127.0,0.0,,,,,,,95924.90094339622,True,False
Units Availability Report-2026-03-09-10-54-06.xlsx,Units Availability Report,ELM TREE PARK,,,19341141.0,212.0,,68.0,0.0,,,,,,,91231.79716981133,True,False
Units Availability Report-2026-03-09-10-54-06.xlsx,Units Availability Report,ELM TREE PARK,,,19376151.0,212.0,,70.0,0.0,,,,,,,91396.93867924529,True,False
Units Availability Report-2026-03-09-10-54-06.xlsx,Units Availability Report,ELM TREE PARK,,,13400354.0,125.1,,260.0,0.0,,,,,,,107117.13828936851,True,False
Units Availability Report-2026-03-09-10-54-06.xlsx,Units Availability Report,ELM TREE PARK,,,12896054.0,126.5,,255.0,0.0,,,,,,,101945.09090909091,True,False
Units Availability Report-2026-03-09-10-54-06.xlsx,Units Availability Report,ELM TREE PARK,,,12807007.0,125.1,,256.0,0.0,,,,,,,102374.15667466028,True,False
Units Availability Report-2026-03-09-10-54-06.xlsx,Units Availability Report,ELM TREE PARK,,,13661776.0,126.5,,318.0,0.0,,,,,,,107998.22924901186,True,False
Units Availability Report-2026-03-09-10-54-06.xlsx,Units Availability Report,ELM TREE PARK,,,14629280.0,125.1,,357.0,0.0,,,,,,,116940.68745003997,True,False
Units Availability Report-2026-03-09-10-54-06.xlsx,Units Availability Report,ELM TREE PARK,,,13108960.0,125.1,,237.0,0.0,,,,,,,104787.84972022382,True,False
Units Availability Report-2026-03-09-10-54-06.xlsx,Units Availability Report,ELM TREE PARK,,,14075963.0,126.5,,305.0,0.0,,,,,,,111272.43478260869,True,False
Units Availability Report-2026-03-09-10-54-06.xlsx,Units Availability Report,Zahw Assuit,,,8673002.09,222.55,,151.3,33.8,,,,,,,38971.027139968544,True,True
Units Availability Report-2026-03-09-10-54-06.xlsx,Units Availability Report,Zahw Assuit,,,8538418.35,222.55,,136.8,33.8,,,,,,,38366.29229386654,True,True
Units Availability Report-2026-03-09-10-54-06.xlsx,Units Availability Report,Zahw Assuit,,,8561622.44,222.55,,139.3,33.8,,,,,,,38470.55690855987,True,True
Units Availability Report-2026-03-09-10-54-06.xlsx,Units Availability Report,Zahw Assuit,,,8728691.92,222.55,,157.3,33.8,,,,,,,39221.262278139744,True,True
Units Availability Report-2026-03-09-10-54-06.xlsx,Units Availability Report,Zahw Assuit,,,8304459.6,222.55,,161.3,33.8,,,,,,,37315.02853291395,True,True
Units Availability Report-2026-03-09-10-54-06.xlsx,Units Availability Report,Zahw Assuit,,,7973685.94,222.55,,145.8,33.8,,,,,,,35828.739339474276,True,True
Units Availability Report-2026-03-09-10-54-06.xlsx,Units Availability Report,ORIGAMI,,,11126119.26,130.89,,0.0,0.0,,,,,,,85003.58514783406,False,False
Units Availability Report-2026-03-09-10-54-06.xlsx,Units Availability Report,ORIGAMI,,,11284734.31,128.91,,0.0,0.0,,,,,,,87539.6347063843,False,False
Units Availability Report-2026-03-09-10-54-06.xlsx,Units Availability Report,ORIGAMI,,,11248070.58,129.24,,0.0,0.0,,,,,,,87032.42479108635,False,False
Units Availability Report-2026-03-09-10-54-06.xlsx,Units Availability Report,ORIGAMI,,,11469862.44,130.27,,0.0,0.0,,,,,,,88046.84455361939,False,False
Units Availability Report-2026-03-09-10-54-06.xlsx,Units Availability Report,ORIGAMI,,,9862824.45,114.66,,0.0,0.0,,,,,,,86018.00497121926,False,False
Units Availability Report-2026-03-09-10-54-06.xlsx,Units Availability Report,ORIGAMI,,,10182793.7,117.0,,0.0,0.0,,,,,,,87032.42478632477,False,False
Units Availability Report-2026-03-09-10-54-06.xlsx,Units Availability Report,ORIGAMI,,,10004763.02,117.0,,0.0,0.0,,,,,,,85510.79504273504,False,False
Units Availability Report-2026-03-09-10-54-06.xlsx,Units Availability Report,ORIGAMI,,,10269921.26,114.66,,0.0,0.0,,,,,,,89568.47427175999,False,False
Units Availability Report-2026-03-09-10-54-06.xlsx,Units Availability Report,ORIGAMI,,,10153607.89,114.66,,0.0,0.0,,,,,,,88554.05450898308,False,False
Units Availability Report-2026-03-09-10-54-06.xlsx,Units Availability Report,ORIGAMI,,,10189029.51,115.06,,0.0,0.0,,,,,,,88554.05449330783,False,False
Units Availability Report-2026-03-09-10-54-06.xlsx,Units Availability Report,Sheya Residence,,,8108964.59,112.47,,0.0,0.0,,,,,,,72098.91162087668,False,False
Units Availability Report-2026-03-09-10-54-06.xlsx,Units Availability Report,Sheya Residence,,,8476663.41,113.15,,0.0,0.0,,,,,,,74915.27538665487,False,False
Units Availability Report-2026-03-09-10-54-06.xlsx,Units Availability Report,esse residence,,,8444169.14,113.61,,0.0,0.0,,,,,,,74325.93204823519,False,False
Units Availability Report-2026-03-09-10-54-06.xlsx,Units Availability Report,esse residence,,,7447772.83,113.61,,0.0,0.0,,,,,,,65555.60980547487,False,False
Units Availability Report-2026-03-09-10-54-06.xlsx,Units Availability Report,esse residence,,,7256229.52,112.88,,0.0,0.0,,,,,,,64282.685329553504,False,False
Units Availability Report-2026-03-09-10-54-06.xlsx,Units Availability Report,esse residence,,,8307657.18,112.88,,0.0,0.0,,,,,,,73597.2464564139,False,False
Units Availability Report-2026-03-09-10-54-06.xlsx,Units Availability Report,esse residence,,,7375464.36,113.61,,0.0,0.0,,,,,,,64919.14761024558,False,False
Units Availability Report-2026-03-09-10-54-06.xlsx,Units Availability Report,esse residence,,,8225403.15,112.88,,0.0,0.0,,,,,,,72868.56086109144,False,False
Units Availability Report-2026-03-09-10-54-06.xlsx,Units Availability Report,esse residence,,,7184385.66,112.88,,0.0,0.0,,,,,,,63646.223068745574,False,False
Units Availability Report-2026-03-09-10-54-06.xlsx,Units Availability Report,esse residence,,,7969116.93,113.61,,0.0,0.0,,,,,,,70144.502508582,False,False
Units Availability Report-2026-03-09-10-54-06.xlsx,Units Availability Report,esse residence,,,8526955.11,113.61,,0.0,0.0,,,,,,,75054.61763929231,False,False
Units Availability Report-2026-03-09-10-54-06.xlsx,Units Availability Report,esse residence,,,7891746.86,113.61,,0.0,0.0,,,,,,,69463.48789719216,False,False
Units Availability Report-2026-03-09-10-54-06.xlsx,Units Availability Report,esse residence,,,8379260.65,112.47,,0.0,0.0,,,,,,,74502.18413799236,False,False
Units Availability Report-2026-03-09-10-54-06.xlsx,Units Availability Report,esse residence,,,8459063.13,112.47,,0.0,0.0,,,,,,,75211.72872766072,False,False
Units Availability Report-2026-03-09-10-54-06.xlsx,Units Availability Report,esse residence,,,7687292.66,112.88,,0.0,0.0,,,,,,,68101.45871722183,False,False
Units Availability Report-2026-03-09-10-54-06.xlsx,Units Availability Report,esse residence,,,8607116.24,110.36,,0.0,0.0,,,,,,,77991.2671257702,False,False
Units Availability Report-2026-03-09-10-54-06.xlsx,Units Availability Report,The Butterfly,,,7896917.11,115.0,,0.0,0.0,,,,,,,68668.84443478262,False,False
Units Availability Report-2026-03-09-10-54-06.xlsx,Units Availability Report,The Butterfly,,,8747809.93,115.0,,0.0,0.0,,,,,,,76067.9124347826,False,False
Units Availability Report-2026-03-09-10-54-06.xlsx,Units Availability Report,The Butterfly,,,8647400.29,116.0,,0.0,0.0,,,,,,,74546.55422413793,False,False
Units Availability Report-2026-03-09-10-54-06.xlsx,Units Availability Report,The Butterfly,,,9636476.31,115.0,,81.9,0.0,,,,,,,83795.44617391305,True,False
Units Availability Report-2026-03-09-10-54-06.xlsx,Units Availability Report,The Butterfly,,,7738978.77,115.0,,0.0,0.0,,,,,,,67295.46756521739,False,False
Units Availability Report-2026-03-09-10-54-06.xlsx,Units Availability Report,The Butterfly,,,8045241.82,116.0,,0.0,0.0,,,,,,,69355.53293103448,False,False
Units Availability Report-2026-03-09-10-54-06.xlsx,Units Availability Report,The Butterfly,,,8835288.03,115.0,,0.0,0.0,,,,,,,76828.59156521739,False,False
Units Availability Report-2026-03-09-10-54-06.xlsx,Units Availability Report,The Butterfly,,,8204553.54,116.0,,0.0,0.0,,,,,,,70728.9098275862,False,False
Units Availability Report-2026-03-09-10-54-06.xlsx,Units Availability Report,The Butterfly,,,7885930.1,116.0,,0.0,0.0,,,,,,,67982.15603448276,False,False
Units Availability Report-2026-03-09-10-54-06.xlsx,Units Availability Report,The Butterfly,,,7817947.94,115.0,,0.0,0.0,,,,,,,67982.156,False,False
Units Availability Report-2026-03-09-10-54-06.xlsx,Units Availability Report,The Butterfly,,,7975886.28,115.0,,0.0,0.0,,,,,,,69355.53286956521,False,False
Units Availability Report-2026-03-09-10-54-06.xlsx,Units Availability Report,The Butterfly,,,8912116.62,116.0,,0.0,0.0,,,,,,,76828.59155172414,False,False
Units Availability Report-2026-03-09-10-54-06.xlsx,Units Availability Report,The Butterfly,,,8660331.83,115.0,,0.0,0.0,,,,,,,75307.23330434783,False,False
Units Availability Report-2026-03-09-10-54-06.xlsx,Units Availability Report,The Butterfly,,,8981454.77,115.0,,62.1,0.0,,,,,,,78099.60669565217,True,False
Units Availability Report-2026-03-09-10-54-06.xlsx,Units Availability Report,The Butterfly,,,8363865.25,116.0,,0.0,0.0,,,,,,,72102.28663793103,False,False
Units Availability Report-2026-03-09-10-54-06.xlsx,Units Availability Report,The Butterfly,,,8572853.73,115.0,,0.0,0.0,,,,,,,74546.55417391304,False,False
Units Availability Report-2026-03-09-10-54-06.xlsx,Units Availability Report,The Butterfly,,,8133824.63,115.0,,0.0,0.0,,,,,,,70728.90982608695,False,False
Units Availability Report-2026-03-09-10-54-06.xlsx,Units Availability Report,The Butterfly,,,9185200.43,115.0,,0.0,0.0,,,,,,,79871.30808695652,False,False
Units Availability Report-2026-03-09-10-54-06.xlsx,Units Availability Report,The Butterfly,,,8374680.6,115.0,,0.0,0.0,,,,,,,72823.3095652174,False,False
Units Availability Report-2026-03-09-10-54-06.xlsx,Units Availability Report,Club Views,,,10325657.0,137.7,,0.0,0.0,,,,,,,74986.6158315178,False,False
Units Availability Report-2026-03-09-10-54-06.xlsx,Units Availability Report,Club Views,,,10486905.0,151.7,,0.0,0.0,,,,,,,69129.23533289388,False,False
Units Availability Report-2026-03-09-10-54-06.xlsx,Units Availability Report,Club Views,,,10701667.0,152.2,,0.0,0.0,,,,,,,70313.18659658344,False,False
Units Availability Report-2026-03-09-10-54-06.xlsx,Units Availability Report,Club Views,,,10426435.0,160.5,,0.0,0.0,,,,,,,64962.21183800623,False,False
Units Availability Report-2026-03-09-10-54-06.xlsx,Units Availability Report,Club Views,,,11075525.0,152.2,,0.0,0.0,,,,,,,72769.54664914586,False,False
Units Availability Report-2026-03-09-10-54-06.xlsx,Units Availability Report,Club Views,,,10778383.0,160.5,,0.0,0.0,,,,,,,67155.03426791278,False,False
Units Availability Report-2026-03-09-10-54-06.xlsx,Units Availability Report,Club Views,,,10853259.0,151.7,,0.0,0.0,,,,,,,71544.22544495716,False,False
Units Availability Report-2026-03-09-10-54-06.xlsx,Units Availability Report,Club Views,,,9905915.0,137.7,,0.0,0.0,,,,,,,71938.38053740015,False,False
Units Availability Report-2026-03-09-10-54-06.xlsx,Units Availability Report,Club Views,,,10028961.0,151.7,,0.0,0.0,,,,,,,66110.48780487805,False,False
Units Availability Report-2026-03-09-10-54-06.xlsx,Units Availability Report,Club Views,,,10234346.0,152.2,,0.0,0.0,,,,,,,67242.74638633378,False,False
Units Availability Report-2026-03-09-10-54-06.xlsx,Units Availability Report,Club Views,,,9986501.0,160.5,,0.0,0.0,,,,,,,62221.19003115265,False,False
Units Availability Report-2026-03-09-10-54-06.xlsx,Units Availability Report,TALALA,,,9323008.0,100.4,,0.0,0.0,,,,,,,92858.64541832669,False,False
Units Availability Report-2026-03-09-10-54-06.xlsx,Units Availability Report,TALALA,,,10299704.0,100.4,,0.0,0.0,,,,,,,102586.69322709163,False,False
Units Availability Report-2026-03-09-10-54-06.xlsx,Units Availability Report,TALALA,,,10477285.0,100.4,,0.0,0.0,,,,,,,104355.42828685258,False,False
Units Availability Report-2026-03-09-10-54-06.xlsx,Units Availability Report,TALALA,,,12363382.0,100.4,,106.8,0.0,,,,,,,123141.25498007967,True,False
Units Availability Report-2026-03-09-10-54-06.xlsx,Units Availability Report,TALALA,,,11407058.0,100.4,,83.9,0.0,,,,,,,113616.1155378486,True,False
Units Availability Report-2026-03-09-10-54-06.xlsx,Units Availability Report,TALALA,,,12052285.0,100.4,,90.7,0.0,,,,,,,120042.67928286851,True,False
Units Availability Report-2026-03-09-10-54-06.xlsx,Units Availability Report,TALALA,,,12050353.0,100.4,,90.6,0.0,,,,,,,120023.43625498007,True,False
Units Availability Report-2026-03-09-10-54-06.xlsx,Units Availability Report,TALALA,,,9855751.0,100.4,,0.0,0.0,,,,,,,98164.85059760956,False,False
Units Availability Report-2026-03-09-10-54-06.xlsx,Units Availability Report,TALALA,,,11418152.0,100.4,,84.5,0.0,,,,,,,113726.61354581673,True,False
Units Availability Report-2026-03-09-10-54-06.xlsx,Units Availability Report,TALALA,,,9145427.0,100.4,,0.0,0.0,,,,,,,91089.91035856573,False,False
Units Availability Report-2026-03-09-10-54-06.xlsx,Units Availability Report,TALALA,,,10033332.0,100.4,,0.0,0.0,,,,,,,99933.58565737051,False,False
Units Availability Report-2026-03-09-10-54-06.xlsx,Units Availability Report,TALALA,,,11628938.0,100.4,,95.9,0.0,,,,,,,115826.07569721116,True,False
Units Availability Report-2026-03-09-10-54-06.xlsx,Units Availability Report,TALALA,,,9589379.0,100.4,,0.0,0.0,,,,,,,95511.74302788844,False,False
Units Availability Report-2026-03-09-10-54-06.xlsx,Units Availability Report,TALALA,,,9766960.0,100.4,,0.0,0.0,,,,,,,97280.47808764939,False,False
Units Availability Report-2026-03-09-10-54-06.xlsx,Units Availability Report,TALALA,,,11221093.0,100.4,,90.7,0.0,,,,,,,111763.87450199203,True,False
Units Availability Report-2026-03-09-10-54-06.xlsx,Units Availability Report,TALALA,,,10586644.0,100.4,,84.0,0.0,,,,,,,105444.66135458167,True,False
Units Availability Report-2026-03-09-10-54-06.xlsx,Units Availability Report,TALALA,,,11105955.0,100.4,,84.3,0.0,,,,,,,110617.08167330676,True,False
Units Availability Report-2026-03-09-10-54-06.xlsx,Units Availability Report,TALALA,,,12174019.0,100.4,,97.0,0.0,,,,,,,121255.16932270916,True,False
Units Availability Report-2026-03-09-10-54-06.xlsx,Units Availability Report,TALALA,,,11656672.0,100.4,,97.4,0.0,,,,,,,116102.3107569721,True,False
Units Availability Report-2026-03-09-10-54-06.xlsx,Units Availability Report,TALALA,,,11660370.0,100.4,,97.6,0.0,,,,,,,116139.14342629482,True,False
Units Availability Report-2026-03-09-10-54-06.xlsx,Units Availability Report,TALALA,,,11436642.0,100.4,,85.5,0.0,,,,,,,113910.77689243027,True,False
Units Availability Report-2026-03-09-10-54-06.xlsx,Units Availability Report,TALALA,,,11667766.0,100.4,,98.0,0.0,,,,,,,116212.80876494023,True,False
Units Availability Report-2026-03-09-10-54-06.xlsx,Units Availability Report,TALALA,,,8967846.0,100.4,,0.0,0.0,,,,,,,89321.17529880478,False,False
Units Availability Report-2026-03-09-10-54-06.xlsx,Units Availability Report,TALALA,,,9820412.0,113.7,,0.0,0.0,,,,,,,86371.25769569041,False,False
Units Availability Report-2026-03-09-10-54-06.xlsx,Units Availability Report,TALALA,,,10549632.0,114.0,,0.0,0.0,,,,,,,92540.63157894737,False,False
Units Availability Report-2026-03-09-10-54-06.xlsx,Units Availability Report,TALALA,,,11139248.0,114.9,,0.0,0.0,,,,,,,96947.32811140122,False,False
Units Availability Report-2026-03-09-10-54-06.xlsx,Units Availability Report,TALALA,,,10818000.0,116.9,,0.0,0.0,,,,,,,92540.63301967493,False,False
Units Availability Report-2026-03-09-10-54-06.xlsx,Units Availability Report,TALALA,,,10020829.0,113.7,,0.0,0.0,,,,,,,88133.94019349164,False,False
Units Availability Report-2026-03-09-10-54-06.xlsx,Units Availability Report,TALALA,,,10642173.0,115.0,,0.0,0.0,,,,,,,92540.6347826087,False,False
Units Availability Report-2026-03-09-10-54-06.xlsx,Units Availability Report,TALALA,,,10135403.0,115.0,,0.0,0.0,,,,,,,88133.93913043478,False,False
Units Availability Report-2026-03-09-10-54-06.xlsx,Units Availability Report,TALALA,,,10439465.0,115.0,,0.0,0.0,,,,,,,90777.95652173914,False,False
Units Availability Report-2026-03-09-10-54-06.xlsx,Units Availability Report,TALALA,,,10936716.0,114.9,,0.0,0.0,,,,,,,95184.64751958224,False,False
Units Availability Report-2026-03-09-10-54-06.xlsx,Units Availability Report,TALALA,,,10611943.0,116.9,,0.0,0.0,,,,,,,90777.95551753635,False,False
Units Availability Report-2026-03-09-10-54-06.xlsx,Units Availability Report,TALALA,,,9967243.0,115.4,,0.0,0.0,,,,,,,86371.25649913345,False,False
Units Availability Report-2026-03-09-10-54-06.xlsx,Units Availability Report,TALALA,,,11127912.0,115.4,,71.1,0.0,,,,,,,96429.04679376083,True,False
Units Availability Report-2026-03-09-10-54-06.xlsx,Units Availability Report,TALALA,,,10348687.0,114.0,,0.0,0.0,,,,,,,90777.95614035087,False,False
Units Availability Report-2026-03-09-10-54-06.xlsx,Units Availability Report,TALALA,,,10784421.0,113.3,,0.0,0.0,,,,,,,95184.65136804942,False,False
Units Availability Report-2026-03-09-10-54-06.xlsx,Units Availability Report,TALALA,,,10457620.0,115.2,,0.0,0.0,,,,,,,90777.95138888889,False,False
Units Availability Report-2026-03-09-10-54-06.xlsx,Units Availability Report,TALALA,,,11693947.0,115.4,,71.0,0.0,,,,,,,101334.0294627383,True,False
Units Availability Report-2026-03-09-10-54-06.xlsx,Units Availability Report,TALALA,,,10863741.0,115.2,,0.0,0.0,,,,,,,94303.30729166667,False,False
Units Availability Report-2026-03-09-10-54-06.xlsx,Units Availability Report,TALALA,,,10221245.0,113.7,,0.0,0.0,,,,,,,89896.61389621811,False,False
Units Availability Report-2026-03-09-10-54-06.xlsx,Units Availability Report,TALALA,,,11230114.0,116.9,,0.0,0.0,,,,,,,96065.98802395209,False,False
Units Availability Report-2026-03-09-10-54-06.xlsx,Units Availability Report,TALALA,,,10421662.0,113.7,,0.0,0.0,,,,,,,91659.29639401934,False,False
Units Availability Report-2026-03-09-10-54-06.xlsx,Units Availability Report,TALALA,,,12039415.0,100.4,,118.1,0.0,,,,,,,119914.4920318725,True,False
Units Availability Report-2026-03-09-10-54-06.xlsx,Units Availability Report,TALALA,,,11881931.0,131.1,,0.0,0.0,,,,,,,90632.57818459191,False,False
Units Availability Report-2026-03-09-10-54-06.xlsx,Units Availability Report,TALALA,,,11836615.0,130.6,,0.0,0.0,,,,,,,90632.58039816233,False,False
Units Availability Report-2026-03-09-10-54-06.xlsx,Units Availability Report,TALALA,,,11708952.0,131.7,,0.0,0.0,,,,,,,88906.24145785878,False,False
Units Availability Report-2026-03-09-10-54-06.xlsx,Units Availability Report,TALALA,,,11793802.0,128.9,,0.0,0.0,,,,,,,91495.74864235842,False,False
Units Availability Report-2026-03-09-10-54-06.xlsx,Units Availability Report,TALALA,,,12016326.0,128.9,,0.0,0.0,,,,,,,93222.07913110938,False,False
Units Availability Report-2026-03-09-10-54-06.xlsx,Units Availability Report,TALALA,,,12081582.0,129.6,,0.0,0.0,,,,,,,93222.08333333334,False,False
Units Availability Report-2026-03-09-10-54-06.xlsx,Units Availability Report,TALALA,,,12221415.0,131.1,,0.0,0.0,,,,,,,93222.08237986271,False,False
Units Availability Report-2026-03-09-10-54-06.xlsx,Units Availability Report,TALALA,,,12174804.0,130.6,,0.0,0.0,,,,,,,93222.08269525268,False,False
Units Availability Report-2026-03-09-10-54-06.xlsx,Units Availability Report,TALALA,,,12049990.0,131.7,,0.0,0.0,,,,,,,91495.74791192105,False,False
Units Availability Report-2026-03-09-10-54-06.xlsx,Units Availability Report,TALALA,,,11460015.0,128.9,,0.0,0.0,,,,,,,88906.24515128006,False,False
Units Availability Report-2026-03-09-10-54-06.xlsx,Units Availability Report,TALALA,,,11682539.0,128.9,,0.0,0.0,,,,,,,90632.57564003103,False,False
Units Availability Report-2026-03-09-10-54-06.xlsx,Units Availability Report,TALALA,,,11745982.0,129.6,,0.0,0.0,,,,,,,90632.57716049383,False,False
Units Availability Report-2026-03-09-10-54-06.xlsx,Units Availability Report,TALALA,,,10750578.0,114.0,,0.0,0.0,,,,,,,94303.31578947368,False,False
Units Availability Report-2026-03-09-10-54-06.xlsx,Units Availability Report,TALALA,,,11183844.0,113.3,,0.0,0.0,,,,,,,98710.00882612534,False,False
Units Availability Report-2026-03-09-10-54-06.xlsx,Units Availability Report,TALALA,,,10951523.0,114.0,,0.0,0.0,,,,,,,96065.99122807017,False,False
Units Availability Report-2026-03-09-10-54-06.xlsx,Units Availability Report,TALALA,,,11544312.0,114.9,,0.0,0.0,,,,,,,100472.68929503916,False,False
Units Availability Report-2026-03-09-10-54-06.xlsx,Units Availability Report,TALALA,,,10844881.0,115.0,,0.0,0.0,,,,,,,94303.31304347827,False,False
Units Availability Report-2026-03-09-10-54-06.xlsx,Units Availability Report,TALALA,,,11341780.0,114.9,,0.0,0.0,,,,,,,98710.00870322018,False,False
Units Availability Report-2026-03-09-10-54-06.xlsx,Units Availability Report,TALALA,,,12718438.0,115.4,,103.0,0.0,,,,,,,110211.76776429809,True,False
Units Availability Report-2026-03-09-10-54-06.xlsx,Units Availability Report,TALALA,,,10540819.0,115.0,,0.0,0.0,,,,,,,91659.29565217391,False,False
Units Availability Report-2026-03-09-10-54-06.xlsx,Units Availability Report,TALALA,,,11024057.0,116.9,,0.0,0.0,,,,,,,94303.31052181352,False,False
Units Availability Report-2026-03-09-10-54-06.xlsx,Units Availability Report,TALALA,,,10374069.0,115.4,,0.0,0.0,,,,,,,89896.61178509532,False,False
Units Availability Report-2026-03-09-10-54-06.xlsx,Units Availability Report,TALALA,,,11617794.0,115.4,,73.2,0.0,,,,,,,100674.12478336222,True,False
Units Availability Report-2026-03-09-10-54-06.xlsx,Units Availability Report,ELM TREE PARK,,,8253433.0,101.3,,0.0,0.0,,,,,,,81475.15301085883,False,False
Units Availability Report-2026-03-09-10-54-06.xlsx,Units Availability Report,ELM TREE PARK,,,8129321.0,101.3,,0.0,0.0,,,,,,,80249.96051332676,False,False
Units Availability Report-2026-03-09-10-54-06.xlsx,Units Availability Report,ELM TREE PARK,,,9112845.0,102.0,,66.0,0.0,,,,,,,89341.61764705883,True,False
Units Availability Report-2026-03-09-10-54-06.xlsx,Units Availability Report,ELM TREE PARK,,,8067265.0,101.3,,0.0,0.0,,,,,,,79637.36426456072,False,False
Units Availability Report-2026-03-09-10-54-06.xlsx,Units Availability Report,ELM TREE PARK,,,7943153.0,101.3,,0.0,0.0,,,,,,,78412.17176702863,False,False
Units Availability Report-2026-03-09-10-54-06.xlsx,Units Availability Report,ELM TREE PARK,,,9371989.0,102.0,,72.0,0.0,,,,,,,91882.24509803922,True,False
Units Availability Report-2026-03-09-10-54-06.xlsx,Units Availability Report,ELM TREE PARK,,,9513526.0,102.0,,68.0,0.0,,,,,,,93269.86274509804,True,False
Units Availability Report-2026-03-09-10-54-06.xlsx,Units Availability Report,ELM TREE PARK,,,7632874.0,101.3,,0.0,0.0,,,,,,,75349.20039486674,False,False
Units Availability Report-2026-03-09-10-54-06.xlsx,Units Availability Report,ELM TREE PARK,,,7756986.0,101.3,,0.0,0.0,,,,,,,76574.39289239881,False,False
Units Availability Report-2026-03-09-10-54-06.xlsx,Units Availability Report,ELM TREE PARK,,,9263121.0,102.0,,74.0,0.0,,,,,,,90814.91176470589,True,False
Units Availability Report-2026-03-09-10-54-06.xlsx,Units Availability Report,ELM TREE PARK,,,9474466.0,102.0,,66.0,0.0,,,,,,,92886.92156862745,True,False
Units Availability Report-2026-03-09-10-54-06.xlsx,Units Availability Report,ELM TREE PARK,,,7819041.0,101.3,,0.0,0.0,,,,,,,77186.97926949654,False,False
Units Availability Report-2026-03-09-10-54-06.xlsx,Units Availability Report,ELM TREE PARK,,,9150414.0,102.0,,68.0,0.0,,,,,,,89709.94117647059,True,False
Units Availability Report-2026-03-09-10-54-06.xlsx,Units Availability Report,ELM TREE PARK,,,8222405.0,101.3,,0.0,0.0,,,,,,,81168.85488647582,False,False
Units Availability Report-2026-03-09-10-54-06.xlsx,Units Availability Report,ELM TREE PARK,,,9533056.0,102.0,,69.0,0.0,,,,,,,93461.33333333333,True,False
Units Availability Report-2026-03-09-10-54-06.xlsx,Units Availability Report,ELM TREE PARK,,,8859199.0,102.0,,64.0,0.0,,,,,,,86854.89215686274,True,False
Units Availability Report-2026-03-09-10-54-06.xlsx,Units Availability Report,ELM TREE PARK,,,7725958.0,101.3,,0.0,0.0,,,,,,,76268.0947680158,False,False
Units Availability Report-2026-03-09-10-54-06.xlsx,Units Availability Report,ELM TREE PARK,,,8098293.0,101.3,,0.0,0.0,,,,,,,79943.66238894373,False,False
Units Availability Report-2026-03-09-10-54-06.xlsx,Units Availability Report,ELM TREE PARK,,,9555036.0,102.0,,72.0,0.0,,,,,,,93676.82352941176,True,False
Units Availability Report-2026-03-09-10-54-06.xlsx,Units Availability Report,ELM TREE PARK,,,8439600.0,101.3,,0.0,0.0,,,,,,,83312.93188548865,False,False
Units Availability Report-2026-03-09-10-54-06.xlsx,Units Availability Report,ELM TREE PARK,,,9295659.0,102.0,,68.0,0.0,,,,,,,91133.91176470589,True,False
Units Availability Report-2026-03-09-10-54-06.xlsx,Units Availability Report,ELM TREE PARK,,,9169199.0,102.0,,69.0,0.0,,,,,,,89894.10784313726,True,False
Units Availability Report-2026-03-09-10-54-06.xlsx,Units Availability Report,ELM TREE PARK,,,9314742.0,102.0,,69.0,0.0,,,,,,,91321.0,True,False
Units Availability Report-2026-03-09-10-54-06.xlsx,Units Availability Report,ELM TREE PARK,,,7508762.0,101.3,,0.0,0.0,,,,,,,74124.00789733465,False,False
Units Availability Report-2026-03-09-10-54-06.xlsx,Units Availability Report,ELM TREE PARK,,,9493996.0,102.0,,67.0,0.0,,,,,,,93078.39215686274,True,False
Units Availability Report-2026-03-09-10-54-06.xlsx,Units Availability Report,ELM TREE PARK,,,8969287.0,102.0,,72.0,0.0,,,,,,,87934.1862745098,True,False
Units Availability Report-2026-03-09-10-54-06.xlsx,Units Availability Report,ELM TREE PARK,,,9042337.0,102.0,,76.0,0.0,,,,,,,88650.36274509804,True,False
Units Availability Report-2026-03-09-10-54-06.xlsx,Units Availability Report,ELM TREE PARK,,,7912125.0,101.3,,0.0,0.0,,,,,,,78105.87364264562,False,False
Units Availability Report-2026-03-09-10-54-06.xlsx,Units Availability Report,ELM TREE PARK,,,9297364.0,102.0,,70.0,0.0,,,,,,,91150.62745098039,True,False
Units Availability Report-2026-03-09-10-54-06.xlsx,Units Availability Report,ELM TREE PARK,,,8036237.0,101.3,,0.0,0.0,,,,,,,79331.06614017769,False,False
Units Availability Report-2026-03-09-10-54-06.xlsx,Units Availability Report,ELM TREE PARK,,,9164307.0,102.0,,63.0,0.0,,,,,,,89846.14705882352,True,False
Units Availability Report-2026-03-09-10-54-06.xlsx,Units Availability Report,ORIGAMI,,,10869197.74,115.13,,0.0,17.91,,,,,,,94408.04082341702,False,True
Units Availability Report-2026-03-09-10-54-06.xlsx,Units Availability Report,ORIGAMI,,,9575728.45,115.13,,0.0,17.91,,,,,,,83173.18205506819,False,True
Units Availability Report-2026-03-09-10-54-06.xlsx,Units Availability Report,ORIGAMI,,,9561724.79,115.13,,0.0,16.81,,,,,,,83051.5485972379,False,True
Units Availability Report-2026-03-09-10-54-06.xlsx,Units Availability Report,ORIGAMI,,,5052232.26,58.05,,0.0,0.0,,,,,,,87032.42480620155,False,False
Units Availability Report-2026-03-09-10-54-06.xlsx,Units Availability Report,Sarai S2,,,5053864.832,69.53,,0.0,0.0,,,,,,,72686.10430030203,False,False
Units Availability Report-2026-03-09-10-54-06.xlsx,Units Availability Report,esse residence,,,5059098.25,81.11,,0.0,0.0,,,,,,,62373.298606830234,False,False
Units Availability Report-2026-03-09-10-54-06.xlsx,Units Availability Report,esse residence,,,5110721.71,81.11,,0.0,0.0,,,,,,,63009.76094193071,False,False
Units Availability Report-2026-03-09-10-54-06.xlsx,Units Availability Report,esse residence,,,5522420.48,65.42,,31.4,0.0,,,,,,,84414.8651788444,True,False
Units Availability Report-2026-03-09-10-54-06.xlsx,Units Availability Report,esse residence,,,5851265.28,81.11,,0.0,0.0,,,,,,,72139.87523116755,False,False
Units Availability Report-2026-03-09-10-54-06.xlsx,Units Availability Report,esse residence,,,5701387.81,65.42,,31.4,0.0,,,,,,,87150.53210027513,True,False
Units Availability Report-2026-03-09-10-54-06.xlsx,Units Availability Report,esse residence,,,5191159.53,79.41,,0.0,0.0,,,,,,,65371.60974688327,False,False
Units Availability Report-2026-03-09-10-54-06.xlsx,Units Availability Report,esse residence,,,5610086.11,79.41,,0.0,0.0,,,,,,,70647.09872811989,False,False
Units Availability Report-2026-03-09-10-54-06.xlsx,Units Availability Report,esse residence,,,6094579.8,69.23,,140.4,0.0,,,,,,,88033.79748663874,True,False
Units Availability Report-2026-03-09-10-54-06.xlsx,Units Availability Report,esse residence,,,5792161.59,81.11,,0.0,0.0,,,,,,,71411.18961903588,False,False
Units Availability Report-2026-03-09-10-54-06.xlsx,Units Availability Report,The Butterfly,,,6260846.81,72.0,,68.8,0.0,,,,,,,86956.20569444443,True,False
Units Availability Report-2026-03-09-10-54-06.xlsx,Units Availability Report,The Butterfly,,,6197890.88,74.0,,49.6,0.0,,,,,,,83755.28216216216,True,False
Units Availability Report-2026-03-09-10-54-06.xlsx,Units Availability Report,The Butterfly,,,6299944.51,82.0,,0.0,0.0,,,,,,,76828.59158536585,False,False
Units Availability Report-2026-03-09-10-54-06.xlsx,Units Availability Report,The Butterfly,,,6689771.09,72.0,,100.6,0.0,,,,,,,92913.48736111111,True,False
Units Availability Report-2026-03-09-10-54-06.xlsx,Units Availability Report,The Butterfly,,,6665407.09,72.0,,124.1,0.0,,,,,,,92575.09847222222,True,False
Units Availability Report-2026-03-09-10-54-06.xlsx,Units Availability Report,The Butterfly,,,6211400.57,74.0,,54.6,0.0,,,,,,,83937.84554054054,True,False
Units Availability Report-2026-03-09-10-54-06.xlsx,Units Availability Report,The Butterfly,,,6103015.76,72.0,,51.9,0.0,,,,,,,84764.10777777777,True,False
Units Availability Report-2026-03-09-10-54-06.xlsx,Units Availability Report,The Butterfly,,,5574536.79,82.0,,0.0,0.0,,,,,,,67982.15597560976,False,False
Units Availability Report-2026-03-09-10-54-06.xlsx,Units Availability Report,The Butterfly,,,5813786.28,72.0,,51.4,0.0,,,,,,,80747.03166666668,True,False
Units Availability Report-2026-03-09-10-54-06.xlsx,Units Availability Report,The Butterfly,,,5979198.68,74.0,,54.6,0.0,,,,,,,80799.98216216215,True,False
Units Availability Report-2026-03-09-10-54-06.xlsx,Units Availability Report,The Butterfly,,,5687153.7,82.0,,0.0,0.0,,,,,,,69355.53292682927,False,False
Units Availability Report-2026-03-09-10-54-06.xlsx,Units Availability Report,The Butterfly,,,6731433.27,72.0,,99.8,0.0,,,,,,,93492.12874999999,True,False
Units Availability Report-2026-03-09-10-54-06.xlsx,Units Availability Report,The Butterfly,,,6175193.13,82.0,,0.0,0.0,,,,,,,75307.23329268293,False,False
Units Availability Report-2026-03-09-10-54-06.xlsx,Units Availability Report,The Butterfly,,,5870003.17,74.0,,46.6,0.0,,,,,,,79324.36716216216,True,False
Units Availability Report-2026-03-09-10-54-06.xlsx,Units Availability Report,The Butterfly,,,6558410.84,72.0,,120.1,0.0,,,,,,,91089.03944444444,True,False
Units Availability Report-2026-03-09-10-54-06.xlsx,Units Availability Report,The Butterfly,,,6482358.19,74.0,,53.3,0.0,,,,,,,87599.43500000001,True,False
Units Availability Report-2026-03-09-10-54-06.xlsx,Units Availability Report,The Butterfly,,,6237568.82,82.0,,0.0,0.0,,,,,,,76067.9124390244,False,False
Units Availability Report-2026-03-09-10-54-06.xlsx,Units Availability Report,The Butterfly,,,6434863.45,74.0,,50.1,0.0,,,,,,,86957.61418918919,True,False
Units Availability Report-2026-03-09-10-54-06.xlsx,Units Availability Report,TALALA,,,4168734.0,48.1,,0.0,0.0,,,,,,,86668.06652806653,False,False
Units Availability Report-2026-03-09-10-54-06.xlsx,Units Availability Report,TALALA,,,4253810.0,48.1,,0.0,0.0,,,,,,,88436.79833679834,False,False
Units Availability Report-2026-03-09-10-54-06.xlsx,Units Availability Report,TALALA,,,4200748.0,47.5,,0.0,0.0,,,,,,,88436.8,False,False
Units Availability Report-2026-03-09-10-54-06.xlsx,Units Availability Report,TALALA,,,4326771.0,47.5,,0.0,0.0,,,,,,,91089.91578947369,False,False
Units Availability Report-2026-03-09-10-54-06.xlsx,Units Availability Report,TALALA,,,4381425.0,48.1,,0.0,0.0,,,,,,,91089.91683991684,False,False
Units Availability Report-2026-03-09-10-54-06.xlsx,Units Availability Report,TALALA,,,4410786.0,47.5,,0.0,0.0,,,,,,,92858.65263157895,False,False
Units Availability Report-2026-03-09-10-54-06.xlsx,Units Availability Report,TALALA,,,4466501.0,48.1,,0.0,0.0,,,,,,,92858.64864864864,False,False
Units Availability Report-2026-03-09-10-54-06.xlsx,Units Availability Report,TALALA,,,4551577.0,48.1,,0.0,0.0,,,,,,,94627.38045738045,False,False
Units Availability Report-2026-03-09-10-54-06.xlsx,Units Availability Report,TALALA,,,4509039.0,48.1,,0.0,0.0,,,,,,,93743.01455301455,False,False
Units Availability Report-2026-03-09-10-54-06.xlsx,Units Availability Report,TALALA,,,4452793.0,47.5,,0.0,0.0,,,,,,,93743.01052631579,False,False
Units Availability Report-2026-03-09-10-54-06.xlsx,Units Availability Report,TALALA,,,7544265.0,85.6,,0.0,0.0,,,,,,,88133.93691588785,False,False
Units Availability Report-2026-03-09-10-54-06.xlsx,Units Availability Report,TALALA,,,7588332.0,86.1,,0.0,0.0,,,,,,,88133.93728222998,False,False
Units Availability Report-2026-03-09-10-54-06.xlsx,Units Availability Report,TALALA,,,7436565.0,86.1,,0.0,0.0,,,,,,,86371.2543554007,False,False
Units Availability Report-2026-03-09-10-54-06.xlsx,Units Availability Report,TALALA,,,8144404.0,76.7,,46.9,0.0,,,,,,,106185.18904823989,True,False
Units Availability Report-2026-03-09-10-54-06.xlsx,Units Availability Report,TALALA,,,7367468.0,85.3,,0.0,0.0,,,,,,,86371.25439624854,False,False
Units Availability Report-2026-03-09-10-54-06.xlsx,Units Availability Report,TALALA,,,8669555.0,72.2,,99.9,0.0,,,,,,,120076.93905817175,True,False
Units Availability Report-2026-03-09-10-54-06.xlsx,Units Availability Report,TALALA,,,5166057.0,57.0,,0.0,0.0,,,,,,,90632.57894736843,False,False
Units Availability Report-2026-03-09-10-54-06.xlsx,Units Availability Report,TALALA,,,5067656.0,57.0,,0.0,0.0,,,,,,,88906.24561403508,False,False
Units Availability Report-2026-03-09-10-54-06.xlsx,Units Availability Report,TALALA,,,7506540.0,69.6,,41.7,0.0,,,,,,,107852.58620689657,True,False
Units Availability Report-2026-03-09-10-54-06.xlsx,Units Availability Report,TALALA,,,4937318.0,57.2,,0.0,0.0,,,,,,,86316.74825174824,False,False
Units Availability Report-2026-03-09-10-54-06.xlsx,Units Availability Report,TALALA,,,5036064.0,57.2,,0.0,0.0,,,,,,,88043.07692307692,False,False
Units Availability Report-2026-03-09-10-54-06.xlsx,Units Availability Report,TALALA,,,5088890.0,57.8,,0.0,0.0,,,,,,,88043.07958477509,False,False
Units Availability Report-2026-03-09-10-54-06.xlsx,Units Availability Report,TALALA,,,5018456.0,57.0,,0.0,0.0,,,,,,,88043.08771929824,False,False
Units Availability Report-2026-03-09-10-54-06.xlsx,Units Availability Report,TALALA,,,4920055.0,57.0,,0.0,0.0,,,,,,,86316.75438596492,False,False
Units Availability Report-2026-03-09-10-54-06.xlsx,Units Availability Report,TALALA,,,7441366.0,69.6,,41.8,0.0,,,,,,,106916.17816091955,True,False
Units Availability Report-2026-03-09-10-54-06.xlsx,Units Availability Report,TALALA,,,5085437.0,57.2,,0.0,0.0,,,,,,,88906.24125874125,False,False
Units Availability Report-2026-03-09-10-54-06.xlsx,Units Availability Report,TALALA,,,5184184.0,57.2,,0.0,0.0,,,,,,,90632.58741258741,False,False
Units Availability Report-2026-03-09-10-54-06.xlsx,Units Availability Report,TALALA,,,7891865.0,86.1,,0.0,0.0,,,,,,,91659.29152148665,False,False
Units Availability Report-2026-03-09-10-54-06.xlsx,Units Availability Report,TALALA,,,9309677.0,72.2,,117.0,0.0,,,,,,,128942.8947368421,True,False
Units Availability Report-2026-03-09-10-54-06.xlsx,Units Availability Report,TALALA,,,7788034.0,72.2,,50.9,0.0,,,,,,,107867.50692520775,True,False
Units Availability Report-2026-03-09-10-54-06.xlsx,Units Availability Report,TALALA,,,8471646.0,72.2,,93.3,0.0,,,,,,,117335.81717451524,True,False
Units Availability Report-2026-03-09-10-54-06.xlsx,Units Availability Report,ELM TREE PARK,,,4184637.0,49.5,,0.0,0.0,,,,,,,84538.12121212122,False,False
Units Availability Report-2026-03-09-10-54-06.xlsx,Units Availability Report,ELM TREE PARK,,,4226906.0,50.0,,0.0,0.0,,,,,,,84538.12,False,False
Units Availability Report-2026-03-09-10-54-06.xlsx,Units Availability Report,ELM TREE PARK,,,4288166.0,50.0,,0.0,0.0,,,,,,,85763.32,False,False
Units Availability Report-2026-03-09-10-54-06.xlsx,Units Availability Report,ELM TREE PARK,,,4245284.0,49.5,,0.0,0.0,,,,,,,85763.31313131313,False,False
Units Availability Report-2026-03-09-10-54-06.xlsx,Units Availability Report,ELM TREE PARK,,,4033020.0,49.5,,0.0,0.0,,,,,,,81475.15151515152,False,False
Units Availability Report-2026-03-09-10-54-06.xlsx,Units Availability Report,ELM TREE PARK,,,4093667.0,49.5,,0.0,0.0,,,,,,,82700.34343434343,False,False
Units Availability Report-2026-03-09-10-54-06.xlsx,Units Availability Report,ELM TREE PARK,,,4135017.0,50.0,,0.0,0.0,,,,,,,82700.34,False,False
Units Availability Report-2026-03-09-10-54-06.xlsx,Units Availability Report,ELM TREE PARK,,,4123990.0,49.5,,0.0,0.0,,,,,,,83312.92929292929,False,False
Units Availability Report-2026-03-09-10-54-06.xlsx,Units Availability Report,ELM TREE PARK,,,4336255.0,49.5,,0.0,0.0,,,,,,,87601.11111111111,False,False
Units Availability Report-2026-03-09-10-54-06.xlsx,Units Availability Report,ELM TREE PARK,,,4165647.0,50.0,,0.0,0.0,,,,,,,83312.94,False,False
Units Availability Report-2026-03-09-10-54-06.xlsx,Units Availability Report,ELM TREE PARK,,,4275608.0,49.5,,0.0,0.0,,,,,,,86375.9191919192,False,False
Units Availability Report-2026-03-09-10-54-06.xlsx,Units Availability Report,ELM TREE PARK,,,4380055.0,50.0,,0.0,0.0,,,,,,,87601.1,False,False
Units Availability Report-2026-03-09-10-54-06.xlsx,Units Availability Report,ELM TREE PARK,,,4073758.0,50.0,,0.0,0.0,,,,,,,81475.16,False,False
Units Availability Report-2026-03-09-10-54-06.xlsx,Units Availability Report,ELM TREE PARK,,,4318796.0,50.0,,0.0,0.0,,,,,,,86375.92,False,False
Units Availability Report-2026-03-09-10-54-06.xlsx,Units Availability Report,ELM TREE PARK,,,4487872.0,49.5,,0.0,0.0,,,,,,,90664.0808080808,False,False
Units Availability Report-2026-03-09-10-54-06.xlsx,Units Availability Report,ELM TREE PARK,,,4211592.0,50.0,,0.0,0.0,,,,,,,84231.84,False,False
Units Availability Report-2026-03-09-10-54-06.xlsx,Units Availability Report,ELM TREE PARK,,,4169476.0,49.5,,0.0,0.0,,,,,,,84231.83838383839,False,False
Units Availability Report-2026-03-09-10-54-06.xlsx,Units Availability Report,ELM TREE PARK,,,3855014.0,38.3,,30.0,0.0,,,,,,,100653.10704960836,True,False
Units Availability Report-2026-03-09-10-54-06.xlsx,Units Availability Report,ELM TREE PARK,,,3862663.0,38.8,,29.0,0.0,,,,,,,99553.1701030928,True,False
Units Availability Report-2026-03-09-10-54-06.xlsx,Units Availability Report,ELM TREE PARK,,,4321093.0,49.5,,0.0,0.0,,,,,,,87294.80808080808,False,False
Units Availability Report-2026-03-09-10-54-06.xlsx,Units Availability Report,ELM TREE PARK,,,4303481.0,50.0,,0.0,0.0,,,,,,,86069.62,False,False
Units Availability Report-2026-03-09-10-54-06.xlsx,Units Availability Report,ELM TREE PARK,,,4260446.0,49.5,,0.0,0.0,,,,,,,86069.61616161616,False,False
Units Availability Report-2026-03-09-10-54-06.xlsx,Units Availability Report,ELM TREE PARK,,,4119702.0,50.0,,0.0,0.0,,,,,,,82394.04,False,False
Units Availability Report-2026-03-09-10-54-06.xlsx,Units Availability Report,ELM TREE PARK,,,4078505.0,49.5,,0.0,0.0,,,,,,,82394.04040404041,False,False
Units Availability Report-2026-03-09-10-54-06.xlsx,Units Availability Report,ELM TREE PARK,,,4058443.0,50.0,,0.0,0.0,,,,,,,81168.86,False,False
Units Availability Report-2026-03-09-10-54-06.xlsx,Units Availability Report,ELM TREE PARK,,,4017858.0,49.5,,0.0,0.0,,,,,,,81168.84848484848,False,False
